timestamp,T2M,RH2M,WS10M,WD10M,PRECTOTCORR,PS,T2MDEW
2019-06-25 00:00:00,32.21,59.94,3.12,93.7,0.0,97.89,23.47
2019-06-25 01:00:00,31.79,61.73,2.74,96.1,0.0,97.88,23.57
2019-06-25 02:00:00,31.42,63.44,2.2,96.3,0.0,97.87,23.66
2019-06-25 03:00:00,31.1,64.94,1.57,92.9,0.0,97.87,23.75
2019-06-25 04:00:00,30.81,66.31,0.95,85.2,0.01,97.89,23.82
2019-06-25 05:00:00,31.14,64.93,0.98,91.2,0.01,97.93,23.79
2019-06-25 06:00:00,32.84,56.38,0.92,208.0,0.09,97.96,23.04
2019-06-25 07:00:00,34.24,49.9,1.49,250.0,0.12,98.0,22.32
2019-06-25 08:00:00,35.78,44.28,1.66,266.6,0.0,98.0,21.75
2019-06-25 09:00:00,37.36,39.69,1.7,279.5,0.0,97.98,21.39
2019-06-25 10:00:00,38.79,36.15,1.82,287.9,0.0,97.92,21.11
2019-06-25 11:00:00,40.07,33.17,1.94,292.7,0.0,97.84,20.82
2019-06-25 12:00:00,40.98,31.08,2.09,294.4,0.0,97.74,20.55
2019-06-25 13:00:00,41.47,29.74,2.27,294.0,0.0,97.66,20.26
2019-06-25 14:00:00,41.6,29.06,2.43,292.0,0.0,97.6,19.99
2019-06-25 15:00:00,41.12,29.43,2.64,291.1,0.0,97.55,19.79
2019-06-25 16:00:00,40.46,30.35,2.81,291.3,0.0,97.51,19.72
2019-06-25 17:00:00,39.56,31.8,2.9,292.8,0.0,97.51,19.71
2019-06-25 18:00:00,38.14,35.21,2.22,295.3,0.0,97.55,20.12
2019-06-25 19:00:00,36.9,38.82,1.81,300.1,0.0,97.61,20.62
2019-06-25 20:00:00,36.29,39.78,2.0,301.9,0.0,97.67,20.47
2019-06-25 21:00:00,35.69,40.97,2.08,303.2,0.0,97.73,20.41
2019-06-25 22:00:00,35.15,42.14,2.05,304.9,0.0,97.75,20.39
2019-06-25 23:00:00,34.7,43.2,1.94,306.0,0.0,97.75,20.38
2019-06-26 00:00:00,34.25,44.25,1.77,306.3,0.0,97.72,20.36
2019-06-26 01:00:00,33.82,45.2,1.62,305.9,0.0,97.7,20.32
2019-06-26 02:00:00,33.43,46.21,1.65,305.9,0.0,97.67,20.33
2019-06-26 03:00:00,33.08,47.21,1.82,307.9,0.0,97.66,20.36
2019-06-26 04:00:00,32.71,48.36,1.99,309.9,0.0,97.67,20.41
2019-06-26 05:00:00,33.34,46.81,3.04,310.9,0.0,97.69,20.46
2019-06-26 06:00:00,35.39,42.24,3.87,301.6,0.0,97.72,20.64
2019-06-26 07:00:00,37.23,38.39,4.25,293.4,0.0,97.74,20.72
2019-06-26 08:00:00,38.84,35.08,4.35,293.3,0.02,97.74,20.68
2019-06-26 09:00:00,40.33,32.1,4.38,296.7,0.01,97.72,20.53
2019-06-26 10:00:00,41.74,29.2,4.43,301.3,0.0,97.66,20.2
2019-06-26 11:00:00,42.83,26.79,4.54,306.0,0.0,97.58,19.73
2019-06-26 12:00:00,43.7,24.66,4.69,310.6,0.0,97.47,19.13
2019-06-26 13:00:00,44.26,22.8,4.9,314.1,0.0,97.37,18.33
2019-06-26 14:00:00,44.26,21.39,5.2,315.6,0.0,97.29,17.32
2019-06-26 15:00:00,43.88,20.41,5.57,316.0,0.0,97.23,16.28
2019-06-26 16:00:00,43.01,20.27,5.89,315.6,0.0,97.21,15.47
2019-06-26 17:00:00,41.67,21.11,5.88,314.9,0.0,97.22,15.0
2019-06-26 18:00:00,39.3,24.22,4.02,313.9,0.0,97.28,15.18
2019-06-26 19:00:00,37.18,27.86,3.15,312.6,0.0,97.35,15.58
2019-06-26 20:00:00,36.13,29.89,2.97,310.5,0.0,97.43,15.77
2019-06-26 21:00:00,35.14,32.07,2.78,306.2,0.0,97.49,16.02
2019-06-26 22:00:00,34.28,33.99,2.68,299.5,0.0,97.51,16.19
2019-06-26 23:00:00,33.5,35.71,2.64,291.8,0.0,97.51,16.28
2019-06-27 00:00:00,32.82,37.27,2.64,283.6,0.0,97.49,16.35
2019-06-27 01:00:00,32.26,38.77,2.67,275.4,0.0,97.45,16.48
2019-06-27 02:00:00,31.82,40.03,2.69,271.7,0.0,97.41,16.6
2019-06-27 03:00:00,31.47,40.96,2.69,272.3,0.0,97.4,16.64
2019-06-27 04:00:00,31.19,41.69,2.7,275.1,0.0,97.4,16.67
2019-06-27 05:00:00,32.34,39.16,3.32,281.5,0.0,97.42,16.71
2019-06-27 06:00:00,34.71,34.39,4.15,287.7,0.0,97.45,16.76
2019-06-27 07:00:00,38.2,27.06,5.05,301.0,0.0,97.47,15.98
2019-06-27 08:00:00,40.47,22.8,5.36,311.2,0.0,97.48,15.21
2019-06-27 09:00:00,41.96,21.02,5.42,312.2,0.0,97.47,15.16
2019-06-27 10:00:00,43.07,20.07,5.59,309.3,0.0,97.42,15.35
2019-06-27 11:00:00,43.76,19.67,5.89,306.9,0.0,97.35,15.6
2019-06-27 12:00:00,44.18,19.65,6.27,305.9,0.0,97.26,15.93
2019-06-27 13:00:00,44.29,19.98,6.62,306.1,0.0,97.19,16.27
2019-06-27 14:00:00,43.93,20.69,6.74,305.0,0.0,97.13,16.54
2019-06-27 15:00:00,43.33,21.49,6.78,304.0,0.0,97.07,16.64
2019-06-27 16:00:00,42.36,22.58,6.74,303.8,0.0,97.03,16.63
2019-06-27 17:00:00,41.07,23.96,6.4,303.7,0.0,97.05,16.47
2019-06-27 18:00:00,39.33,26.08,4.85,303.7,0.0,97.09,16.37
2019-06-27 19:00:00,37.48,28.74,3.47,303.4,0.0,97.15,16.32
2019-06-27 20:00:00,36.32,30.58,3.12,301.5,0.0,97.21,16.3
2019-06-27 21:00:00,35.23,32.71,2.89,298.3,0.0,97.27,16.4
2019-06-27 22:00:00,34.28,34.74,2.81,295.9,0.0,97.3,16.53
2019-06-27 23:00:00,33.38,37.01,2.78,293.3,0.0,97.3,16.75
2019-06-28 00:00:00,32.53,39.51,2.72,289.8,0.0,97.29,17.01
2019-06-28 01:00:00,31.77,42.06,2.67,284.8,0.0,97.28,17.32
2019-06-28 02:00:00,31.16,44.62,2.66,280.2,0.0,97.27,17.72
2019-06-28 03:00:00,30.73,47.08,2.67,278.2,0.0,97.27,18.17
2019-06-28 04:00:00,30.38,49.57,2.59,280.7,0.0,97.29,18.68
2019-06-28 05:00:00,31.29,48.59,3.32,288.8,0.0,97.33,19.19
2019-06-28 06:00:00,33.55,44.1,3.61,298.6,0.0,97.37,19.68
2019-06-28 07:00:00,37.22,36.37,4.99,307.4,0.0,97.4,19.84
2019-06-28 08:00:00,39.34,31.66,4.95,308.5,0.0,97.39,19.44
2019-06-28 09:00:00,41.07,28.33,4.88,306.2,0.0,97.37,19.15
2019-06-28 10:00:00,42.58,25.75,5.02,304.2,0.0,97.31,18.89
2019-06-28 11:00:00,43.87,23.65,5.27,303.5,0.0,97.23,18.6
2019-06-28 12:00:00,44.8,22.07,5.61,303.5,0.0,97.14,18.26
2019-06-28 13:00:00,45.26,21.01,6.1,304.2,0.0,97.05,17.87
2019-06-28 14:00:00,45.31,20.33,6.59,305.2,0.0,96.99,17.38
2019-06-28 15:00:00,44.77,20.5,6.97,306.5,0.0,96.92,17.08
2019-06-28 16:00:00,43.76,21.41,7.13,307.4,0.0,96.89,16.93
2019-06-28 17:00:00,42.39,22.79,6.82,307.2,0.0,96.89,16.79
2019-06-28 18:00:00,40.44,25.07,5.04,306.3,0.0,96.93,16.67
2019-06-28 19:00:00,38.37,28.0,3.58,304.9,0.0,96.99,16.66
2019-06-28 20:00:00,37.25,29.68,3.35,305.2,0.0,97.07,16.62
2019-06-28 21:00:00,36.09,31.64,3.0,303.8,0.0,97.13,16.64
2019-06-28 22:00:00,35.01,33.81,2.7,298.3,0.0,97.17,16.75
2019-06-28 23:00:00,34.11,35.92,2.55,288.3,0.0,97.19,16.9
2019-06-29 00:00:00,33.39,37.85,2.52,276.4,0.0,97.19,17.09
2019-06-29 01:00:00,32.82,39.54,2.55,266.4,0.0,97.19,17.29
2019-06-29 02:00:00,32.37,41.06,2.61,261.2,0.0,97.2,17.48
2019-06-29 03:00:00,32.07,42.32,2.65,260.9,0.0,97.22,17.69
2019-06-29 04:00:00,31.7,43.92,2.56,263.3,0.0,97.24,17.95
2019-06-29 05:00:00,32.33,43.06,3.27,266.7,0.0,97.27,18.2
2019-06-29 06:00:00,34.41,38.5,3.64,270.8,0.0,97.29,18.27
2019-06-29 07:00:00,38.21,29.67,4.94,287.7,0.0,97.31,17.44
2019-06-29 08:00:00,40.58,24.78,5.06,295.5,0.0,97.32,16.6
2019-06-29 09:00:00,42.37,21.73,5.11,298.3,0.0,97.3,16.01
2019-06-29 10:00:00,43.9,19.44,5.26,299.9,0.0,97.26,15.54
2019-06-29 11:00:00,45.06,17.93,5.56,300.3,0.0,97.19,15.22
2019-06-29 12:00:00,45.78,17.11,6.02,299.8,0.0,97.11,15.06
2019-06-29 13:00:00,46.0,16.85,6.53,299.2,0.0,97.03,14.99
2019-06-29 14:00:00,45.54,17.17,6.86,299.0,0.0,96.96,14.92
2019-06-29 15:00:00,44.76,18.03,7.01,298.7,0.0,96.9,15.06
2019-06-29 16:00:00,43.64,19.41,6.92,297.9,0.0,96.89,15.31
2019-06-29 17:00:00,42.25,21.13,6.37,296.5,0.0,96.9,15.49
2019-06-29 18:00:00,40.34,23.62,4.34,293.9,0.0,96.96,15.65
2019-06-29 19:00:00,38.43,26.36,3.01,290.2,0.0,97.05,15.76
2019-06-29 20:00:00,37.55,27.74,2.71,289.2,0.0,97.12,15.83
2019-06-29 21:00:00,36.76,29.18,2.46,290.4,0.0,97.19,15.93
2019-06-29 22:00:00,36.07,30.54,2.29,291.8,0.0,97.22,16.06
2019-06-29 23:00:00,35.47,31.97,2.17,293.6,0.0,97.22,16.25
2019-06-30 00:00:00,34.91,33.84,2.06,297.2,0.15,97.2,16.67
2019-06-30 01:00:00,34.26,37.13,1.98,304.7,0.15,97.17,17.56
2019-06-30 02:00:00,33.64,39.69,1.93,312.5,0.15,97.15,18.07
2019-06-30 03:00:00,33.09,41.39,1.8,320.2,0.0,97.16,18.25
2019-06-30 04:00:00,32.55,42.44,1.58,332.1,0.0,97.21,18.16
2019-06-30 05:00:00,32.86,41.88,1.37,349.1,0.0,97.27,18.23
2019-06-30 06:00:00,34.65,36.5,1.46,6.7,0.0,97.33,17.65
2019-06-30 07:00:00,37.69,30.18,1.59,358.9,0.0,97.37,17.27
2019-06-30 08:00:00,40.06,26.36,2.33,340.5,0.0,97.38,17.14
2019-06-30 09:00:00,41.91,23.54,3.05,334.8,0.0,97.35,16.9
2019-06-30 10:00:00,43.49,21.24,3.44,333.4,0.0,97.3,16.58
2019-06-30 11:00:00,44.86,19.32,3.66,332.3,0.0,97.22,16.22
2019-06-30 12:00:00,45.74,17.96,3.82,330.6,0.0,97.14,15.78
2019-06-30 13:00:00,46.22,16.98,4.02,327.7,0.0,97.05,15.29
2019-06-30 14:00:00,46.28,16.35,4.22,324.8,0.0,96.98,14.74
2019-06-30 15:00:00,45.92,16.17,4.5,322.2,0.0,96.93,14.28
2019-06-30 16:00:00,45.09,16.5,4.8,320.7,0.0,96.92,13.95
2019-06-30 17:00:00,43.89,17.34,4.77,321.3,0.0,96.95,13.75
2019-06-30 18:00:00,41.2,20.52,2.92,324.3,0.0,96.99,14.17
2019-06-30 19:00:00,39.21,23.04,2.74,330.0,0.0,97.06,14.34
2019-06-30 20:00:00,38.22,24.33,2.67,335.9,0.0,97.15,14.34
2019-06-30 21:00:00,37.21,25.86,2.48,341.6,0.0,97.24,14.46
2019-06-30 22:00:00,36.34,27.34,2.18,348.6,0.0,97.29,14.57
2019-06-30 23:00:00,35.74,28.45,1.76,358.4,0.0,97.32,14.67
2019-07-01 00:00:00,35.34,29.19,1.33,13.0,0.01,97.33,14.74
2019-07-01 01:00:00,34.81,30.42,1.09,29.2,0.01,97.34,14.92
2019-07-01 02:00:00,34.11,32.46,1.01,48.6,0.01,97.33,15.32
2019-07-01 03:00:00,33.34,35.07,1.13,74.6,0.0,97.35,15.85
2019-07-01 04:00:00,32.45,38.34,1.41,96.5,0.0,97.39,16.47
2019-07-01 05:00:00,32.86,39.46,1.85,111.3,0.0,97.44,17.28
2019-07-01 06:00:00,35.14,35.83,2.69,120.9,0.0,97.49,17.78
2019-07-01 07:00:00,37.89,29.64,1.93,124.4,0.0,97.53,17.16
2019-07-01 08:00:00,39.75,25.87,0.69,92.5,0.02,97.54,16.59
2019-07-01 09:00:00,41.41,23.14,1.01,11.4,0.07,97.51,16.21
2019-07-01 10:00:00,42.82,21.13,1.64,359.7,0.04,97.45,15.95
2019-07-01 11:00:00,43.98,19.53,2.07,354.2,0.02,97.34,15.67
2019-07-01 12:00:00,44.81,18.44,2.39,347.9,0.01,97.25,15.44
2019-07-01 13:00:00,45.23,17.8,2.69,340.5,0.0,97.15,15.24
2019-07-01 14:00:00,45.19,17.59,3.06,334.0,0.0,97.08,15.0
2019-07-01 15:00:00,44.82,17.67,3.46,330.4,0.0,97.01,14.78
2019-07-01 16:00:00,44.06,18.2,3.81,329.1,0.0,96.99,14.64
2019-07-01 17:00:00,42.93,19.28,3.91,330.4,0.0,97.02,14.62
2019-07-01 18:00:00,40.69,22.26,2.48,335.5,0.0,97.08,15.03
2019-07-01 19:00:00,38.9,24.76,2.38,344.6,0.0,97.16,15.19
2019-07-01 20:00:00,38.05,25.83,2.39,354.5,0.0,97.24,15.12
2019-07-01 21:00:00,37.15,27.02,2.32,6.2,0.0,97.31,15.07
2019-07-01 22:00:00,36.29,28.22,2.22,20.8,0.0,97.34,15.02
2019-07-01 23:00:00,35.51,29.44,2.11,36.7,0.0,97.36,15.01
2019-07-02 00:00:00,34.79,30.9,1.98,50.8,0.0,97.35,15.16
2019-07-02 01:00:00,34.12,32.62,1.81,60.9,0.0,97.33,15.41
2019-07-02 02:00:00,33.52,34.71,1.76,63.0,0.0,97.32,15.85
2019-07-02 03:00:00,33.02,36.83,1.79,63.4,0.0,97.34,16.35
2019-07-02 04:00:00,32.63,38.7,1.74,65.2,0.0,97.39,16.77
2019-07-02 05:00:00,33.38,37.91,1.51,65.0,0.0,97.45,17.1
2019-07-02 06:00:00,35.85,33.1,1.99,56.1,0.0,97.51,17.12
2019-07-02 07:00:00,39.05,26.07,2.51,42.3,0.0,97.56,16.12
2019-07-02 08:00:00,40.95,22.63,2.62,34.1,0.0,97.59,15.49
2019-07-02 09:00:00,42.35,20.82,2.67,22.0,0.0,97.6,15.34
2019-07-02 10:00:00,43.4,19.58,3.06,8.6,0.0,97.55,15.24
2019-07-02 11:00:00,44.11,18.72,3.63,359.8,0.0,97.46,15.11
2019-07-02 12:00:00,44.94,17.8,4.14,355.0,0.0,97.37,15.01
2019-07-02 13:00:00,45.24,17.29,4.51,351.8,0.0,97.29,14.79
2019-07-02 14:00:00,44.97,17.15,4.53,350.0,0.0,97.21,14.45
2019-07-02 15:00:00,44.14,17.57,4.47,349.0,0.0,97.15,14.16
2019-07-02 16:00:00,43.25,18.22,4.36,350.1,0.0,97.13,14.02
2019-07-02 17:00:00,42.11,19.18,4.09,353.4,0.0,97.15,13.88
2019-07-02 18:00:00,40.05,21.57,2.45,358.4,0.0,97.21,14.0
2019-07-02 19:00:00,38.2,23.93,2.15,7.2,0.0,97.3,14.07
2019-07-02 20:00:00,37.29,25.21,1.98,21.6,0.0,97.39,14.12
2019-07-02 21:00:00,36.91,26.15,1.58,45.8,0.0,97.46,14.37
2019-07-02 22:00:00,36.4,27.76,1.43,89.6,0.0,97.48,14.85
2019-07-02 23:00:00,35.52,31.27,1.91,128.8,0.0,97.48,15.94
2019-07-03 00:00:00,35.11,36.13,2.97,151.6,0.0,97.49,17.84
2019-07-03 01:00:00,34.6,42.3,4.53,165.0,0.0,97.5,19.9
2019-07-03 02:00:00,33.88,48.51,5.19,171.1,0.0,97.53,21.5
2019-07-03 03:00:00,33.28,52.4,5.26,174.3,0.0,97.55,22.23
2019-07-03 04:00:00,32.84,54.44,4.76,171.5,0.0,97.58,22.47
2019-07-03 05:00:00,32.97,54.3,4.81,169.2,0.0,97.61,22.54
2019-07-03 06:00:00,34.11,50.37,4.96,171.0,0.0,97.64,22.34
2019-07-03 07:00:00,35.81,44.52,4.01,170.5,0.0,97.65,21.87
2019-07-03 08:00:00,37.61,39.04,2.84,165.1,0.49,97.63,21.33
2019-07-03 09:00:00,39.24,34.42,2.05,150.4,0.52,97.61,20.72
2019-07-03 10:00:00,40.56,31.06,1.86,133.0,0.3,97.57,20.19
2019-07-03 11:00:00,41.73,28.49,1.99,125.2,0.11,97.53,19.77
2019-07-03 12:00:00,42.31,27.16,2.12,123.5,0.07,97.46,19.49
2019-07-03 13:00:00,42.52,26.55,2.17,120.8,0.07,97.4,19.31
2019-07-03 14:00:00,42.05,27.03,2.0,121.7,0.07,97.33,19.2
2019-07-03 15:00:00,41.54,27.75,1.73,124.9,0.1,97.28,19.19
2019-07-03 16:00:00,40.95,28.6,1.69,129.7,0.1,97.25,19.19
2019-07-03 17:00:00,40.01,30.15,1.97,139.9,0.09,97.25,19.23
2019-07-03 18:00:00,38.85,32.67,2.42,156.4,0.05,97.29,19.49
2019-07-03 19:00:00,37.72,35.84,3.59,171.5,0.01,97.33,19.94
2019-07-03 20:00:00,36.59,38.62,4.9,179.1,0.0,97.4,20.13
2019-07-03 21:00:00,35.24,41.53,5.5,186.5,0.0,97.44,20.17
2019-07-03 22:00:00,34.0,44.9,5.6,194.1,0.0,97.46,20.36
2019-07-03 23:00:00,33.11,47.54,5.33,199.6,0.0,97.45,20.48
2019-07-04 00:00:00,32.53,49.68,4.77,202.8,0.0,97.43,20.68
2019-07-04 01:00:00,32.2,51.21,4.14,203.7,0.0,97.43,20.88
2019-07-04 02:00:00,32.07,52.01,3.49,201.7,0.0,97.43,21.01
2019-07-04 03:00:00,32.03,52.42,2.79,198.2,0.0,97.43,21.09
2019-07-04 04:00:00,31.89,53.05,2.18,198.4,0.0,97.47,21.16
2019-07-04 05:00:00,32.41,51.44,2.78,203.5,0.0,97.5,21.14
2019-07-04 06:00:00,34.15,45.04,3.21,207.8,0.01,97.53,20.57
2019-07-04 07:00:00,36.28,37.78,2.89,187.1,0.03,97.55,19.62
2019-07-04 08:00:00,38.01,33.97,2.43,174.8,0.06,97.54,19.42
2019-07-04 09:00:00,39.66,31.16,1.53,175.1,0.04,97.51,19.46
2019-07-04 10:00:00,40.99,28.93,0.53,183.2,0.04,97.45,19.41
2019-07-04 11:00:00,41.99,27.24,0.37,334.1,0.05,97.37,19.29
2019-07-04 12:00:00,42.69,26.08,0.9,344.6,0.04,97.26,19.18
2019-07-04 13:00:00,42.48,26.28,1.16,347.0,0.03,97.19,19.12
2019-07-04 14:00:00,42.34,26.4,1.35,356.2,0.04,97.13,19.09
2019-07-04 15:00:00,41.83,27.09,1.52,7.2,0.04,97.1,19.07
2019-07-04 16:00:00,41.01,28.26,1.59,11.9,0.04,97.08,19.06
2019-07-04 17:00:00,39.95,29.9,1.58,14.3,0.03,97.09,19.05
2019-07-04 18:00:00,38.69,32.63,1.31,13.7,0.0,97.13,19.35
2019-07-04 19:00:00,37.53,35.14,1.0,2.3,0.0,97.18,19.5
2019-07-04 20:00:00,36.82,36.35,1.23,349.2,0.0,97.24,19.45
2019-07-04 21:00:00,36.19,37.48,1.45,338.9,0.0,97.27,19.4
2019-07-04 22:00:00,35.66,38.65,1.55,336.9,0.0,97.29,19.43
2019-07-04 23:00:00,35.22,39.76,1.53,342.5,0.0,97.3,19.51
2019-07-05 00:00:00,34.85,40.83,1.64,351.2,0.0,97.3,19.6
2019-07-05 01:00:00,34.45,42.05,2.12,356.5,0.01,97.29,19.71
2019-07-05 02:00:00,33.9,43.78,2.37,358.3,0.01,97.27,19.88
2019-07-05 03:00:00,33.32,45.51,2.48,357.0,0.01,97.24,19.99
2019-07-05 04:00:00,32.75,47.23,2.7,355.1,0.01,97.22,20.06
2019-07-05 05:00:00,32.56,48.11,3.12,355.6,0.05,97.22,20.19
2019-07-05 06:00:00,34.23,42.61,2.88,0.2,0.26,97.25,19.74
2019-07-05 07:00:00,36.68,35.89,1.88,9.2,0.4,97.27,19.16
2019-07-05 08:00:00,38.32,32.93,1.21,9.0,1.25,97.28,19.2
2019-07-05 09:00:00,39.42,31.55,1.02,353.8,1.67,97.28,19.46
2019-07-05 10:00:00,40.05,31.58,1.02,338.2,2.07,97.25,20.02
2019-07-05 11:00:00,39.67,33.89,1.04,329.2,2.62,97.19,20.84
2019-07-05 12:00:00,39.12,36.9,0.91,317.2,2.55,97.12,21.74
2019-07-05 13:00:00,38.71,38.86,0.72,298.4,1.95,97.07,22.22
2019-07-05 14:00:00,38.41,40.03,0.41,287.1,1.13,97.0,22.45
2019-07-05 15:00:00,38.1,40.93,0.13,147.5,0.67,96.95,22.54
2019-07-05 16:00:00,37.39,43.22,0.82,133.0,0.34,96.92,22.8
2019-07-05 17:00:00,36.56,47.97,1.47,136.7,0.17,96.93,23.76
2019-07-05 18:00:00,34.91,55.03,2.16,137.4,0.08,96.96,24.48
2019-07-05 19:00:00,32.98,67.36,2.52,137.9,0.04,97.03,26.14
2019-07-05 20:00:00,32.06,68.68,3.51,140.8,0.04,97.11,25.59
2019-07-05 21:00:00,31.4,71.91,3.79,146.9,0.06,97.18,25.74
2019-07-05 22:00:00,30.97,74.16,3.47,152.0,0.08,97.21,25.85
2019-07-05 23:00:00,30.69,75.25,3.0,155.4,0.09,97.22,25.82
2019-07-06 00:00:00,30.5,75.64,2.56,158.4,0.09,97.2,25.73
2019-07-06 01:00:00,30.32,76.05,2.12,161.8,0.14,97.17,25.65
2019-07-06 02:00:00,30.17,76.58,1.62,169.0,0.15,97.14,25.62
2019-07-06 03:00:00,30.04,77.21,1.09,185.8,0.14,97.13,25.63
2019-07-06 04:00:00,29.86,78.3,0.82,219.1,0.14,97.12,25.7
2019-07-06 05:00:00,30.01,76.92,1.44,260.0,0.15,97.13,25.53
2019-07-06 06:00:00,31.71,65.61,2.21,283.1,0.22,97.12,24.48
2019-07-06 07:00:00,33.95,52.61,2.91,303.4,0.18,97.1,22.92
2019-07-06 08:00:00,35.74,45.43,3.2,315.4,0.0,97.1,22.15
2019-07-06 09:00:00,37.43,40.23,3.23,321.3,0.0,97.09,21.66
2019-07-06 10:00:00,38.91,36.36,2.99,325.8,0.0,97.07,21.32
2019-07-06 11:00:00,40.18,33.25,2.71,332.3,0.0,97.02,20.97
2019-07-06 12:00:00,40.88,31.29,2.51,341.2,0.0,96.94,20.58
2019-07-06 13:00:00,41.09,30.2,2.44,350.6,0.0,96.88,20.19
2019-07-06 14:00:00,40.86,30.0,2.4,2.6,0.0,96.83,19.89
2019-07-06 15:00:00,40.31,30.28,2.46,21.7,0.0,96.79,19.57
2019-07-06 16:00:00,39.18,31.86,2.48,43.7,0.0,96.78,19.41
2019-07-06 17:00:00,37.95,34.16,2.55,69.1,0.0,96.79,19.47
2019-07-06 18:00:00,36.15,41.07,2.21,92.3,0.0,96.84,20.85
2019-07-06 19:00:00,34.93,44.67,3.27,106.7,0.0,96.93,21.13
2019-07-06 20:00:00,34.16,47.66,4.32,113.0,0.0,97.03,21.49
2019-07-06 21:00:00,33.25,52.35,4.8,118.1,0.0,97.12,22.2
2019-07-06 22:00:00,32.46,56.07,4.93,126.8,0.0,97.17,22.6
2019-07-06 23:00:00,31.7,59.01,5.17,138.6,0.0,97.2,22.73
2019-07-07 00:00:00,30.88,62.28,5.06,145.6,0.0,97.21,22.84
2019-07-07 01:00:00,30.14,65.43,4.53,148.5,0.0,97.22,22.97
2019-07-07 02:00:00,29.7,67.34,3.65,149.0,0.0,97.23,23.02
2019-07-07 03:00:00,29.52,68.04,2.8,147.4,0.0,97.23,23.03
2019-07-07 04:00:00,29.39,68.67,2.12,147.5,0.0,97.24,23.06
2019-07-07 05:00:00,29.52,68.29,1.51,148.8,0.0,97.27,23.09
2019-07-07 06:00:00,30.36,64.61,0.63,167.1,0.0,97.32,22.96
2019-07-07 07:00:00,32.07,56.1,0.72,306.6,0.0,97.34,22.24
2019-07-07 08:00:00,33.89,49.06,1.4,321.7,1.19,97.33,21.73
2019-07-07 09:00:00,35.33,45.37,1.56,322.5,0.85,97.32,21.74
2019-07-07 10:00:00,36.63,42.52,1.55,321.3,0.69,97.28,21.85
2019-07-07 11:00:00,37.69,40.37,1.49,321.0,0.64,97.22,21.95
2019-07-07 12:00:00,38.33,39.01,1.46,319.4,0.59,97.13,21.95
2019-07-07 13:00:00,38.68,38.18,1.48,315.0,0.56,97.06,21.91
2019-07-07 14:00:00,38.78,37.76,1.55,308.7,0.39,97.0,21.82
2019-07-07 15:00:00,38.43,38.37,1.63,308.3,0.38,96.96,21.76
2019-07-07 16:00:00,37.62,40.2,1.61,311.2,0.37,96.95,21.81
2019-07-07 17:00:00,36.74,43.32,1.42,311.0,0.27,96.98,22.25
2019-07-07 18:00:00,35.75,49.03,1.07,304.0,0.22,97.02,23.35
2019-07-07 19:00:00,34.69,59.8,0.92,295.7,0.17,97.06,25.63
2019-07-07 20:00:00,34.17,61.25,0.87,294.5,0.16,97.12,25.51
2019-07-07 21:00:00,33.93,59.36,0.77,302.9,0.11,97.19,24.76
2019-07-07 22:00:00,33.73,60.18,0.57,315.0,0.1,97.25,24.79
2019-07-07 23:00:00,33.72,57.3,0.46,308.9,0.09,97.29,24.04
2019-07-08 00:00:00,33.36,59.34,0.54,288.4,0.12,97.31,24.2
2019-07-08 01:00:00,33.03,61.13,0.57,279.1,0.18,97.29,24.4
2019-07-08 02:00:00,32.44,66.08,0.53,280.9,0.11,97.27,25.1
2019-07-08 03:00:00,31.85,69.37,0.58,294.4,0.07,97.24,25.36
2019-07-08 04:00:00,31.52,67.29,0.74,309.5,0.03,97.24,24.65
2019-07-08 05:00:00,31.88,63.91,0.98,315.4,0.02,97.26,24.17
2019-07-08 06:00:00,33.65,53.45,1.74,311.5,0.03,97.3,22.9
2019-07-08 07:00:00,35.23,47.18,1.89,312.6,0.03,97.33,22.3
2019-07-08 08:00:00,36.81,42.88,1.93,313.1,0.18,97.35,22.15
2019-07-08 09:00:00,38.25,39.34,2.14,316.7,0.14,97.36,22.02
2019-07-08 10:00:00,39.5,36.3,2.48,317.0,0.13,97.32,21.8
2019-07-08 11:00:00,40.29,34.14,2.84,316.6,0.15,97.25,21.5
2019-07-08 12:00:00,40.88,32.72,3.05,314.7,0.14,97.16,21.31
2019-07-08 13:00:00,41.18,31.75,3.14,311.8,0.18,97.07,21.07
2019-07-08 14:00:00,41.17,31.31,3.01,306.0,0.17,97.0,20.84
2019-07-08 15:00:00,40.88,31.45,2.77,296.8,0.11,96.95,20.67
2019-07-08 16:00:00,40.23,32.26,2.5,286.5,0.06,96.94,20.52
2019-07-08 17:00:00,39.05,35.02,2.13,274.0,0.01,96.96,20.81
2019-07-08 18:00:00,37.38,44.87,1.53,253.7,0.0,97.01,23.35
2019-07-08 19:00:00,36.22,48.65,1.87,236.3,0.0,97.07,23.66
2019-07-08 20:00:00,35.49,49.32,2.25,230.2,0.0,97.13,23.27
2019-07-08 21:00:00,34.78,51.73,2.52,229.3,0.0,97.17,23.4
2019-07-08 22:00:00,34.09,55.41,2.78,230.7,0.01,97.19,23.91
2019-07-08 23:00:00,33.38,60.15,2.76,233.5,0.04,97.19,24.63
2019-07-09 00:00:00,32.69,65.19,2.43,234.9,0.15,97.18,25.32
2019-07-09 01:00:00,32.06,70.08,2.13,237.3,0.52,97.14,25.94
2019-07-09 02:00:00,31.65,73.1,1.99,241.5,0.62,97.12,26.27
2019-07-09 03:00:00,31.38,74.81,1.88,249.4,0.76,97.1,26.39
2019-07-09 04:00:00,31.02,76.71,1.8,257.8,0.57,97.12,26.46
2019-07-09 05:00:00,30.98,75.78,2.28,257.6,0.76,97.17,26.23
2019-07-09 06:00:00,31.31,72.96,2.61,249.3,1.61,97.24,25.9
2019-07-09 07:00:00,31.87,64.95,3.46,246.3,2.2,97.32,24.48
2019-07-09 08:00:00,32.58,58.02,4.55,250.5,0.75,97.38,23.28
2019-07-09 09:00:00,34.08,50.2,5.33,260.9,0.85,97.38,22.27
2019-07-09 10:00:00,36.02,43.61,5.67,271.8,1.01,97.34,21.72
2019-07-09 11:00:00,37.13,40.62,5.79,280.6,0.92,97.26,21.56
2019-07-09 12:00:00,37.76,39.46,5.87,286.6,0.94,97.19,21.63
2019-07-09 13:00:00,37.76,39.78,5.86,291.2,0.94,97.12,21.77
2019-07-09 14:00:00,37.49,40.75,5.42,294.9,0.76,97.07,21.94
2019-07-09 15:00:00,37.09,42.09,4.66,297.5,0.58,97.04,22.1
2019-07-09 16:00:00,36.29,45.05,3.57,298.6,0.36,97.02,22.5
2019-07-09 17:00:00,35.31,50.43,2.18,297.0,0.14,97.04,23.45
2019-07-09 18:00:00,34.7,53.53,1.25,282.5,0.06,97.11,23.79
2019-07-09 19:00:00,33.73,63.37,0.96,200.1,0.06,97.19,25.74
2019-07-09 20:00:00,32.46,64.31,1.99,186.1,0.06,97.25,24.83
2019-07-09 21:00:00,31.34,66.38,3.14,190.6,0.07,97.29,24.32
2019-07-09 22:00:00,30.36,69.19,3.76,196.7,0.12,97.31,24.09
2019-07-09 23:00:00,29.61,72.23,3.66,202.6,0.16,97.3,24.09
2019-07-10 00:00:00,29.22,74.3,3.4,206.6,0.15,97.27,24.19
2019-07-10 01:00:00,29.09,75.47,3.2,212.3,0.09,97.23,24.34
2019-07-10 02:00:00,29.04,76.39,3.05,219.9,0.03,97.2,24.48
2019-07-10 03:00:00,29.03,76.96,2.98,229.1,0.01,97.19,24.61
2019-07-10 04:00:00,29.08,76.71,3.02,239.9,0.0,97.2,24.6
2019-07-10 05:00:00,29.49,74.04,3.57,250.0,0.0,97.22,24.39
2019-07-10 06:00:00,31.02,66.61,3.94,257.1,0.03,97.23,24.09
2019-07-10 07:00:00,34.73,45.61,5.19,269.4,0.18,97.22,21.23
2019-07-10 08:00:00,37.2,35.79,6.49,279.1,0.63,97.22,19.55
2019-07-10 09:00:00,38.41,33.76,6.49,284.3,0.67,97.22,19.68
2019-07-10 10:00:00,39.3,32.91,6.37,288.9,0.44,97.18,20.03
2019-07-10 11:00:00,40.01,32.27,6.25,291.8,0.24,97.13,20.34
2019-07-10 12:00:00,40.27,31.99,6.13,293.1,0.2,97.06,20.42
2019-07-10 13:00:00,40.44,31.51,6.0,293.4,0.09,96.99,20.33
2019-07-10 14:00:00,40.03,32.07,5.72,292.1,0.12,96.93,20.26
2019-07-10 15:00:00,39.56,33.08,5.32,289.4,0.2,96.9,20.35
2019-07-10 16:00:00,38.76,35.08,4.79,285.4,0.24,96.88,20.6
2019-07-10 17:00:00,37.16,42.33,3.12,280.0,0.34,96.9,22.23
2019-07-10 18:00:00,35.06,54.08,2.29,271.0,0.63,96.95,24.39
2019-07-10 19:00:00,33.82,60.56,2.34,260.4,1.08,97.0,25.14
2019-07-10 20:00:00,32.84,65.07,2.56,251.4,0.89,97.04,25.42
2019-07-10 21:00:00,31.95,66.57,2.96,247.2,0.4,97.06,24.96
2019-07-10 22:00:00,31.3,66.27,3.55,247.6,0.4,97.05,24.28
2019-07-10 23:00:00,30.71,66.08,4.44,251.0,0.4,97.03,23.66
2019-07-11 00:00:00,30.24,66.22,5.16,253.8,0.2,97.04,23.25
2019-07-11 01:00:00,30.03,65.23,5.64,254.7,0.07,97.05,22.8
2019-07-11 02:00:00,29.9,64.2,5.88,253.5,0.01,97.05,22.43
2019-07-11 03:00:00,29.68,64.55,5.56,252.2,0.0,97.06,22.3
2019-07-11 04:00:00,29.55,64.61,5.4,253.5,0.0,97.08,22.2
2019-07-11 05:00:00,29.85,63.2,5.95,256.0,0.0,97.12,22.13
2019-07-11 06:00:00,31.33,58.05,6.57,256.0,0.0,97.19,22.11
2019-07-11 07:00:00,33.78,49.81,7.6,262.3,0.0,97.25,21.86
2019-07-11 08:00:00,36.25,42.78,7.7,272.9,0.0,97.27,21.61
2019-07-11 09:00:00,38.32,36.83,7.09,282.3,0.01,97.26,21.0
2019-07-11 10:00:00,39.68,33.76,6.58,284.4,0.14,97.23,20.78
2019-07-11 11:00:00,40.57,32.1,6.43,283.3,0.31,97.18,20.73
2019-07-11 12:00:00,41.08,31.27,6.41,281.7,0.58,97.12,20.74
2019-07-11 13:00:00,40.98,31.69,6.37,281.0,0.92,97.06,20.87
2019-07-11 14:00:00,40.39,33.19,6.07,278.9,1.22,97.03,21.11
2019-07-11 15:00:00,39.38,35.86,5.48,275.7,0.86,97.01,21.49
2019-07-11 16:00:00,38.25,40.81,4.24,272.7,0.58,97.01,22.61
2019-07-11 17:00:00,36.54,51.31,2.85,269.0,0.16,97.03,24.86
2019-07-11 18:00:00,34.74,60.19,2.42,264.1,0.03,97.07,25.9
2019-07-11 19:00:00,33.92,60.68,2.57,258.8,0.01,97.12,25.26
2019-07-11 20:00:00,33.45,58.52,3.05,255.4,0.0,97.18,24.2
2019-07-11 21:00:00,33.03,55.7,4.04,253.3,0.0,97.23,22.99
2019-07-11 22:00:00,32.51,54.4,4.95,251.6,0.0,97.25,22.12
2019-07-11 23:00:00,31.91,54.85,5.27,251.1,0.0,97.26,21.71
2019-07-12 00:00:00,31.44,55.93,5.26,249.5,0.0,97.25,21.6
2019-07-12 01:00:00,31.17,56.89,5.48,248.4,0.01,97.24,21.62
2019-07-12 02:00:00,30.98,58.04,5.73,249.7,0.0,97.22,21.78
2019-07-12 03:00:00,30.83,59.22,6.01,251.9,0.0,97.21,21.97
2019-07-12 04:00:00,30.67,60.16,6.17,252.4,0.0,97.23,22.08
2019-07-12 05:00:00,30.82,59.99,6.39,250.6,0.0,97.29,22.18
2019-07-12 06:00:00,31.78,56.89,6.95,249.6,0.0,97.38,22.21
2019-07-12 07:00:00,33.33,51.75,8.31,259.8,0.02,97.44,22.08
2019-07-12 08:00:00,35.31,46.46,8.26,267.1,0.03,97.49,22.12
2019-07-12 09:00:00,37.23,41.18,7.72,270.3,0.04,97.51,21.86
2019-07-12 10:00:00,38.83,36.85,7.24,270.9,0.03,97.49,21.47
2019-07-12 11:00:00,39.95,33.77,6.93,270.2,0.04,97.44,21.02
2019-07-12 12:00:00,40.7,31.52,6.82,269.6,0.03,97.37,20.54
2019-07-12 13:00:00,40.97,30.27,6.85,269.3,0.03,97.31,20.11
2019-07-12 14:00:00,40.93,29.46,6.78,269.5,0.01,97.26,19.65
2019-07-12 15:00:00,40.48,29.41,6.48,268.9,0.0,97.22,19.25
2019-07-12 16:00:00,39.77,29.95,5.97,268.2,0.0,97.2,18.93
2019-07-12 17:00:00,38.55,32.32,4.61,266.1,0.0,97.23,19.1
2019-07-12 18:00:00,36.16,40.31,2.76,261.3,0.0,97.28,20.57
2019-07-12 19:00:00,34.9,43.81,2.7,253.2,0.0,97.35,20.79
2019-07-12 20:00:00,34.22,44.9,2.93,246.1,0.0,97.41,20.58
2019-07-12 21:00:00,33.52,46.18,3.4,243.7,0.0,97.46,20.38
2019-07-12 22:00:00,32.87,47.75,4.01,246.6,0.0,97.49,20.34
2019-07-12 23:00:00,32.22,49.82,4.42,252.5,0.0,97.49,20.44
2019-07-13 00:00:00,31.73,51.41,4.84,258.9,0.0,97.48,20.5
2019-07-13 01:00:00,31.43,52.25,5.19,264.7,0.0,97.46,20.49
2019-07-13 02:00:00,31.27,52.55,5.36,268.4,0.0,97.45,20.43
2019-07-13 03:00:00,31.33,52.0,5.71,271.5,0.0,97.45,20.32
2019-07-13 04:00:00,31.22,51.93,5.92,273.6,0.0,97.47,20.2
2019-07-13 05:00:00,31.26,51.46,6.3,272.9,0.0,97.5,20.1
2019-07-13 06:00:00,32.55,47.57,7.05,268.6,0.0,97.52,20.0
2019-07-13 07:00:00,34.98,40.5,8.37,264.5,0.0,97.54,19.6
2019-07-13 08:00:00,36.86,36.61,9.75,268.5,0.01,97.57,19.62
2019-07-13 09:00:00,38.26,34.73,9.65,272.8,0.03,97.56,20.01
2019-07-13 10:00:00,39.39,33.06,8.97,275.3,0.08,97.53,20.2
2019-07-13 11:00:00,39.87,32.18,8.25,276.1,0.09,97.47,20.17
2019-07-13 12:00:00,40.57,30.76,7.76,276.3,0.13,97.39,20.04
2019-07-13 13:00:00,41.1,29.47,7.42,277.4,0.15,97.32,19.81
2019-07-13 14:00:00,41.08,28.8,7.06,277.6,0.13,97.25,19.41
2019-07-13 15:00:00,40.6,28.8,6.64,277.5,0.14,97.21,19.01
2019-07-13 16:00:00,39.73,29.59,6.1,278.3,0.08,97.2,18.69
2019-07-13 17:00:00,38.35,32.23,4.69,279.8,0.05,97.2,18.86
2019-07-13 18:00:00,35.66,41.18,2.83,283.5,0.03,97.25,20.43
2019-07-13 19:00:00,34.22,45.81,2.58,286.5,0.02,97.3,20.87
2019-07-13 20:00:00,33.46,48.42,2.4,286.2,0.02,97.36,21.08
2019-07-13 21:00:00,32.73,50.99,2.19,282.1,0.01,97.39,21.26
2019-07-13 22:00:00,32.03,53.24,2.06,276.1,0.01,97.41,21.33
2019-07-13 23:00:00,31.41,54.85,2.16,272.1,0.03,97.42,21.22
2019-07-14 00:00:00,30.79,56.71,2.43,270.2,0.05,97.4,21.2
2019-07-14 01:00:00,30.16,58.86,2.79,268.4,0.11,97.4,21.22
2019-07-14 02:00:00,29.65,60.48,2.88,268.2,0.06,97.37,21.18
2019-07-14 03:00:00,29.35,61.27,2.9,271.0,0.02,97.36,21.11
2019-07-14 04:00:00,29.37,60.29,3.57,278.5,0.01,97.35,20.88
2019-07-14 05:00:00,29.94,57.98,3.95,281.1,0.0,97.35,20.78
2019-07-14 06:00:00,31.8,51.63,4.48,277.3,0.0,97.36,20.63
2019-07-14 07:00:00,35.32,38.79,5.18,273.4,0.02,97.37,19.18
2019-07-14 08:00:00,37.61,31.81,6.0,269.7,0.2,97.39,18.03
2019-07-14 09:00:00,38.77,29.76,5.82,268.8,0.21,97.42,17.96
2019-07-14 10:00:00,39.68,28.38,5.45,269.4,0.2,97.4,18.0
2019-07-14 11:00:00,40.17,27.5,5.05,267.5,0.11,97.34,17.9
2019-07-14 12:00:00,40.71,26.4,4.74,263.9,0.05,97.26,17.72
2019-07-14 13:00:00,41.0,25.7,4.56,261.2,0.02,97.19,17.53
2019-07-14 14:00:00,40.98,25.4,4.5,259.5,0.0,97.13,17.33
2019-07-14 15:00:00,40.62,25.59,4.47,258.8,0.0,97.08,17.14
2019-07-14 16:00:00,39.76,26.68,4.35,258.5,0.0,97.05,17.08
2019-07-14 17:00:00,38.28,30.16,3.39,258.4,0.0,97.05,17.74
2019-07-14 18:00:00,35.84,40.27,1.94,263.5,0.0,97.1,20.23
2019-07-14 19:00:00,34.65,44.4,1.76,268.4,0.0,97.18,20.78
2019-07-14 20:00:00,33.89,47.19,1.54,271.1,0.01,97.25,21.08
2019-07-14 21:00:00,33.11,50.34,1.32,267.8,0.01,97.29,21.43
2019-07-14 22:00:00,32.43,53.93,1.17,260.6,0.01,97.32,21.93
2019-07-14 23:00:00,31.92,57.74,0.75,264.7,0.02,97.33,22.57
2019-07-15 00:00:00,31.45,59.99,0.25,310.1,0.03,97.32,22.77
2019-07-15 01:00:00,31.14,61.64,0.29,54.7,0.02,97.28,22.93
2019-07-15 02:00:00,31.08,61.22,0.38,97.5,0.01,97.25,22.75
2019-07-15 03:00:00,30.82,62.47,0.42,167.6,0.0,97.24,22.85
2019-07-15 04:00:00,30.29,65.21,0.76,208.2,0.01,97.24,23.05
2019-07-15 05:00:00,30.43,64.72,1.19,224.3,0.0,97.28,23.05
2019-07-15 06:00:00,31.72,58.3,2.94,253.4,0.05,97.33,22.55
2019-07-15 07:00:00,33.25,52.34,4.77,272.6,1.15,97.37,22.19
2019-07-15 08:00:00,34.57,48.61,5.33,280.4,0.51,97.4,22.18
2019-07-15 09:00:00,35.85,45.55,5.06,284.0,0.97,97.4,22.28
2019-07-15 10:00:00,36.72,44.06,4.55,284.1,1.71,97.37,22.52
2019-07-15 11:00:00,36.84,44.78,4.08,280.5,2.52,97.3,22.89
2019-07-15 12:00:00,36.68,46.24,3.73,273.8,2.71,97.25,23.27
2019-07-15 13:00:00,36.43,48.08,3.5,267.1,2.75,97.21,23.7
2019-07-15 14:00:00,35.88,50.35,3.29,264.4,2.47,97.19,23.96
2019-07-15 15:00:00,35.22,53.92,2.89,265.4,2.26,97.18,24.49
2019-07-15 16:00:00,34.74,57.24,2.44,267.7,2.03,97.18,25.05
2019-07-15 17:00:00,33.76,60.25,2.46,268.4,1.43,97.2,24.98
2019-07-15 18:00:00,32.6,69.53,1.89,269.1,0.99,97.25,26.27
2019-07-15 19:00:00,32.06,79.57,1.13,269.5,0.93,97.32,28.07
2019-07-15 20:00:00,31.81,79.77,0.87,247.8,1.14,97.37,27.84
2019-07-15 21:00:00,31.14,81.32,1.15,218.3,1.33,97.4,27.52
2019-07-15 22:00:00,30.36,83.89,1.39,204.2,1.22,97.44,27.32
2019-07-15 23:00:00,29.65,86.41,1.48,198.6,0.8,97.45,27.17
2019-07-16 00:00:00,29.03,86.89,1.62,199.9,0.51,97.44,26.65
2019-07-16 01:00:00,28.46,86.49,1.78,203.5,0.41,97.42,26.01
2019-07-16 02:00:00,28.03,85.93,1.78,202.1,0.29,97.4,25.48
2019-07-16 03:00:00,27.78,84.87,1.7,198.9,0.15,97.41,25.03
2019-07-16 04:00:00,27.62,83.57,1.68,196.3,0.11,97.43,24.61
2019-07-16 05:00:00,27.93,80.16,2.18,197.1,0.08,97.47,24.22
2019-07-16 06:00:00,28.84,75.33,2.75,203.3,0.14,97.51,24.06
2019-07-16 07:00:00,31.53,60.33,3.29,223.9,0.4,97.56,22.93
2019-07-16 08:00:00,33.77,50.67,3.84,248.1,0.81,97.61,22.14
2019-07-16 09:00:00,34.96,47.5,3.66,265.5,1.26,97.65,22.17
2019-07-16 10:00:00,35.43,47.09,3.15,276.6,1.61,97.65,22.45
2019-07-16 11:00:00,35.48,47.51,2.55,282.5,1.56,97.64,22.64
2019-07-16 12:00:00,35.44,47.92,2.02,284.9,1.72,97.6,22.74
2019-07-16 13:00:00,35.33,48.41,1.6,286.3,1.34,97.57,22.81
2019-07-16 14:00:00,34.78,49.89,1.38,293.0,1.08,97.55,22.82
2019-07-16 15:00:00,34.4,51.28,1.47,308.7,1.19,97.54,22.91
2019-07-16 16:00:00,33.75,54.4,1.61,322.1,1.04,97.53,23.29
2019-07-16 17:00:00,32.94,58.65,1.6,332.8,0.78,97.56,23.77
2019-07-16 18:00:00,31.89,64.2,1.55,341.2,0.57,97.61,24.24
2019-07-16 19:00:00,30.85,76.13,1.31,352.1,0.38,97.68,26.15
2019-07-16 20:00:00,30.49,75.05,1.33,357.4,0.45,97.74,25.54
2019-07-16 21:00:00,30.26,75.44,1.13,357.0,0.48,97.78,25.41
2019-07-16 22:00:00,30.08,75.59,0.91,355.0,0.46,97.79,25.25
2019-07-16 23:00:00,29.89,74.96,0.79,353.4,0.38,97.8,24.94
2019-07-17 00:00:00,29.59,74.97,0.8,357.9,0.37,97.78,24.67
2019-07-17 01:00:00,29.19,76.59,0.87,6.6,0.38,97.77,24.65
2019-07-17 02:00:00,28.74,79.34,1.04,22.1,0.39,97.76,24.81
2019-07-17 03:00:00,28.27,80.05,1.29,34.6,0.41,97.75,24.5
2019-07-17 04:00:00,27.82,79.96,1.49,42.6,0.19,97.75,24.06
2019-07-17 05:00:00,27.77,77.58,1.88,51.2,0.08,97.77,23.51
2019-07-17 06:00:00,28.64,71.26,2.26,61.7,0.43,97.8,22.94
2019-07-17 07:00:00,30.42,62.54,1.52,78.6,0.98,97.83,22.48
2019-07-17 08:00:00,31.54,58.52,0.55,109.1,0.44,97.86,22.45
2019-07-17 09:00:00,32.84,54.81,0.49,248.6,0.43,97.85,22.57
2019-07-17 10:00:00,33.67,52.2,0.91,272.5,0.43,97.81,22.54
2019-07-17 11:00:00,34.68,49.45,1.12,277.2,0.51,97.74,22.58
2019-07-17 12:00:00,35.26,47.58,1.42,278.9,0.65,97.65,22.45
2019-07-17 13:00:00,35.41,47.0,1.66,275.5,0.88,97.58,22.41
2019-07-17 14:00:00,34.93,48.4,1.94,278.6,0.92,97.53,22.44
2019-07-17 15:00:00,34.43,50.31,2.3,284.1,0.77,97.5,22.62
2019-07-17 16:00:00,33.76,53.07,2.55,287.1,0.7,97.5,22.89
2019-07-17 17:00:00,32.76,58.3,2.45,289.0,0.48,97.53,23.52
2019-07-17 18:00:00,31.17,69.63,1.88,290.8,0.31,97.6,24.97
2019-07-17 19:00:00,30.24,75.37,1.71,291.3,0.25,97.67,25.4
2019-07-17 20:00:00,29.75,76.65,1.62,287.2,0.2,97.72,25.23
2019-07-17 21:00:00,29.19,79.16,1.5,280.0,0.2,97.76,25.21
2019-07-17 22:00:00,28.69,81.41,1.37,275.5,0.13,97.77,25.21
2019-07-17 23:00:00,28.28,83.08,1.19,275.3,0.09,97.76,25.16
2019-07-18 00:00:00,27.9,85.36,0.93,279.3,0.07,97.73,25.25
2019-07-18 01:00:00,27.56,86.89,0.75,287.9,0.08,97.71,25.21
2019-07-18 02:00:00,27.32,87.81,0.68,297.3,0.1,97.69,25.16
2019-07-18 03:00:00,27.24,88.1,0.64,301.0,0.14,97.69,25.12
2019-07-18 04:00:00,27.18,88.29,0.57,300.6,0.12,97.7,25.11
2019-07-18 05:00:00,27.39,86.7,0.56,291.0,0.18,97.74,25.0
2019-07-18 06:00:00,28.01,81.95,0.76,269.2,0.11,97.79,24.65
2019-07-18 07:00:00,28.59,77.08,0.99,255.4,0.08,97.84,24.21
2019-07-18 08:00:00,28.83,74.07,1.07,242.2,0.05,97.88,23.78
2019-07-18 09:00:00,29.36,70.89,1.22,233.3,0.07,97.88,23.56
2019-07-18 10:00:00,29.99,67.51,1.21,239.6,0.11,97.85,23.34
2019-07-18 11:00:00,30.76,64.01,0.62,258.0,0.19,97.79,23.18
2019-07-18 12:00:00,32.24,58.67,0.17,6.7,0.3,97.7,23.15
2019-07-18 13:00:00,33.48,54.52,0.44,74.1,0.48,97.61,23.08
2019-07-18 14:00:00,34.12,52.35,0.36,125.9,0.48,97.55,22.99
2019-07-18 15:00:00,34.29,51.56,0.6,185.7,0.4,97.53,22.9
2019-07-18 16:00:00,33.97,52.62,0.86,196.1,0.21,97.5,22.94
2019-07-18 17:00:00,33.42,55.39,0.99,200.6,0.08,97.5,23.27
2019-07-18 18:00:00,32.46,62.75,0.94,206.6,0.02,97.53,24.44
2019-07-18 19:00:00,31.87,65.52,0.86,209.8,0.01,97.59,24.6
2019-07-18 20:00:00,31.56,65.56,0.85,213.5,0.0,97.64,24.34
2019-07-18 21:00:00,31.21,66.1,0.82,220.1,0.0,97.68,24.15
2019-07-18 22:00:00,30.88,66.61,0.75,229.3,0.0,97.7,23.96
2019-07-18 23:00:00,30.53,67.25,0.66,243.8,0.0,97.7,23.79
2019-07-19 00:00:00,30.1,68.52,0.53,257.0,0.0,97.68,23.69
2019-07-19 01:00:00,29.83,68.96,0.41,260.1,0.0,97.66,23.55
2019-07-19 02:00:00,29.66,69.41,0.36,238.5,0.0,97.65,23.49
2019-07-19 03:00:00,29.25,71.49,0.46,198.8,0.0,97.66,23.58
2019-07-19 04:00:00,28.64,74.87,0.7,166.8,0.0,97.7,23.77
2019-07-19 05:00:00,28.53,75.97,1.04,155.6,0.01,97.74,23.9
2019-07-19 06:00:00,30.02,68.73,1.44,168.8,0.0,97.79,23.68
2019-07-19 07:00:00,31.87,61.42,1.69,180.0,0.01,97.83,23.56
2019-07-19 08:00:00,33.29,56.6,1.75,188.2,0.03,97.85,23.52
2019-07-19 09:00:00,34.54,52.88,1.64,195.9,0.05,97.86,23.55
2019-07-19 10:00:00,35.68,49.53,1.58,201.9,0.05,97.83,23.5
2019-07-19 11:00:00,36.68,46.36,1.56,204.3,0.07,97.78,23.33
2019-07-19 12:00:00,37.39,43.75,1.59,204.5,0.12,97.69,23.01
2019-07-19 13:00:00,37.68,42.26,1.65,204.4,0.15,97.63,22.7
2019-07-19 14:00:00,37.66,41.37,1.59,205.0,0.12,97.58,22.32
2019-07-19 15:00:00,37.49,40.54,1.47,207.1,0.1,97.53,21.84
2019-07-19 16:00:00,36.93,40.91,1.33,209.6,0.06,97.53,21.49
2019-07-19 17:00:00,36.15,43.15,1.14,208.8,0.01,97.53,21.67
2019-07-19 18:00:00,34.95,49.55,0.87,202.4,0.0,97.58,22.82
2019-07-19 19:00:00,34.23,52.95,0.77,180.0,0.0,97.62,23.28
2019-07-19 20:00:00,33.56,55.24,0.97,161.4,0.0,97.69,23.35
2019-07-19 21:00:00,32.56,59.4,1.22,156.4,0.0,97.74,23.63
2019-07-19 22:00:00,31.72,62.23,1.31,152.7,0.0,97.76,23.62
2019-07-19 23:00:00,31.1,64.34,1.21,145.8,0.0,97.78,23.59
2019-07-20 00:00:00,30.5,66.44,1.06,131.2,0.0,97.78,23.55
2019-07-20 01:00:00,29.76,69.43,1.07,110.8,0.0,97.78,23.59
2019-07-20 02:00:00,29.04,73.56,1.18,99.3,0.0,97.78,23.86
2019-07-20 03:00:00,28.5,77.05,1.24,101.1,0.01,97.8,24.11
2019-07-20 04:00:00,28.11,79.96,1.3,109.3,0.03,97.82,24.35
2019-07-20 05:00:00,28.27,80.25,1.97,116.8,0.01,97.85,24.56
2019-07-20 06:00:00,29.95,71.16,2.21,129.7,0.07,97.91,24.18
2019-07-20 07:00:00,32.75,56.1,2.08,144.8,0.28,97.95,22.88
2019-07-20 08:00:00,34.37,49.89,2.17,150.7,0.4,97.97,22.44
2019-07-20 09:00:00,35.62,46.19,2.29,155.5,0.24,97.96,22.3
2019-07-20 10:00:00,36.77,43.12,2.37,160.5,0.23,97.92,22.22
2019-07-20 11:00:00,37.55,41.04,2.46,165.6,0.18,97.85,22.1
2019-07-20 12:00:00,38.14,39.47,2.5,170.8,0.16,97.78,21.98
2019-07-20 13:00:00,38.5,38.3,2.49,174.7,0.17,97.71,21.79
2019-07-20 14:00:00,38.52,37.89,2.53,179.1,0.13,97.65,21.64
2019-07-20 15:00:00,38.13,38.31,2.48,181.2,0.1,97.61,21.48
2019-07-20 16:00:00,37.27,40.11,2.32,182.5,0.07,97.58,21.47
2019-07-20 17:00:00,36.23,43.55,2.0,182.0,0.0,97.58,21.88
2019-07-20 18:00:00,34.43,52.98,1.44,177.6,0.0,97.6,23.4
2019-07-20 19:00:00,33.29,57.88,1.45,166.8,0.0,97.63,23.75
2019-07-20 20:00:00,32.55,60.21,1.46,154.5,0.0,97.68,23.77
2019-07-20 21:00:00,31.8,63.2,1.47,143.6,0.0,97.72,23.91
2019-07-20 22:00:00,31.13,65.94,1.42,132.7,0.0,97.76,24.02
2019-07-20 23:00:00,30.59,68.59,1.27,121.2,0.0,97.79,24.17
2019-07-21 00:00:00,30.06,72.32,1.3,113.0,0.0,97.79,24.56
2019-07-21 01:00:00,29.52,76.16,1.6,108.5,0.0,97.78,24.89
2019-07-21 02:00:00,29.11,78.54,1.82,112.3,0.0,97.77,25.02
2019-07-21 03:00:00,28.82,79.76,2.06,122.9,0.01,97.78,24.99
2019-07-21 04:00:00,28.55,80.85,2.41,133.5,0.01,97.81,24.96
2019-07-21 05:00:00,28.67,80.33,3.28,139.5,0.02,97.86,24.97
2019-07-21 06:00:00,30.17,72.85,4.14,146.4,0.17,97.91,24.78
2019-07-21 07:00:00,32.37,61.41,5.06,154.5,0.7,97.96,24.02
2019-07-21 08:00:00,33.89,54.83,5.05,157.7,1.2,97.98,23.55
2019-07-21 09:00:00,34.87,51.9,4.6,158.2,0.89,97.97,23.53
2019-07-21 10:00:00,35.68,49.95,4.01,158.7,0.99,97.94,23.64
2019-07-21 11:00:00,36.22,48.94,3.33,159.4,0.94,97.86,23.8
2019-07-21 12:00:00,36.66,47.86,2.73,159.8,0.72,97.78,23.84
2019-07-21 13:00:00,36.95,46.97,2.16,159.7,0.5,97.69,23.79
2019-07-21 14:00:00,36.98,46.69,1.78,154.7,0.48,97.63,23.71
2019-07-21 15:00:00,36.78,46.77,1.6,147.5,0.35,97.56,23.57
2019-07-21 16:00:00,36.21,47.72,1.51,140.6,0.12,97.51,23.38
2019-07-21 17:00:00,35.37,50.75,1.43,136.1,0.01,97.51,23.63
2019-07-21 18:00:00,33.93,59.23,1.28,129.3,0.0,97.55,24.85
2019-07-21 19:00:00,32.8,65.13,1.36,120.0,0.0,97.6,25.4
2019-07-21 20:00:00,32.1,67.11,1.47,118.8,0.0,97.64,25.24
2019-07-21 21:00:00,31.4,69.28,1.57,122.8,0.0,97.67,25.11
2019-07-21 22:00:00,30.73,72.02,1.7,124.0,0.0,97.68,25.12
2019-07-21 23:00:00,30.26,72.92,2.01,123.2,0.0,97.69,24.88
2019-07-22 00:00:00,29.83,74.74,2.71,123.4,0.0,97.69,24.88
2019-07-22 01:00:00,29.29,77.66,3.22,125.3,0.0,97.68,25.01
2019-07-22 02:00:00,28.82,80.23,3.07,128.9,0.0,97.69,25.08
2019-07-22 03:00:00,28.47,81.84,2.53,133.4,0.0,97.69,25.09
2019-07-22 04:00:00,28.13,83.53,1.93,138.4,0.0,97.72,25.1
2019-07-22 05:00:00,28.3,82.85,2.15,142.5,0.02,97.75,25.13
2019-07-22 06:00:00,30.1,73.92,2.48,157.8,0.33,97.79,24.96
2019-07-22 07:00:00,32.47,62.7,2.89,175.6,0.8,97.81,24.46
2019-07-22 08:00:00,34.25,55.95,2.64,182.0,0.07,97.8,24.21
2019-07-22 09:00:00,35.75,51.17,2.26,185.3,0.08,97.78,24.11
2019-07-22 10:00:00,36.97,47.69,1.9,192.8,0.06,97.73,24.06
2019-07-22 11:00:00,37.79,45.19,1.68,202.4,0.07,97.66,23.9
2019-07-22 12:00:00,38.39,43.26,1.63,211.0,0.1,97.59,23.71
2019-07-22 13:00:00,38.68,42.11,1.68,215.3,0.11,97.52,23.54
2019-07-22 14:00:00,38.82,41.24,1.61,217.4,0.07,97.45,23.3
2019-07-22 15:00:00,38.53,41.1,1.52,220.5,0.07,97.4,22.99
2019-07-22 16:00:00,37.86,42.18,1.57,221.1,0.05,97.37,22.82
2019-07-22 17:00:00,36.86,45.52,1.56,219.5,0.01,97.37,23.18
2019-07-22 18:00:00,35.08,54.9,1.37,217.3,0.0,97.41,24.62
2019-07-22 19:00:00,33.92,58.86,1.59,213.7,0.0,97.45,24.71
2019-07-22 20:00:00,33.2,61.58,1.7,213.5,0.0,97.5,24.83
2019-07-22 21:00:00,32.54,63.26,1.75,214.1,0.0,97.55,24.66
2019-07-22 22:00:00,31.98,65.31,1.66,214.9,0.0,97.59,24.67
2019-07-22 23:00:00,31.43,67.58,1.36,216.6,0.0,97.6,24.72
2019-07-23 00:00:00,30.91,70.09,1.0,220.5,0.01,97.6,24.84
2019-07-23 01:00:00,30.48,72.56,0.65,237.5,0.02,97.59,25.01
2019-07-23 02:00:00,30.21,73.76,0.51,275.6,0.02,97.58,25.02
2019-07-23 03:00:00,30.0,74.19,0.61,315.0,0.01,97.59,24.92
2019-07-23 04:00:00,29.74,75.21,0.71,340.3,0.02,97.6,24.9
2019-07-23 05:00:00,29.93,74.85,0.82,1.4,0.02,97.63,25.0
2019-07-23 06:00:00,31.91,64.84,0.6,358.1,0.06,97.66,24.49
2019-07-23 07:00:00,33.99,55.84,0.76,263.2,0.12,97.69,23.94
2019-07-23 08:00:00,35.35,51.52,1.36,253.3,0.58,97.69,23.86
2019-07-23 09:00:00,36.22,49.25,1.64,255.2,0.47,97.67,23.91
2019-07-23 10:00:00,36.91,47.67,1.91,256.0,0.51,97.61,23.99
2019-07-23 11:00:00,37.39,46.82,2.19,254.9,0.49,97.55,24.13
2019-07-23 12:00:00,37.86,45.86,2.45,256.5,0.44,97.47,24.21
2019-07-23 13:00:00,38.18,44.99,2.6,262.5,0.38,97.39,24.19
2019-07-23 14:00:00,38.36,43.98,2.7,268.7,0.29,97.32,23.97
2019-07-23 15:00:00,38.18,43.67,2.86,274.6,0.25,97.26,23.69
2019-07-23 16:00:00,37.46,45.46,2.91,279.5,0.14,97.22,23.69
2019-07-23 17:00:00,36.31,49.34,2.63,283.9,0.08,97.22,24.02
2019-07-23 18:00:00,34.29,61.02,1.85,291.9,0.05,97.26,25.69
2019-07-23 19:00:00,33.32,65.61,1.71,304.1,0.1,97.32,26.01
2019-07-23 20:00:00,32.96,66.96,1.52,310.2,0.12,97.39,26.01
2019-07-23 21:00:00,32.7,67.2,1.31,299.3,0.05,97.43,25.84
2019-07-23 22:00:00,32.21,68.58,1.3,278.9,0.06,97.42,25.71
2019-07-23 23:00:00,31.79,69.86,1.26,265.5,0.2,97.41,25.62
2019-07-24 00:00:00,31.36,71.74,1.26,253.9,0.31,97.4,25.66
2019-07-24 01:00:00,30.78,74.44,1.4,245.1,0.39,97.37,25.73
2019-07-24 02:00:00,30.14,77.29,1.6,241.7,0.53,97.34,25.74
2019-07-24 03:00:00,29.59,79.86,1.74,243.4,0.49,97.31,25.76
2019-07-24 04:00:00,29.14,81.98,1.85,248.7,0.53,97.33,25.77
2019-07-24 05:00:00,29.36,81.62,2.11,255.4,0.46,97.38,25.9
2019-07-24 06:00:00,30.57,75.34,2.92,262.7,0.5,97.42,25.72
2019-07-24 07:00:00,33.18,62.27,3.73,277.2,0.47,97.43,25.01
2019-07-24 08:00:00,35.75,51.44,4.23,287.2,0.13,97.44,24.19
2019-07-24 09:00:00,37.71,44.67,4.51,289.8,0.12,97.45,23.63
2019-07-24 10:00:00,39.25,39.96,4.67,289.8,0.05,97.42,23.16
2019-07-24 11:00:00,40.35,36.8,4.58,289.7,0.03,97.36,22.78
2019-07-24 12:00:00,41.14,34.46,4.42,288.2,0.03,97.28,22.38
2019-07-24 13:00:00,41.4,33.21,4.33,284.6,0.12,97.2,21.99
2019-07-24 14:00:00,41.06,33.47,3.92,279.2,0.16,97.15,21.83
2019-07-24 15:00:00,40.17,35.68,3.21,271.4,0.21,97.1,22.1
2019-07-24 16:00:00,39.2,37.66,2.79,259.1,0.18,97.07,22.14
2019-07-24 17:00:00,37.4,44.71,2.46,229.1,0.15,97.11,23.33
2019-07-24 18:00:00,35.15,55.21,3.41,206.6,0.28,97.2,24.82
2019-07-24 19:00:00,33.67,63.03,4.56,201.8,0.56,97.29,25.63
2019-07-24 20:00:00,32.08,73.01,4.87,203.2,0.52,97.38,26.64
2019-07-24 21:00:00,30.95,79.26,5.19,212.2,0.72,97.46,26.96
2019-07-24 22:00:00,30.18,84.24,4.91,215.2,0.96,97.49,27.25
2019-07-24 23:00:00,29.55,88.71,4.16,213.5,0.77,97.49,27.51
2019-07-25 00:00:00,29.12,91.02,3.75,215.0,0.82,97.46,27.53
2019-07-25 01:00:00,28.77,92.18,3.33,221.6,0.82,97.45,27.4
2019-07-25 02:00:00,28.61,92.54,2.61,226.4,0.61,97.46,27.31
2019-07-25 03:00:00,28.59,92.08,2.34,232.6,0.83,97.43,27.21
2019-07-25 04:00:00,28.55,91.59,2.25,231.9,1.03,97.43,27.08
2019-07-25 05:00:00,28.47,90.53,3.2,237.9,1.06,97.48,26.8
2019-07-25 06:00:00,28.66,87.77,4.27,246.1,0.97,97.54,26.46
2019-07-25 07:00:00,29.33,81.54,4.88,254.2,1.08,97.6,25.85
2019-07-25 08:00:00,30.38,75.04,4.47,257.1,0.22,97.65,25.48
2019-07-25 09:00:00,31.49,68.81,3.74,262.8,0.29,97.7,25.09
2019-07-25 10:00:00,32.13,65.93,2.71,268.1,0.34,97.71,24.98
2019-07-25 11:00:00,32.43,64.42,1.8,271.0,0.35,97.67,24.88
2019-07-25 12:00:00,32.41,63.85,1.21,268.6,0.39,97.61,24.71
2019-07-25 13:00:00,32.23,63.8,1.05,250.0,0.34,97.56,24.52
2019-07-25 14:00:00,32.01,63.92,1.42,241.8,0.26,97.5,24.35
2019-07-25 15:00:00,31.71,64.82,2.12,251.6,0.19,97.46,24.3
2019-07-25 16:00:00,31.26,66.91,2.68,261.6,0.13,97.43,24.39
2019-07-25 17:00:00,30.56,70.37,2.76,268.1,0.11,97.43,24.57
2019-07-25 18:00:00,29.67,76.18,1.88,276.1,0.11,97.47,25.05
2019-07-25 19:00:00,29.03,80.84,1.34,287.8,0.14,97.53,25.42
2019-07-25 20:00:00,28.7,83.27,1.1,287.9,0.13,97.59,25.6
2019-07-25 21:00:00,28.42,84.87,0.97,273.5,0.15,97.63,25.66
2019-07-25 22:00:00,28.16,85.92,0.86,257.9,0.23,97.64,25.61
2019-07-25 23:00:00,27.96,85.89,0.72,233.4,0.35,97.61,25.4
2019-07-26 00:00:00,27.74,86.02,0.7,194.0,0.49,97.56,25.21
2019-07-26 01:00:00,27.44,87.86,0.82,163.8,0.58,97.5,25.27
2019-07-26 02:00:00,27.18,89.33,0.95,148.3,0.56,97.45,25.3
2019-07-26 03:00:00,26.95,90.79,1.0,139.5,0.53,97.44,25.33
2019-07-26 04:00:00,26.72,91.81,1.1,135.0,0.35,97.44,25.31
2019-07-26 05:00:00,26.7,90.76,1.57,131.4,0.2,97.46,25.08
2019-07-26 06:00:00,27.58,85.02,2.38,130.4,0.13,97.49,24.85
2019-07-26 07:00:00,28.89,77.11,3.04,124.9,0.09,97.51,24.51
2019-07-26 08:00:00,30.42,69.43,3.48,113.0,0.71,97.53,24.21
2019-07-26 09:00:00,31.71,64.25,3.69,103.0,0.51,97.53,24.16
2019-07-26 10:00:00,32.73,60.33,3.64,100.6,0.46,97.5,24.06
2019-07-26 11:00:00,33.23,58.42,3.34,104.6,0.58,97.46,23.99
2019-07-26 12:00:00,33.49,57.61,2.99,107.9,0.79,97.37,24.0
2019-07-26 13:00:00,33.42,58.03,2.73,107.5,1.0,97.28,24.06
2019-07-26 14:00:00,33.03,59.81,2.38,105.4,1.17,97.22,24.2
2019-07-26 15:00:00,32.52,62.12,1.98,97.6,1.14,97.19,24.36
2019-07-26 16:00:00,31.8,65.34,1.78,85.8,0.94,97.17,24.52
2019-07-26 17:00:00,30.96,70.65,1.57,75.6,0.56,97.18,25.02
2019-07-26 18:00:00,30.03,75.28,1.43,69.2,0.26,97.21,25.19
2019-07-26 19:00:00,29.31,80.29,1.24,66.3,0.2,97.25,25.59
2019-07-26 20:00:00,28.73,82.77,1.29,71.4,0.18,97.31,25.54
2019-07-26 21:00:00,28.11,84.8,1.53,81.0,0.24,97.35,25.34
2019-07-26 22:00:00,27.5,87.56,1.76,88.0,0.27,97.37,25.27
2019-07-26 23:00:00,26.97,90.45,1.79,92.2,0.31,97.37,25.29
2019-07-27 00:00:00,26.55,92.85,1.74,93.9,0.44,97.34,25.31
2019-07-27 01:00:00,26.29,94.06,1.61,95.0,0.72,97.29,25.29
2019-07-27 02:00:00,26.2,94.4,1.58,101.0,0.54,97.26,25.26
2019-07-27 03:00:00,26.09,95.02,1.7,109.3,0.76,97.26,25.25
2019-07-27 04:00:00,25.92,95.32,2.01,115.9,1.02,97.29,25.14
2019-07-27 05:00:00,25.99,94.24,2.92,117.3,1.43,97.33,25.03
2019-07-27 06:00:00,26.79,88.56,4.31,119.3,2.09,97.38,24.77
2019-07-27 07:00:00,27.97,80.63,5.77,122.6,2.32,97.43,24.35
2019-07-27 08:00:00,29.33,73.71,6.22,121.3,0.6,97.46,24.17
2019-07-27 09:00:00,30.79,68.06,6.3,117.1,0.73,97.45,24.23
2019-07-27 10:00:00,31.94,64.15,6.46,111.5,0.78,97.42,24.34
2019-07-27 11:00:00,32.7,61.61,6.9,107.5,0.77,97.36,24.38
2019-07-27 12:00:00,32.91,61.16,7.26,107.1,0.64,97.31,24.45
2019-07-27 13:00:00,32.67,62.07,7.49,108.7,0.52,97.29,24.48
2019-07-27 14:00:00,32.28,63.69,7.26,111.3,0.31,97.27,24.54
2019-07-27 15:00:00,31.77,66.03,6.84,113.6,0.17,97.25,24.66
2019-07-27 16:00:00,31.02,69.56,6.23,114.8,0.11,97.27,24.83
2019-07-27 17:00:00,30.02,74.69,5.1,113.2,0.04,97.31,25.06
2019-07-27 18:00:00,28.94,81.0,3.57,106.5,0.02,97.39,25.37
2019-07-27 19:00:00,28.27,84.46,3.09,97.8,0.02,97.45,25.41
2019-07-27 20:00:00,27.77,86.72,3.13,91.5,0.03,97.51,25.38
2019-07-27 21:00:00,27.36,88.86,3.29,89.5,0.08,97.54,25.38
2019-07-27 22:00:00,27.04,90.9,3.33,90.5,0.15,97.56,25.46
2019-07-27 23:00:00,26.8,92.72,3.49,92.1,0.18,97.57,25.54
2019-07-28 00:00:00,26.59,94.24,3.68,93.7,0.24,97.55,25.61
2019-07-28 01:00:00,26.45,95.07,3.73,94.2,0.39,97.51,25.62
2019-07-28 02:00:00,26.34,95.4,3.71,94.0,0.42,97.48,25.57
2019-07-28 03:00:00,26.24,95.51,3.64,93.0,0.51,97.48,25.49
2019-07-28 04:00:00,26.12,95.66,3.61,91.7,0.45,97.49,25.41
2019-07-28 05:00:00,26.25,94.98,3.94,92.9,0.3,97.54,25.4
2019-07-28 06:00:00,27.36,89.83,4.98,104.2,0.19,97.6,25.57
2019-07-28 07:00:00,29.04,79.0,6.37,115.8,0.09,97.66,25.04
2019-07-28 08:00:00,30.6,69.65,6.91,118.4,0.1,97.71,24.44
2019-07-28 09:00:00,31.76,64.88,6.99,116.2,0.09,97.72,24.36
2019-07-28 10:00:00,32.66,61.89,7.12,113.0,0.09,97.69,24.43
2019-07-28 11:00:00,33.2,60.07,7.17,111.1,0.09,97.63,24.43
2019-07-28 12:00:00,33.4,59.15,7.1,110.2,0.13,97.56,24.36
2019-07-28 13:00:00,32.98,60.53,6.65,109.8,0.17,97.51,24.35
2019-07-28 14:00:00,32.84,61.58,5.91,108.3,0.1,97.46,24.51
2019-07-28 15:00:00,32.91,62.08,5.26,104.6,0.03,97.42,24.71
2019-07-28 16:00:00,32.69,63.56,4.78,99.1,0.0,97.41,24.9
2019-07-28 17:00:00,31.86,67.88,4.25,94.2,0.0,97.43,25.21
2019-07-28 18:00:00,30.55,74.29,3.5,90.8,0.0,97.49,25.48
2019-07-28 19:00:00,29.78,77.37,3.87,90.7,0.01,97.56,25.41
2019-07-28 20:00:00,29.19,80.19,4.1,92.8,0.03,97.64,25.44
2019-07-28 21:00:00,28.56,83.84,4.03,92.0,0.06,97.7,25.59
2019-07-28 22:00:00,28.12,86.88,4.03,91.3,0.05,97.72,25.76
2019-07-28 23:00:00,27.82,89.54,4.01,91.7,0.03,97.71,25.97
2019-07-29 00:00:00,27.65,91.59,3.91,93.4,0.02,97.66,26.18
2019-07-29 01:00:00,27.51,93.19,3.94,92.6,0.01,97.63,26.34
2019-07-29 02:00:00,27.39,94.01,4.06,92.7,0.02,97.63,26.37
2019-07-29 03:00:00,27.23,94.61,3.79,95.2,0.01,97.63,26.3
2019-07-29 04:00:00,27.03,95.1,3.36,97.4,0.02,97.65,26.21
2019-07-29 05:00:00,27.15,94.14,3.63,97.9,0.08,97.7,26.15
2019-07-29 06:00:00,28.22,88.82,4.41,103.8,0.21,97.78,26.23
2019-07-29 07:00:00,29.86,78.62,5.84,117.3,0.16,97.83,25.76
2019-07-29 08:00:00,31.36,69.28,6.49,119.6,0.03,97.87,25.08
2019-07-29 09:00:00,32.78,63.1,6.83,118.4,0.03,97.87,24.86
2019-07-29 10:00:00,33.95,58.72,7.06,118.7,0.02,97.81,24.75
2019-07-29 11:00:00,34.84,55.6,7.15,120.0,0.01,97.74,24.67
2019-07-29 12:00:00,35.46,53.41,7.2,121.1,0.01,97.65,24.57
2019-07-29 13:00:00,35.86,51.56,7.06,120.7,0.0,97.58,24.34
2019-07-29 14:00:00,35.99,50.49,6.57,118.9,0.0,97.52,24.12
2019-07-29 15:00:00,35.73,50.34,5.99,116.9,0.0,97.48,23.82
2019-07-29 16:00:00,34.96,52.09,5.42,114.6,0.0,97.48,23.69
2019-07-29 17:00:00,33.52,57.59,4.41,112.0,0.0,97.5,24.02
2019-07-29 18:00:00,31.73,65.21,3.18,107.4,0.0,97.56,24.42
2019-07-29 19:00:00,30.55,69.54,2.95,106.3,0.0,97.63,24.38
2019-07-29 20:00:00,29.82,72.85,3.06,109.3,0.0,97.69,24.45
2019-07-29 21:00:00,29.16,76.38,3.07,111.8,0.0,97.72,24.59
2019-07-29 22:00:00,28.61,79.83,2.86,112.0,0.0,97.73,24.81
2019-07-29 23:00:00,28.16,82.81,2.68,112.2,0.0,97.7,24.99
2019-07-30 00:00:00,27.97,84.21,3.13,110.4,0.0,97.69,25.08
2019-07-30 01:00:00,27.71,85.89,3.48,102.0,0.02,97.72,25.15
2019-07-30 02:00:00,27.35,88.01,3.21,90.9,0.03,97.71,25.21
2019-07-30 03:00:00,26.98,90.03,2.72,82.2,0.03,97.67,25.23
2019-07-30 04:00:00,26.71,91.5,2.59,79.3,0.03,97.66,25.23
2019-07-30 05:00:00,26.77,91.59,2.85,78.1,0.06,97.68,25.31
2019-07-30 06:00:00,27.92,87.32,2.97,78.7,0.09,97.71,25.64
2019-07-30 07:00:00,30.72,71.84,4.06,100.2,0.08,97.75,25.08
2019-07-30 08:00:00,32.52,62.29,4.91,102.9,0.12,97.79,24.4
2019-07-30 09:00:00,33.76,56.9,5.72,104.6,0.03,97.82,24.04
2019-07-30 10:00:00,34.81,53.24,6.3,107.0,0.01,97.79,23.92
2019-07-30 11:00:00,35.67,50.32,6.64,108.2,0.01,97.72,23.75
2019-07-30 12:00:00,36.23,48.6,6.76,108.7,0.01,97.64,23.69
2019-07-30 13:00:00,36.54,47.49,6.38,108.0,0.01,97.55,23.59
2019-07-30 14:00:00,36.72,46.44,5.66,106.7,0.0,97.47,23.38
2019-07-30 15:00:00,36.5,46.23,5.04,105.9,0.0,97.43,23.12
2019-07-30 16:00:00,35.67,47.9,4.59,107.4,0.0,97.42,22.96
2019-07-30 17:00:00,34.16,53.35,3.91,110.7,0.0,97.44,23.34
2019-07-30 18:00:00,32.14,61.41,2.87,113.9,0.0,97.5,23.79
2019-07-30 19:00:00,30.99,65.19,2.93,120.2,0.0,97.58,23.71
2019-07-30 20:00:00,30.15,68.45,3.27,125.9,0.01,97.66,23.73
2019-07-30 21:00:00,29.37,72.31,3.35,128.6,0.01,97.71,23.89
2019-07-30 22:00:00,28.8,75.74,3.1,129.4,0.0,97.72,24.12
2019-07-30 23:00:00,28.3,79.11,2.44,128.0,0.01,97.7,24.36
2019-07-31 00:00:00,27.87,82.22,1.75,123.6,0.01,97.65,24.57
2019-07-31 01:00:00,27.5,84.82,1.42,115.5,0.02,97.61,24.75
2019-07-31 02:00:00,27.12,87.17,1.41,109.5,0.01,97.59,24.82
2019-07-31 03:00:00,26.86,88.99,1.5,109.5,0.01,97.59,24.92
2019-07-31 04:00:00,26.63,90.84,1.59,111.7,0.02,97.62,25.03
2019-07-31 05:00:00,26.78,90.79,2.2,113.1,0.02,97.67,25.17
2019-07-31 06:00:00,27.97,84.73,2.91,119.5,0.01,97.73,25.19
2019-07-31 07:00:00,29.93,72.45,3.7,121.4,0.02,97.76,24.46
2019-07-31 08:00:00,31.56,64.35,3.84,117.3,0.0,97.8,24.04
2019-07-31 09:00:00,32.6,60.14,3.97,114.9,0.0,97.79,23.89
2019-07-31 10:00:00,33.28,57.27,4.19,115.8,0.0,97.76,23.7
2019-07-31 11:00:00,33.88,54.96,4.28,119.1,0.0,97.69,23.58
2019-07-31 12:00:00,34.52,52.96,4.07,121.3,0.0,97.6,23.56
2019-07-31 13:00:00,34.99,51.39,3.55,119.0,0.0,97.51,23.49
2019-07-31 14:00:00,34.85,51.23,2.92,114.0,0.0,97.43,23.31
2019-07-31 15:00:00,34.46,52.21,2.25,109.2,0.0,97.38,23.26
2019-07-31 16:00:00,33.98,53.15,1.59,109.1,0.0,97.36,23.13
2019-07-31 17:00:00,33.25,56.26,1.18,108.3,0.0,97.35,23.38
2019-07-31 18:00:00,32.15,61.6,1.03,109.3,0.0,97.4,23.82
2019-07-31 19:00:00,31.24,66.64,1.15,123.7,0.0,97.46,24.29
2019-07-31 20:00:00,30.58,68.74,1.39,136.5,0.0,97.54,24.19
2019-07-31 21:00:00,29.9,71.3,1.71,141.7,0.0,97.61,24.15
2019-07-31 22:00:00,29.34,73.48,2.15,143.9,0.0,97.65,24.13
2019-07-31 23:00:00,28.81,75.69,2.57,147.1,0.0,97.66,24.12
2019-08-01 00:00:00,28.25,78.36,2.79,149.1,0.0,97.62,24.16
2019-08-01 01:00:00,27.74,81.06,2.75,146.7,0.0,97.59,24.22
2019-08-01 02:00:00,27.35,83.15,2.59,142.7,0.0,97.55,24.26
2019-08-01 03:00:00,27.08,84.55,2.38,136.9,0.0,97.53,24.28
2019-08-01 04:00:00,26.82,86.09,2.05,126.3,0.0,97.55,24.33
2019-08-01 05:00:00,26.85,86.37,2.04,110.7,0.0,97.6,24.41
2019-08-01 06:00:00,28.35,79.14,2.67,110.8,0.0,97.67,24.42
2019-08-01 07:00:00,29.88,72.4,3.43,109.8,0.0,97.72,24.4
2019-08-01 08:00:00,31.01,67.85,4.14,109.3,0.04,97.74,24.4
2019-08-01 09:00:00,32.37,62.87,4.73,110.0,0.02,97.71,24.4
2019-08-01 10:00:00,33.98,57.42,5.17,111.0,0.03,97.64,24.4
2019-08-01 11:00:00,35.16,53.53,5.25,113.7,0.03,97.56,24.32
2019-08-01 12:00:00,35.81,51.22,4.89,116.7,0.04,97.5,24.19
2019-08-01 13:00:00,35.97,50.38,4.53,119.3,0.08,97.45,24.06
2019-08-01 14:00:00,35.96,50.07,4.18,120.8,0.07,97.39,23.95
2019-08-01 15:00:00,35.71,50.04,3.83,123.1,0.05,97.35,23.7
2019-08-01 16:00:00,34.8,52.19,3.62,127.6,0.02,97.31,23.57
2019-08-01 17:00:00,33.7,56.64,3.34,131.6,0.0,97.31,23.91
2019-08-01 18:00:00,32.18,62.98,2.57,131.1,0.0,97.34,24.26
2019-08-01 19:00:00,31.3,65.84,2.62,125.2,0.0,97.4,24.17
2019-08-01 20:00:00,30.8,67.59,3.12,118.1,0.0,97.47,24.13
2019-08-01 21:00:00,30.22,70.02,3.51,113.1,0.0,97.54,24.17
2019-08-01 22:00:00,29.6,73.13,3.64,113.8,0.0,97.56,24.3
2019-08-01 23:00:00,29.03,76.21,3.49,118.6,0.0,97.54,24.43
2019-08-02 00:00:00,28.58,78.71,3.28,123.5,0.0,97.52,24.55
2019-08-02 01:00:00,28.32,80.36,3.11,125.2,0.01,97.49,24.64
2019-08-02 02:00:00,28.06,82.2,2.73,122.1,0.01,97.46,24.76
2019-08-02 03:00:00,27.82,83.88,2.41,120.9,0.03,97.45,24.87
2019-08-02 04:00:00,27.49,86.18,2.12,116.1,0.04,97.45,25.0
2019-08-02 05:00:00,27.49,86.98,2.26,109.1,0.07,97.46,25.14
2019-08-02 06:00:00,28.79,81.7,2.37,109.7,0.17,97.48,25.38
2019-08-02 07:00:00,31.2,70.12,1.97,102.3,0.27,97.5,25.12
2019-08-02 08:00:00,32.97,62.19,2.27,71.2,0.51,97.53,24.79
2019-08-02 09:00:00,33.82,59.07,2.94,59.1,0.64,97.54,24.74
2019-08-02 10:00:00,34.26,57.66,3.47,54.0,0.87,97.53,24.74
2019-08-02 11:00:00,34.38,57.75,4.05,51.8,1.25,97.47,24.87
2019-08-02 12:00:00,33.96,59.92,4.48,50.8,1.44,97.42,25.1
2019-08-02 13:00:00,33.11,63.9,4.58,49.1,1.75,97.38,25.38
2019-08-02 14:00:00,32.02,68.92,4.66,48.8,1.83,97.36,25.62
2019-08-02 15:00:00,30.31,77.15,4.64,52.9,1.74,97.34,25.89
2019-08-02 16:00:00,29.17,84.25,4.12,57.4,1.38,97.34,26.25
2019-08-02 17:00:00,28.62,88.73,3.2,60.8,0.85,97.34,26.6
2019-08-02 18:00:00,28.28,92.03,2.26,64.3,0.48,97.37,26.88
2019-08-02 19:00:00,28.17,93.61,1.97,75.3,0.28,97.4,27.06
2019-08-02 20:00:00,28.09,94.53,2.07,87.5,0.17,97.45,27.16
2019-08-02 21:00:00,28.03,95.05,2.18,94.2,0.12,97.47,27.18
2019-08-02 22:00:00,28.0,95.25,2.17,97.7,0.17,97.47,27.19
2019-08-02 23:00:00,27.93,95.62,2.1,97.4,0.35,97.45,27.19
2019-08-03 00:00:00,27.86,95.64,2.11,99.8,0.56,97.4,27.13
2019-08-03 01:00:00,27.73,95.7,2.18,104.4,0.49,97.34,27.01
2019-08-03 02:00:00,27.56,95.71,2.29,111.0,0.24,97.31,26.84
2019-08-03 03:00:00,27.4,95.66,2.38,115.6,0.06,97.32,26.67
2019-08-03 04:00:00,27.29,95.67,2.29,115.6,0.05,97.34,26.56
2019-08-03 05:00:00,27.27,95.52,2.32,112.0,0.04,97.38,26.51
2019-08-03 06:00:00,27.47,94.56,2.7,107.0,0.07,97.44,26.55
2019-08-03 07:00:00,27.83,92.94,2.92,105.3,0.33,97.51,26.61
2019-08-03 08:00:00,28.3,89.46,3.31,107.6,0.2,97.58,26.42
2019-08-03 09:00:00,28.81,85.46,3.92,103.6,0.21,97.62,26.15
2019-08-03 10:00:00,29.52,80.36,4.47,100.6,0.2,97.61,25.8
2019-08-03 11:00:00,30.22,75.39,4.76,98.1,0.17,97.58,25.41
2019-08-03 12:00:00,30.84,71.21,4.96,93.7,0.13,97.52,25.04
2019-08-03 13:00:00,31.34,67.97,5.04,89.7,0.1,97.46,24.74
2019-08-03 14:00:00,31.47,66.7,4.81,87.4,0.06,97.4,24.55
2019-08-03 15:00:00,31.43,66.58,4.29,88.3,0.05,97.35,24.48
2019-08-03 16:00:00,31.12,68.11,3.59,90.5,0.02,97.31,24.57
2019-08-03 17:00:00,30.44,72.18,2.79,91.0,0.0,97.32,24.89
2019-08-03 18:00:00,29.28,79.55,1.71,85.3,0.0,97.37,25.39
2019-08-03 19:00:00,28.74,82.67,1.51,76.2,0.01,97.43,25.52
2019-08-03 20:00:00,28.48,84.19,1.5,69.8,0.03,97.51,25.59
2019-08-03 21:00:00,28.24,85.73,1.57,67.9,0.08,97.55,25.65
2019-08-03 22:00:00,28.0,87.54,1.65,67.6,0.16,97.55,25.76
2019-08-03 23:00:00,27.76,89.38,1.81,68.0,0.24,97.54,25.87
2019-08-04 00:00:00,27.44,91.24,2.02,67.0,0.52,97.5,25.91
2019-08-04 01:00:00,27.1,93.11,2.06,64.1,0.86,97.45,25.92
2019-08-04 02:00:00,26.86,94.36,1.95,57.4,0.81,97.42,25.9
2019-08-04 03:00:00,26.74,94.96,1.8,50.0,0.55,97.39,25.89
2019-08-04 04:00:00,26.66,95.39,1.54,42.4,0.3,97.38,25.89
2019-08-04 05:00:00,26.71,95.07,1.39,32.7,0.21,97.38,25.88
2019-08-04 06:00:00,27.23,92.31,1.31,23.8,0.19,97.4,25.89
2019-08-04 07:00:00,28.22,87.57,0.79,25.6,0.22,97.41,25.98
2019-08-04 08:00:00,29.16,83.2,0.12,265.2,0.66,97.42,26.04
2019-08-04 09:00:00,29.68,81.18,0.75,239.7,0.84,97.42,26.14
2019-08-04 10:00:00,29.95,80.18,1.06,242.0,0.7,97.41,26.18
2019-08-04 11:00:00,30.18,79.53,0.8,235.1,0.49,97.38,26.26
2019-08-04 12:00:00,30.37,78.97,0.85,224.0,0.55,97.32,26.35
2019-08-04 13:00:00,30.5,78.54,1.16,234.1,0.42,97.25,26.37
2019-08-04 14:00:00,30.68,77.73,1.17,243.0,0.22,97.19,26.37
2019-08-04 15:00:00,30.85,77.25,1.08,240.1,0.07,97.15,26.43
2019-08-04 16:00:00,30.85,77.87,1.02,233.8,0.01,97.12,26.55
2019-08-04 17:00:00,30.59,78.31,0.96,233.5,0.01,97.12,26.4
2019-08-04 18:00:00,29.94,83.14,0.68,230.9,0.01,97.15,26.78
2019-08-04 19:00:00,29.97,80.71,0.54,220.5,0.02,97.21,26.3
2019-08-04 20:00:00,30.1,78.55,0.49,175.3,0.01,97.26,25.99
2019-08-04 21:00:00,29.55,81.65,0.94,132.8,0.01,97.29,26.1
2019-08-04 22:00:00,28.79,86.1,1.51,121.5,0.01,97.31,26.25
2019-08-04 23:00:00,28.36,87.84,1.81,116.6,0.01,97.31,26.17
2019-08-05 00:00:00,28.04,88.38,1.99,111.8,0.01,97.28,25.96
2019-08-05 01:00:00,27.72,89.33,2.23,105.6,0.01,97.25,25.82
2019-08-05 02:00:00,27.45,90.73,2.31,99.0,0.02,97.24,25.82
2019-08-05 03:00:00,27.22,92.18,2.22,92.3,0.03,97.25,25.86
2019-08-05 04:00:00,27.05,93.38,2.11,87.8,0.1,97.27,25.91
2019-08-05 05:00:00,27.11,93.44,2.18,85.8,0.16,97.31,25.99
2019-08-05 06:00:00,27.7,91.01,2.48,85.8,0.09,97.36,26.13
2019-08-05 07:00:00,29.04,84.48,2.17,96.3,0.19,97.39,26.18
2019-08-05 08:00:00,31.02,73.52,1.83,116.6,0.6,97.4,25.75
2019-08-05 09:00:00,32.67,66.05,1.29,134.1,0.32,97.38,25.52
2019-08-05 10:00:00,33.93,61.4,0.87,150.5,0.33,97.33,25.48
2019-08-05 11:00:00,34.84,58.25,0.79,163.2,0.27,97.26,25.44
2019-08-05 12:00:00,35.47,55.87,0.98,165.8,0.23,97.17,25.33
2019-08-05 13:00:00,35.79,54.46,1.23,163.5,0.21,97.1,25.19
2019-08-05 14:00:00,35.87,53.7,1.3,158.4,0.19,97.04,25.04
2019-08-05 15:00:00,35.84,53.27,1.1,160.4,0.1,96.99,24.88
2019-08-05 16:00:00,35.58,54.18,0.81,171.5,0.15,96.97,24.91
2019-08-05 17:00:00,34.96,55.94,0.65,189.8,0.08,96.98,24.86
2019-08-05 18:00:00,33.79,62.76,0.69,194.2,0.08,97.02,25.7
2019-08-05 19:00:00,32.95,68.53,0.91,189.5,0.3,97.06,26.39
2019-08-05 20:00:00,32.12,74.14,1.17,192.8,0.45,97.09,26.94
2019-08-05 21:00:00,31.59,76.82,1.18,200.3,0.88,97.12,27.05
2019-08-05 22:00:00,31.41,76.87,0.91,211.9,0.84,97.15,26.88
2019-08-05 23:00:00,31.32,75.45,0.56,225.7,0.7,97.16,26.48
2019-08-06 00:00:00,31.21,73.64,0.3,222.3,0.55,97.15,25.96
2019-08-06 01:00:00,31.04,71.54,0.25,135.0,0.57,97.13,25.3
2019-08-06 02:00:00,30.45,76.88,0.58,114.4,0.54,97.12,25.93
2019-08-06 03:00:00,29.83,80.6,0.79,114.6,0.8,97.11,26.14
2019-08-06 04:00:00,29.26,84.2,0.93,117.4,0.99,97.13,26.34
2019-08-06 05:00:00,29.14,85.76,0.9,124.6,1.29,97.18,26.52
2019-08-06 06:00:00,30.58,75.53,1.04,152.0,1.64,97.23,25.78
2019-08-06 07:00:00,32.43,67.54,1.16,193.9,1.85,97.28,25.68
2019-08-06 08:00:00,32.9,64.31,0.9,209.1,2.34,97.33,25.29
2019-08-06 09:00:00,33.36,63.64,0.09,144.5,2.99,97.34,25.54
2019-08-06 10:00:00,33.78,62.83,0.74,49.4,3.35,97.31,25.72
2019-08-06 11:00:00,33.99,62.62,1.08,52.5,3.65,97.26,25.86
2019-08-06 12:00:00,34.08,62.67,1.03,67.7,3.14,97.21,25.96
2019-08-06 13:00:00,33.99,63.33,0.94,91.8,3.16,97.17,26.05
2019-08-06 14:00:00,33.85,64.49,1.05,121.4,2.04,97.12,26.24
2019-08-06 15:00:00,33.48,66.88,1.33,139.6,1.62,97.1,26.5
2019-08-06 16:00:00,33.15,70.61,1.46,145.9,1.21,97.11,27.1
2019-08-06 17:00:00,32.42,72.93,1.69,150.3,1.03,97.13,26.94
2019-08-06 18:00:00,30.95,83.75,1.65,149.4,0.77,97.18,27.89
2019-08-06 19:00:00,30.02,88.11,1.86,146.4,0.53,97.22,27.86
2019-08-06 20:00:00,29.41,88.76,2.24,146.3,0.42,97.29,27.38
2019-08-06 21:00:00,28.92,89.72,2.53,146.1,0.52,97.34,27.09
2019-08-06 22:00:00,28.5,91.17,2.66,144.8,1.02,97.36,26.95
2019-08-06 23:00:00,28.13,92.72,2.55,143.8,1.67,97.33,26.86
2019-08-07 00:00:00,27.78,94.43,2.32,142.5,2.27,97.29,26.83
2019-08-07 01:00:00,27.49,95.8,1.99,139.5,2.03,97.25,26.79
2019-08-07 02:00:00,27.25,96.82,1.58,134.0,1.46,97.21,26.72
2019-08-07 03:00:00,27.07,97.19,1.24,122.8,0.94,97.19,26.61
2019-08-07 04:00:00,26.91,97.16,1.07,104.0,0.56,97.19,26.45
2019-08-07 05:00:00,27.05,96.31,0.98,80.1,0.45,97.22,26.43
2019-08-07 06:00:00,27.68,93.16,1.12,65.3,0.78,97.27,26.49
2019-08-07 07:00:00,29.09,84.56,0.88,78.2,2.62,97.33,26.24
2019-08-07 08:00:00,30.43,75.29,1.04,101.6,0.02,97.4,25.58
2019-08-07 09:00:00,31.76,66.35,1.33,116.8,0.02,97.43,24.74
2019-08-07 10:00:00,32.71,61.4,1.65,116.7,0.02,97.42,24.33
2019-08-07 11:00:00,33.38,59.41,1.98,108.9,0.02,97.39,24.41
2019-08-07 12:00:00,33.55,59.55,2.38,102.1,0.01,97.33,24.61
2019-08-07 13:00:00,33.3,61.39,2.77,98.3,0.01,97.27,24.88
2019-08-07 14:00:00,32.81,64.25,2.99,98.3,0.01,97.2,25.19
2019-08-07 15:00:00,32.28,66.99,3.05,99.6,0.0,97.16,25.39
2019-08-07 16:00:00,31.58,70.92,2.77,101.5,0.0,97.13,25.68
2019-08-07 17:00:00,30.66,75.58,2.39,104.8,0.0,97.12,25.86
2019-08-07 18:00:00,29.46,84.97,1.61,110.0,0.0,97.14,26.68
2019-08-07 19:00:00,29.1,87.73,1.19,117.6,0.0,97.17,26.87
2019-08-07 20:00:00,29.3,84.26,0.73,119.4,0.01,97.21,26.39
2019-08-07 21:00:00,29.5,80.51,0.25,96.8,0.04,97.24,25.82
2019-08-07 22:00:00,29.36,82.49,0.23,9.9,0.06,97.26,26.07
2019-08-07 23:00:00,28.94,83.14,0.58,350.1,0.06,97.27,25.81
2019-08-08 00:00:00,28.28,88.43,0.97,357.0,0.06,97.25,26.21
2019-08-08 01:00:00,27.67,92.32,1.34,8.1,0.04,97.23,26.34
2019-08-08 02:00:00,27.24,92.64,1.8,14.8,0.03,97.22,25.96
2019-08-08 03:00:00,26.9,92.53,2.48,15.7,0.01,97.23,25.62
2019-08-08 04:00:00,26.63,92.75,2.96,13.7,0.0,97.23,25.38
2019-08-08 05:00:00,26.6,92.59,3.0,11.9,0.0,97.25,25.32
2019-08-08 06:00:00,27.49,88.61,3.19,9.8,0.0,97.29,25.46
2019-08-08 07:00:00,29.4,79.23,2.45,12.5,0.0,97.33,25.46
2019-08-08 08:00:00,31.43,68.02,1.63,42.5,0.0,97.36,24.84
2019-08-08 09:00:00,33.05,60.29,1.76,105.1,0.0,97.37,24.35
2019-08-08 10:00:00,34.04,56.78,2.56,125.8,0.0,97.36,24.27
2019-08-08 11:00:00,34.35,56.41,3.22,129.7,0.0,97.32,24.45
2019-08-08 12:00:00,34.3,56.95,3.51,131.5,0.0,97.26,24.56
2019-08-08 13:00:00,33.89,58.2,3.47,131.1,0.0,97.19,24.55
2019-08-08 14:00:00,33.38,60.23,2.99,128.5,0.0,97.13,24.64
2019-08-08 15:00:00,32.97,63.36,2.27,122.8,0.0,97.09,25.11
2019-08-08 16:00:00,32.5,65.11,2.11,114.6,0.0,97.08,25.11
2019-08-08 17:00:00,31.57,68.8,1.87,110.9,0.0,97.09,25.14
2019-08-08 18:00:00,30.16,81.17,1.54,115.4,0.0,97.15,26.58
2019-08-08 19:00:00,29.42,84.54,1.86,124.5,0.0,97.22,26.57
2019-08-08 20:00:00,28.98,85.96,2.26,133.9,0.0,97.31,26.41
2019-08-08 21:00:00,28.56,87.85,2.62,136.7,0.0,97.36,26.36
2019-08-08 22:00:00,28.16,89.55,2.91,129.6,0.0,97.4,26.3
2019-08-08 23:00:00,27.85,90.29,3.1,118.6,0.0,97.41,26.15
2019-08-09 00:00:00,27.64,90.11,3.0,106.7,0.0,97.39,25.89
2019-08-09 01:00:00,27.45,89.5,2.9,93.8,0.0,97.34,25.59
2019-08-09 02:00:00,27.28,88.01,3.08,81.6,0.0,97.32,25.15
2019-08-09 03:00:00,27.08,86.54,3.45,73.3,0.0,97.32,24.66
2019-08-09 04:00:00,26.85,85.52,3.86,67.0,0.0,97.33,24.24
2019-08-09 05:00:00,26.82,84.22,4.39,62.0,0.0,97.35,23.96
2019-08-09 06:00:00,27.66,81.2,5.19,61.5,0.0,97.39,24.17
2019-08-09 07:00:00,29.5,74.45,7.2,81.3,0.0,97.43,24.49
2019-08-09 08:00:00,30.83,68.92,9.64,95.4,0.0,97.48,24.47
2019-08-09 09:00:00,31.51,66.49,10.14,99.4,0.0,97.51,24.53
2019-08-09 10:00:00,32.33,63.45,10.06,102.0,0.01,97.51,24.53
2019-08-09 11:00:00,33.01,61.32,9.68,102.2,0.05,97.49,24.6
2019-08-09 12:00:00,33.47,60.28,9.21,99.2,0.1,97.42,24.73
2019-08-09 13:00:00,33.53,60.68,8.82,94.2,0.11,97.35,24.91
2019-08-09 14:00:00,33.31,61.89,8.48,90.1,0.07,97.27,25.03
2019-08-09 15:00:00,33.0,63.43,8.15,88.0,0.03,97.22,25.15
2019-08-09 16:00:00,32.38,66.36,7.37,86.9,0.01,97.2,25.33
2019-08-09 17:00:00,31.28,72.14,5.98,86.4,0.0,97.23,25.68
2019-08-09 18:00:00,29.92,78.97,4.81,85.3,0.01,97.3,25.91
2019-08-09 19:00:00,29.1,84.18,4.07,84.5,0.02,97.38,26.18
2019-08-09 20:00:00,28.52,88.04,3.8,84.9,0.05,97.44,26.36
2019-08-09 21:00:00,28.0,90.97,3.88,85.1,0.11,97.47,26.41
2019-08-09 22:00:00,27.57,93.3,4.16,83.1,0.21,97.48,26.42
2019-08-09 23:00:00,27.24,94.9,4.4,80.5,0.3,97.47,26.38
2019-08-10 00:00:00,26.98,95.6,4.56,80.7,0.31,97.44,26.24
2019-08-10 01:00:00,26.71,95.67,4.72,83.9,0.28,97.42,26.0
2019-08-10 02:00:00,26.44,95.51,5.0,86.8,0.18,97.4,25.69
2019-08-10 03:00:00,26.13,95.7,4.96,88.7,0.09,97.41,25.42
2019-08-10 04:00:00,25.83,95.86,4.86,88.8,0.08,97.41,25.15
2019-08-10 05:00:00,25.71,95.3,4.95,89.2,0.12,97.46,24.93
2019-08-10 06:00:00,26.3,91.82,5.71,94.7,0.1,97.52,24.9
2019-08-10 07:00:00,27.37,84.48,6.27,107.2,0.09,97.6,24.54
2019-08-10 08:00:00,28.63,75.18,7.12,118.9,0.01,97.65,23.82
2019-08-10 09:00:00,29.73,69.17,7.74,125.4,0.01,97.65,23.5
2019-08-10 10:00:00,30.82,65.24,7.81,129.0,0.01,97.63,23.57
2019-08-10 11:00:00,31.74,62.46,7.67,131.9,0.02,97.57,23.71
2019-08-10 12:00:00,32.52,60.38,7.49,135.5,0.01,97.49,23.89
2019-08-10 13:00:00,32.83,59.91,7.07,139.6,0.01,97.43,24.03
2019-08-10 14:00:00,32.94,60.09,6.4,142.2,0.0,97.38,24.19
2019-08-10 15:00:00,32.75,61.18,5.69,143.2,0.0,97.35,24.32
2019-08-10 16:00:00,32.18,63.75,4.93,143.7,0.0,97.34,24.47
2019-08-10 17:00:00,31.07,70.41,3.63,143.7,0.0,97.37,25.08
2019-08-10 18:00:00,29.36,79.46,2.41,139.7,0.0,97.42,25.46
2019-08-10 19:00:00,28.6,82.56,2.31,132.4,0.0,97.51,25.37
2019-08-10 20:00:00,28.21,83.96,2.49,126.8,0.0,97.6,25.27
2019-08-10 21:00:00,27.82,85.32,2.64,129.8,0.0,97.65,25.16
2019-08-10 22:00:00,27.47,86.67,2.65,140.4,0.0,97.65,25.08
2019-08-10 23:00:00,27.11,88.21,2.6,151.6,0.0,97.65,25.01
2019-08-11 00:00:00,26.76,89.98,2.47,157.6,0.0,97.62,24.99
2019-08-11 01:00:00,26.46,91.65,2.32,158.0,0.0,97.59,25.02
2019-08-11 02:00:00,26.22,93.04,2.14,155.7,0.0,97.59,25.03
2019-08-11 03:00:00,26.07,94.0,2.06,151.6,0.0,97.59,25.06
2019-08-11 04:00:00,25.97,94.78,1.91,147.4,0.0,97.63,25.1
2019-08-11 05:00:00,26.13,94.3,2.16,142.3,0.0,97.68,25.16
2019-08-11 06:00:00,27.36,88.31,2.57,140.1,0.01,97.73,25.28
2019-08-11 07:00:00,29.27,79.17,2.44,148.1,0.02,97.77,25.32
2019-08-11 08:00:00,30.74,73.37,2.37,152.6,0.07,97.79,25.44
2019-08-11 09:00:00,32.06,68.78,2.49,158.3,0.1,97.79,25.62
2019-08-11 10:00:00,33.26,64.17,2.67,162.1,0.16,97.75,25.59
2019-08-11 11:00:00,34.19,60.42,2.86,166.1,0.15,97.67,25.45
2019-08-11 12:00:00,34.76,58.12,3.08,171.8,0.12,97.57,25.32
2019-08-11 13:00:00,34.53,58.46,3.2,179.6,0.08,97.5,25.21
2019-08-11 14:00:00,34.52,58.2,3.12,187.6,0.03,97.43,25.14
2019-08-11 15:00:00,34.27,58.15,2.79,194.3,0.01,97.4,24.88
2019-08-11 16:00:00,33.81,59.68,2.36,199.6,0.0,97.38,24.89
2019-08-11 17:00:00,33.21,61.45,2.07,205.5,0.0,97.4,24.8
2019-08-11 18:00:00,31.59,71.92,1.52,206.2,0.0,97.44,25.91
2019-08-11 19:00:00,30.78,75.56,1.57,202.1,0.0,97.49,25.99
2019-08-11 20:00:00,30.18,76.71,1.74,200.8,0.0,97.55,25.66
2019-08-11 21:00:00,29.51,78.45,1.9,205.9,0.0,97.58,25.39
2019-08-11 22:00:00,28.81,80.61,2.07,215.2,0.0,97.58,25.17
2019-08-11 23:00:00,28.16,82.78,2.32,224.7,0.0,97.57,24.98
2019-08-12 00:00:00,27.6,85.01,2.58,234.2,0.0,97.55,24.88
2019-08-12 01:00:00,27.13,87.4,2.79,242.2,0.0,97.52,24.88
2019-08-12 02:00:00,26.78,89.29,2.94,247.8,0.0,97.51,24.9
2019-08-12 03:00:00,26.52,90.81,2.93,251.5,0.0,97.52,24.92
2019-08-12 04:00:00,26.3,92.12,2.84,255.1,0.0,97.55,24.95
2019-08-12 05:00:00,26.4,92.07,2.98,259.0,0.0,97.61,25.03
2019-08-12 06:00:00,27.81,85.72,3.31,265.3,0.01,97.68,25.22
2019-08-12 07:00:00,30.18,74.94,3.41,286.5,0.11,97.75,25.26
2019-08-12 08:00:00,31.92,67.87,2.64,308.7,0.01,97.8,25.26
2019-08-12 09:00:00,33.18,62.92,2.18,322.1,0.01,97.79,25.19
2019-08-12 10:00:00,33.76,60.47,1.91,324.8,0.01,97.74,25.06
2019-08-12 11:00:00,33.87,59.61,1.48,325.5,0.0,97.65,24.93
2019-08-12 12:00:00,33.97,58.91,0.98,323.7,0.0,97.57,24.82
2019-08-12 13:00:00,34.02,58.55,0.87,310.3,0.0,97.48,24.77
2019-08-12 14:00:00,33.92,59.33,1.13,292.5,0.0,97.41,24.89
2019-08-12 15:00:00,33.77,60.18,1.46,284.7,0.0,97.37,25.0
2019-08-12 16:00:00,33.44,62.82,1.39,287.5,0.0,97.39,25.39
2019-08-12 17:00:00,32.98,63.94,1.31,284.6,0.0,97.42,25.26
2019-08-12 18:00:00,31.63,73.76,1.24,264.0,0.0,97.44,26.37
2019-08-12 19:00:00,30.93,77.55,1.35,245.5,0.0,97.47,26.57
2019-08-12 20:00:00,30.55,78.42,1.38,230.9,0.0,97.51,26.39
2019-08-12 21:00:00,30.16,79.38,1.39,220.3,0.0,97.56,26.22
2019-08-12 22:00:00,29.72,81.0,1.47,216.4,0.0,97.59,26.14
2019-08-12 23:00:00,29.12,82.87,1.68,217.5,0.0,97.56,25.93
2019-08-13 00:00:00,28.6,84.0,1.83,224.8,0.0,97.51,25.64
2019-08-13 01:00:00,28.25,85.05,1.8,237.5,0.01,97.47,25.52
2019-08-13 02:00:00,28.05,85.93,1.69,252.7,0.01,97.47,25.49
2019-08-13 03:00:00,27.93,86.41,1.69,267.3,0.0,97.47,25.47
2019-08-13 04:00:00,27.78,86.89,1.76,279.8,0.0,97.48,25.42
2019-08-13 05:00:00,28.01,86.7,1.79,290.3,0.0,97.53,25.6
2019-08-13 06:00:00,29.7,78.2,2.7,299.8,0.0,97.6,25.51
2019-08-13 07:00:00,32.15,67.69,3.35,312.0,0.0,97.64,25.43
2019-08-13 08:00:00,33.9,61.41,3.6,322.0,0.11,97.69,25.47
2019-08-13 09:00:00,34.89,58.39,3.34,333.9,0.12,97.71,25.53
2019-08-13 10:00:00,35.35,57.11,2.96,346.1,0.19,97.7,25.59
2019-08-13 11:00:00,35.56,56.27,2.64,357.2,0.29,97.67,25.52
2019-08-13 12:00:00,35.87,55.01,2.35,4.4,0.41,97.63,25.44
2019-08-13 13:00:00,35.39,56.64,1.86,8.7,0.61,97.58,25.49
2019-08-13 14:00:00,34.79,58.72,1.37,7.5,0.64,97.54,25.53
2019-08-13 15:00:00,34.42,60.7,1.07,350.9,0.49,97.5,25.75
2019-08-13 16:00:00,33.99,61.73,1.07,329.6,0.36,97.49,25.6
2019-08-13 17:00:00,33.04,65.74,1.22,318.3,0.19,97.5,25.77
2019-08-13 18:00:00,31.84,76.54,1.08,312.4,0.13,97.53,27.19
2019-08-13 19:00:00,31.23,80.41,1.04,302.0,0.13,97.57,27.48
2019-08-13 20:00:00,30.89,80.48,1.03,303.1,0.09,97.65,27.16
2019-08-13 21:00:00,30.67,80.38,0.95,315.9,0.12,97.73,26.93
2019-08-13 22:00:00,30.47,80.29,0.84,329.2,0.21,97.77,26.72
2019-08-13 23:00:00,30.17,80.83,0.76,353.2,0.33,97.78,26.53
2019-08-14 00:00:00,29.76,82.42,0.76,31.0,0.54,97.78,26.47
2019-08-14 01:00:00,29.22,85.95,0.87,59.0,0.7,97.75,26.65
2019-08-14 02:00:00,28.74,88.67,0.93,77.0,0.66,97.7,26.7
2019-08-14 03:00:00,28.27,90.77,1.07,92.7,0.62,97.66,26.64
2019-08-14 04:00:00,27.82,92.54,1.31,102.8,0.48,97.68,26.53
2019-08-14 05:00:00,27.56,93.15,1.8,106.1,0.41,97.74,26.38
2019-08-14 06:00:00,27.8,91.84,2.94,108.4,0.55,97.82,26.38
2019-08-14 07:00:00,28.3,89.78,3.44,109.9,0.78,97.88,26.48
2019-08-14 08:00:00,29.28,83.68,3.81,112.9,0.44,97.95,26.25
2019-08-14 09:00:00,30.98,74.62,4.1,116.5,0.36,97.96,25.96
2019-08-14 10:00:00,32.25,67.39,4.12,120.6,0.25,97.94,25.46
2019-08-14 11:00:00,33.03,63.34,4.08,125.7,0.17,97.9,25.16
2019-08-14 12:00:00,33.5,61.17,4.01,130.8,0.13,97.82,25.03
2019-08-14 13:00:00,34.03,59.33,3.83,134.7,0.13,97.73,25.0
2019-08-14 14:00:00,34.33,58.39,3.29,138.1,0.15,97.65,25.01
2019-08-14 15:00:00,34.28,58.52,2.44,141.2,0.17,97.6,24.99
2019-08-14 16:00:00,33.83,61.29,1.63,142.2,0.08,97.57,25.36
2019-08-14 17:00:00,33.28,62.23,1.12,139.3,0.03,97.58,25.07
2019-08-14 18:00:00,32.11,70.01,0.66,130.7,0.01,97.64,25.94
2019-08-14 19:00:00,31.72,71.01,0.47,113.8,0.01,97.72,25.82
2019-08-14 20:00:00,31.23,72.9,0.54,104.0,0.01,97.79,25.79
2019-08-14 21:00:00,30.6,77.66,0.7,111.0,0.08,97.83,26.26
2019-08-14 22:00:00,29.91,83.15,0.83,111.9,0.14,97.85,26.75
2019-08-14 23:00:00,29.15,87.48,0.92,98.1,0.28,97.85,26.88
2019-08-15 00:00:00,28.46,89.62,1.0,84.2,0.67,97.84,26.6
2019-08-15 01:00:00,27.77,90.88,1.35,79.8,1.24,97.8,26.18
2019-08-15 02:00:00,27.38,93.06,1.32,79.1,1.78,97.76,26.19
2019-08-15 03:00:00,27.13,94.68,1.49,80.0,2.13,97.75,26.23
2019-08-15 04:00:00,26.93,96.22,1.88,78.6,1.78,97.78,26.3
2019-08-15 05:00:00,26.93,96.2,2.52,83.4,0.75,97.81,26.3
2019-08-15 06:00:00,27.21,94.9,3.5,87.7,0.21,97.86,26.34
2019-08-15 07:00:00,27.51,93.37,3.61,87.0,0.13,97.91,26.36
2019-08-15 08:00:00,28.06,87.99,4.33,84.7,0.86,97.94,25.91
2019-08-15 09:00:00,29.35,79.93,5.34,84.6,1.33,97.94,25.55
2019-08-15 10:00:00,31.32,70.36,6.36,88.6,0.85,97.9,25.3
2019-08-15 11:00:00,32.64,64.85,6.91,94.0,0.23,97.83,25.19
2019-08-15 12:00:00,33.3,62.38,6.94,97.8,0.06,97.75,25.16
2019-08-15 13:00:00,33.47,61.83,6.65,97.9,0.03,97.66,25.16
2019-08-15 14:00:00,33.25,62.46,6.02,95.2,0.03,97.6,25.13
2019-08-15 15:00:00,32.81,63.9,5.35,90.6,0.03,97.56,25.09
2019-08-15 16:00:00,31.96,67.45,4.69,86.0,0.01,97.55,25.2
2019-08-15 17:00:00,30.65,74.62,3.76,82.8,0.02,97.56,25.65
2019-08-15 18:00:00,29.11,82.94,3.02,80.9,0.05,97.58,25.94
2019-08-15 19:00:00,28.47,85.57,3.67,81.2,0.04,97.64,25.85
2019-08-15 20:00:00,28.01,87.94,4.15,79.0,0.03,97.69,25.85
2019-08-15 21:00:00,27.59,90.72,4.11,73.0,0.04,97.72,25.96
2019-08-15 22:00:00,27.24,92.69,4.23,66.0,0.04,97.72,25.99
2019-08-15 23:00:00,26.96,93.84,4.46,60.2,0.05,97.68,25.91
2019-08-16 00:00:00,26.71,94.63,4.66,56.5,0.23,97.65,25.8
2019-08-16 01:00:00,26.54,94.97,4.82,55.9,0.64,97.6,25.69
2019-08-16 02:00:00,26.41,95.27,4.86,58.5,0.25,97.57,25.61
2019-08-16 03:00:00,26.29,95.4,4.96,69.6,0.03,97.56,25.52
2019-08-16 04:00:00,26.05,94.33,5.31,87.7,0.01,97.58,25.09
2019-08-16 05:00:00,25.66,93.97,5.22,96.8,0.0,97.62,24.65
2019-08-16 06:00:00,25.91,92.0,5.2,96.4,0.0,97.67,24.53
2019-08-16 07:00:00,26.81,84.97,5.68,96.8,0.0,97.71,24.1
2019-08-16 08:00:00,28.13,76.55,6.4,94.3,0.03,97.75,23.66
2019-08-16 09:00:00,29.52,70.43,6.86,93.4,0.1,97.78,23.59
2019-08-16 10:00:00,30.63,65.86,7.18,92.2,0.17,97.76,23.55
2019-08-16 11:00:00,31.4,62.89,7.46,90.5,0.27,97.69,23.49
2019-08-16 12:00:00,31.53,62.7,7.46,89.3,0.36,97.59,23.57
2019-08-16 13:00:00,31.64,63.13,7.33,89.7,0.43,97.49,23.79
2019-08-16 14:00:00,31.6,64.2,7.21,92.3,0.47,97.4,24.03
2019-08-16 15:00:00,31.24,66.53,6.95,96.5,0.37,97.34,24.29
2019-08-16 16:00:00,30.42,71.0,6.26,99.9,0.25,97.32,24.59
2019-08-16 17:00:00,29.17,78.83,4.62,99.2,0.24,97.34,25.14
2019-08-16 18:00:00,27.88,86.87,3.3,92.1,0.38,97.38,25.52
2019-08-16 19:00:00,27.33,89.85,3.54,88.5,0.42,97.45,25.55
2019-08-16 20:00:00,26.97,92.09,3.63,84.8,0.36,97.52,25.6
2019-08-16 21:00:00,26.73,93.46,3.79,80.9,0.26,97.54,25.6
2019-08-16 22:00:00,26.53,94.39,4.17,77.8,0.27,97.53,25.59
2019-08-16 23:00:00,26.44,94.28,4.79,81.0,0.39,97.5,25.48
2019-08-17 00:00:00,26.32,94.42,5.27,83.9,0.35,97.46,25.38
2019-08-17 01:00:00,26.14,94.8,5.43,85.5,0.29,97.41,25.27
2019-08-17 02:00:00,25.95,95.2,5.38,87.4,0.16,97.38,25.14
2019-08-17 03:00:00,25.79,95.63,5.2,88.5,0.12,97.36,25.06
2019-08-17 04:00:00,25.74,95.74,5.05,92.4,0.11,97.38,25.03
2019-08-17 05:00:00,25.76,95.82,4.85,98.8,0.1,97.43,25.06
2019-08-17 06:00:00,26.31,94.47,5.2,106.0,0.14,97.5,25.37
2019-08-17 07:00:00,27.07,90.51,6.27,119.2,0.32,97.55,25.41
2019-08-17 08:00:00,28.06,84.17,6.84,126.2,0.33,97.59,25.16
2019-08-17 09:00:00,29.27,77.47,7.06,128.2,0.5,97.61,24.94
2019-08-17 10:00:00,30.39,72.87,7.01,128.3,0.56,97.6,24.99
2019-08-17 11:00:00,31.3,70.32,6.66,128.8,0.53,97.54,25.27
2019-08-17 12:00:00,31.97,69.55,6.11,129.9,0.46,97.47,25.72
2019-08-17 13:00:00,31.97,71.21,5.55,131.4,0.41,97.42,26.12
2019-08-17 14:00:00,31.62,74.31,5.35,132.4,0.35,97.38,26.52
2019-08-17 15:00:00,31.07,78.55,5.07,134.1,0.28,97.37,26.92
2019-08-17 16:00:00,30.33,83.55,4.71,138.2,0.2,97.36,27.26
2019-08-17 17:00:00,29.43,87.94,4.63,146.6,0.15,97.39,27.24
2019-08-17 18:00:00,28.56,91.06,4.89,159.5,0.17,97.46,26.99
2019-08-17 19:00:00,27.86,92.55,5.12,173.2,0.19,97.57,26.57
2019-08-17 20:00:00,27.21,92.9,4.71,181.2,0.2,97.68,25.99
2019-08-17 21:00:00,26.7,93.29,4.09,186.3,0.22,97.74,25.55
2019-08-17 22:00:00,26.37,94.21,3.76,187.0,0.45,97.77,25.4
2019-08-17 23:00:00,26.04,95.79,3.51,182.0,0.93,97.76,25.33
2019-08-18 00:00:00,25.85,96.52,3.25,173.1,1.39,97.73,25.28
2019-08-18 01:00:00,25.75,96.65,3.17,172.0,1.87,97.7,25.2
2019-08-18 02:00:00,25.69,96.66,3.0,176.9,1.89,97.69,25.14
2019-08-18 03:00:00,25.62,96.81,2.76,182.3,1.89,97.72,25.09
2019-08-18 04:00:00,25.52,96.96,2.61,182.4,1.47,97.76,25.03
2019-08-18 05:00:00,25.57,96.58,2.81,181.2,0.68,97.81,25.01
2019-08-18 06:00:00,26.16,94.54,3.58,181.1,0.27,97.86,25.24
2019-08-18 07:00:00,27.11,90.86,3.67,192.9,0.11,97.92,25.5
2019-08-18 08:00:00,28.32,84.62,3.62,213.2,0.73,97.97,25.5
2019-08-18 09:00:00,29.39,79.85,3.31,227.7,0.78,97.98,25.58
2019-08-18 10:00:00,30.29,76.54,3.0,240.7,0.96,97.95,25.72
2019-08-18 11:00:00,31.14,73.49,2.81,256.9,1.31,97.9,25.87
2019-08-18 12:00:00,31.61,71.84,2.71,273.6,1.62,97.84,25.93
2019-08-18 13:00:00,31.57,72.44,2.55,285.7,1.62,97.8,26.03
2019-08-18 14:00:00,31.36,73.82,2.22,292.8,1.16,97.77,26.14
2019-08-18 15:00:00,31.08,75.88,1.98,297.1,0.68,97.77,26.34
2019-08-18 16:00:00,30.7,79.11,1.67,302.3,0.33,97.78,26.68
2019-08-18 17:00:00,29.91,81.6,1.59,305.0,0.09,97.81,26.44
2019-08-18 18:00:00,28.83,89.38,1.18,302.9,0.03,97.85,26.93
2019-08-18 19:00:00,28.31,90.31,1.27,301.2,0.01,97.91,26.59
2019-08-18 20:00:00,27.92,91.09,1.31,301.3,0.0,97.97,26.36
2019-08-18 21:00:00,27.53,91.93,1.37,301.6,0.0,98.0,26.13
2019-08-18 22:00:00,27.17,92.42,1.46,301.8,0.0,98.02,25.86
2019-08-18 23:00:00,26.82,93.4,1.59,304.5,0.01,98.04,25.68
2019-08-19 00:00:00,26.44,94.56,1.79,308.7,0.01,98.02,25.52
2019-08-19 01:00:00,26.05,95.5,1.94,312.5,0.02,97.99,25.31
2019-08-19 02:00:00,25.68,96.57,1.99,313.4,0.03,97.96,25.12
2019-08-19 03:00:00,25.41,97.35,2.05,312.4,0.02,97.95,24.99
2019-08-19 04:00:00,25.2,97.84,2.02,310.4,0.04,97.97,24.86
2019-08-19 05:00:00,25.32,97.15,2.18,306.6,0.06,98.03,24.86
2019-08-19 06:00:00,26.55,92.84,2.98,300.2,0.11,98.11,25.32
2019-08-19 07:00:00,28.29,83.17,3.31,301.1,0.33,98.2,25.18
2019-08-19 08:00:00,29.77,73.99,3.77,303.6,0.26,98.25,24.66
2019-08-19 09:00:00,30.99,68.26,3.85,305.2,0.35,98.26,24.48
2019-08-19 10:00:00,31.98,64.9,3.78,306.0,0.43,98.23,24.57
2019-08-19 11:00:00,32.63,62.83,3.62,306.8,0.48,98.17,24.64
2019-08-19 12:00:00,33.17,61.33,3.46,307.7,0.41,98.09,24.74
2019-08-19 13:00:00,33.47,60.35,3.35,308.1,0.31,98.01,24.75
2019-08-19 14:00:00,33.45,60.14,3.25,308.4,0.22,97.95,24.67
2019-08-19 15:00:00,33.25,60.25,3.08,308.8,0.13,97.91,24.52
2019-08-19 16:00:00,32.68,63.05,2.63,308.0,0.08,97.9,24.74
2019-08-19 17:00:00,31.3,68.35,2.49,305.7,0.05,97.93,24.77
2019-08-19 18:00:00,29.12,81.13,2.03,305.2,0.03,97.97,25.56
2019-08-19 19:00:00,28.33,82.55,2.15,308.2,0.02,98.03,25.1
2019-08-19 20:00:00,27.8,83.5,2.18,313.5,0.02,98.09,24.77
2019-08-19 21:00:00,27.34,84.39,2.15,318.8,0.01,98.1,24.5
2019-08-19 22:00:00,26.91,85.27,2.09,324.0,0.01,98.08,24.25
2019-08-19 23:00:00,26.5,86.53,2.02,329.0,0.01,98.05,24.08
2019-08-20 00:00:00,26.11,88.06,1.92,334.8,0.01,98.02,24.01
2019-08-20 01:00:00,25.77,89.67,1.81,340.0,0.02,97.97,23.96
2019-08-20 02:00:00,25.45,91.37,1.79,335.6,0.02,97.96,23.97
2019-08-20 03:00:00,25.17,92.9,1.89,327.7,0.02,97.95,23.96
2019-08-20 04:00:00,24.96,94.33,2.12,321.5,0.01,97.97,24.01
2019-08-20 05:00:00,25.07,94.91,2.74,315.7,0.03,98.0,24.22
2019-08-20 06:00:00,26.2,91.89,3.91,309.9,0.06,98.07,24.8
2019-08-20 07:00:00,28.21,84.42,3.99,312.2,0.16,98.13,25.35
2019-08-20 08:00:00,30.19,74.54,4.17,320.8,0.01,98.17,25.19
2019-08-20 09:00:00,31.35,69.38,3.88,328.2,0.01,98.19,25.1
2019-08-20 10:00:00,32.11,66.51,3.9,331.7,0.03,98.17,25.1
2019-08-20 11:00:00,32.78,64.02,4.17,331.8,0.03,98.13,25.1
2019-08-20 12:00:00,33.21,62.05,4.52,331.6,0.02,98.06,24.97
2019-08-20 13:00:00,33.39,60.39,4.95,331.1,0.02,97.98,24.7
2019-08-20 14:00:00,33.35,59.48,5.0,330.9,0.01,97.89,24.4
2019-08-20 15:00:00,33.26,58.42,4.88,330.1,0.01,97.83,24.02
2019-08-20 16:00:00,32.33,62.01,4.14,329.5,0.0,97.79,24.13
2019-08-20 17:00:00,30.88,69.94,3.23,329.5,0.0,97.79,24.77
2019-08-20 18:00:00,28.58,78.61,2.57,329.8,0.0,97.83,24.52
2019-08-20 19:00:00,27.62,80.97,2.61,329.1,0.0,97.89,24.08
2019-08-20 20:00:00,26.91,82.94,2.57,329.2,0.0,97.95,23.79
2019-08-20 21:00:00,26.28,84.65,2.52,331.0,0.0,97.96,23.51
2019-08-20 22:00:00,25.73,86.52,2.41,334.4,0.0,97.96,23.33
2019-08-20 23:00:00,25.33,88.01,2.23,337.6,0.0,97.94,23.22
2019-08-21 00:00:00,25.03,88.93,2.03,336.8,0.0,97.91,23.11
2019-08-21 01:00:00,24.76,89.85,1.89,330.4,0.0,97.87,23.01
2019-08-21 02:00:00,24.46,91.0,1.86,319.8,0.0,97.85,22.91
2019-08-21 03:00:00,24.12,92.25,1.94,309.4,0.0,97.83,22.81
2019-08-21 04:00:00,23.82,93.26,2.05,301.4,0.0,97.84,22.69
2019-08-21 05:00:00,23.95,93.17,2.1,296.9,0.0,97.86,22.8
2019-08-21 06:00:00,25.96,84.71,3.1,295.8,0.0,97.91,23.2
2019-08-21 07:00:00,27.8,78.65,3.11,297.6,0.0,97.95,23.77
2019-08-21 08:00:00,30.73,65.72,4.08,308.3,0.01,97.99,23.59
2019-08-21 09:00:00,32.71,57.42,4.86,316.9,0.01,98.01,23.22
2019-08-21 10:00:00,34.04,53.02,5.48,321.8,0.01,97.99,23.13
2019-08-21 11:00:00,34.85,50.61,5.8,323.9,0.01,97.93,23.11
2019-08-21 12:00:00,35.35,49.36,5.66,325.4,0.01,97.87,23.16
2019-08-21 13:00:00,35.56,48.82,5.15,327.0,0.01,97.82,23.16
2019-08-21 14:00:00,35.49,48.58,4.49,328.3,0.01,97.77,23.01
2019-08-21 15:00:00,34.98,49.81,3.91,329.4,0.0,97.73,22.97
2019-08-21 16:00:00,34.21,51.54,3.58,328.9,0.0,97.7,22.82
2019-08-21 17:00:00,31.93,63.59,2.83,330.5,0.0,97.69,24.16
2019-08-21 18:00:00,29.29,72.9,2.56,340.2,0.0,97.7,23.94
2019-08-21 19:00:00,28.38,75.53,2.5,354.3,0.0,97.75,23.67
2019-08-21 20:00:00,27.66,78.53,2.43,10.4,0.0,97.82,23.62
2019-08-21 21:00:00,26.96,81.41,2.38,19.1,0.0,97.85,23.53
2019-08-21 22:00:00,26.37,83.98,2.26,22.9,0.0,97.86,23.48
2019-08-21 23:00:00,25.9,86.07,2.08,24.7,0.0,97.86,23.42
2019-08-22 00:00:00,25.48,87.82,1.84,27.1,0.0,97.86,23.34
2019-08-22 01:00:00,25.16,89.03,1.58,29.7,0.0,97.87,23.26
2019-08-22 02:00:00,24.96,89.26,1.27,26.6,0.0,97.86,23.1
2019-08-22 03:00:00,24.8,89.33,1.06,8.1,0.0,97.86,22.95
2019-08-22 04:00:00,24.49,90.62,1.08,343.9,0.0,97.88,22.88
2019-08-22 05:00:00,24.44,91.54,1.03,336.7,0.0,97.93,22.99
2019-08-22 06:00:00,25.71,84.65,1.23,328.6,0.0,98.0,22.95
2019-08-22 07:00:00,27.6,76.99,1.36,320.9,0.0,98.05,23.23
2019-08-22 08:00:00,30.66,60.09,2.56,333.0,0.0,98.08,22.06
2019-08-22 09:00:00,32.15,54.31,3.33,338.0,0.0,98.08,21.79
2019-08-22 10:00:00,33.21,51.51,3.85,342.5,0.01,98.05,21.89
2019-08-22 11:00:00,33.96,49.4,4.19,345.8,0.01,97.98,21.9
2019-08-22 12:00:00,34.46,47.93,4.31,348.2,0.02,97.92,21.85
2019-08-22 13:00:00,34.54,47.99,4.22,350.3,0.03,97.85,21.95
2019-08-22 14:00:00,34.38,48.47,4.04,353.8,0.04,97.79,21.98
2019-08-22 15:00:00,33.96,49.74,3.72,357.8,0.03,97.75,22.01
2019-08-22 16:00:00,33.12,53.86,3.14,2.2,0.02,97.75,22.53
2019-08-22 17:00:00,31.47,61.19,2.73,7.8,0.01,97.76,23.1
2019-08-22 18:00:00,29.12,73.76,2.1,23.6,0.0,97.8,23.98
2019-08-22 19:00:00,28.38,75.72,2.1,38.2,0.0,97.84,23.69
2019-08-22 20:00:00,28.01,76.84,1.92,49.0,0.01,97.89,23.59
2019-08-22 21:00:00,27.99,75.64,1.53,60.6,0.01,97.91,23.31
2019-08-22 22:00:00,28.22,72.1,0.99,79.5,0.01,97.91,22.74
2019-08-22 23:00:00,28.46,68.35,0.39,126.6,0.02,97.89,22.09
2019-08-23 00:00:00,27.79,72.21,0.62,237.6,0.02,97.87,22.35
2019-08-23 01:00:00,26.82,79.68,1.21,261.9,0.03,97.84,23.03
2019-08-23 02:00:00,26.14,84.24,1.5,274.6,0.04,97.83,23.29
2019-08-23 03:00:00,25.83,85.82,1.61,287.3,0.05,97.85,23.3
2019-08-23 04:00:00,25.57,86.82,1.67,298.6,0.04,97.89,23.24
2019-08-23 05:00:00,25.52,86.98,1.69,306.3,0.02,97.95,23.22
2019-08-23 06:00:00,26.42,81.09,2.39,311.4,0.02,98.0,22.94
2019-08-23 07:00:00,27.49,76.6,2.4,311.8,0.06,98.05,23.04
2019-08-23 08:00:00,30.36,63.58,2.31,313.1,0.2,98.07,22.7
2019-08-23 09:00:00,32.49,54.37,2.32,317.4,0.2,98.05,22.12
2019-08-23 10:00:00,33.59,51.6,2.3,319.6,0.2,98.01,22.27
2019-08-23 11:00:00,34.43,49.54,2.23,320.5,0.19,97.93,22.36
2019-08-23 12:00:00,35.02,47.98,2.05,321.3,0.17,97.84,22.39
2019-08-23 13:00:00,35.34,47.03,1.76,323.3,0.19,97.77,22.34
2019-08-23 14:00:00,35.37,47.09,1.69,325.4,0.16,97.72,22.39
2019-08-23 15:00:00,35.34,46.91,1.81,326.5,0.08,97.7,22.31
2019-08-23 16:00:00,34.99,48.38,1.83,328.0,0.02,97.7,22.48
2019-08-23 17:00:00,33.6,52.71,1.84,330.4,0.0,97.71,22.6
2019-08-23 18:00:00,31.34,68.77,1.65,339.5,0.0,97.74,24.93
2019-08-23 19:00:00,30.58,69.99,1.79,350.3,0.0,97.78,24.49
2019-08-23 20:00:00,29.96,71.47,1.8,1.0,0.0,97.83,24.25
2019-08-23 21:00:00,29.39,72.66,1.72,11.4,0.0,97.85,23.98
2019-08-23 22:00:00,28.89,73.44,1.62,19.9,0.0,97.85,23.68
2019-08-23 23:00:00,28.5,73.62,1.46,29.9,0.0,97.85,23.36
2019-08-24 00:00:00,28.0,74.15,1.38,44.7,0.0,97.83,22.99
2019-08-24 01:00:00,27.44,75.72,1.36,57.0,0.0,97.82,22.79
2019-08-24 02:00:00,27.0,77.44,1.35,62.1,0.0,97.82,22.75
2019-08-24 03:00:00,26.81,79.28,1.27,63.4,0.0,97.83,22.93
2019-08-24 04:00:00,26.78,79.31,1.14,61.2,0.0,97.86,22.92
2019-08-24 05:00:00,26.89,79.51,0.92,54.2,0.0,97.88,23.06
2019-08-24 06:00:00,28.09,73.39,0.79,48.1,0.0,97.93,22.89
2019-08-24 07:00:00,29.62,67.35,0.47,33.7,0.01,97.98,22.95
2019-08-24 08:00:00,33.33,51.36,0.48,336.6,0.0,98.01,21.96
2019-08-24 09:00:00,35.29,44.5,1.51,323.9,0.01,98.02,21.38
2019-08-24 10:00:00,36.32,42.37,2.05,333.9,0.02,97.99,21.51
2019-08-24 11:00:00,36.99,40.97,2.36,345.3,0.02,97.93,21.57
2019-08-24 12:00:00,37.39,40.44,2.64,353.9,0.03,97.86,21.71
2019-08-24 13:00:00,37.25,40.96,2.87,358.6,0.04,97.78,21.79
2019-08-24 14:00:00,36.86,41.88,2.82,0.0,0.06,97.71,21.81
2019-08-24 15:00:00,36.34,44.22,2.31,2.7,0.05,97.69,22.24
2019-08-24 16:00:00,35.75,44.31,1.79,11.9,0.05,97.68,21.72
2019-08-24 17:00:00,34.48,48.31,1.14,44.6,0.05,97.71,21.99
2019-08-24 18:00:00,32.07,66.79,1.31,101.5,0.04,97.75,25.12
2019-08-24 19:00:00,30.61,71.24,1.9,123.2,0.05,97.8,24.83
2019-08-24 20:00:00,29.37,76.64,2.28,133.6,0.07,97.83,24.87
2019-08-24 21:00:00,28.22,83.7,2.8,140.2,0.07,97.86,25.21
2019-08-24 22:00:00,27.43,88.94,3.04,143.2,0.1,97.9,25.47
2019-08-24 23:00:00,26.93,92.55,2.88,146.5,0.11,97.92,25.64
2019-08-25 00:00:00,26.68,94.45,2.4,151.4,0.14,97.92,25.74
2019-08-25 01:00:00,26.5,95.75,1.87,157.0,0.14,97.9,25.78
2019-08-25 02:00:00,26.42,96.11,1.74,161.9,0.13,97.9,25.78
2019-08-25 03:00:00,26.35,96.15,1.88,164.9,0.12,97.9,25.72
2019-08-25 04:00:00,26.25,96.29,1.98,164.2,0.13,97.92,25.64
2019-08-25 05:00:00,26.21,96.11,2.27,161.5,0.13,97.96,25.57
2019-08-25 06:00:00,26.68,94.03,3.05,160.1,0.13,98.03,25.67
2019-08-25 07:00:00,27.46,89.9,3.23,163.8,0.13,98.07,25.68
2019-08-25 08:00:00,28.62,81.64,3.15,160.4,1.62,98.11,25.19
2019-08-25 09:00:00,29.85,73.93,2.69,148.4,1.48,98.13,24.72
2019-08-25 10:00:00,30.65,69.73,2.3,135.2,1.39,98.1,24.52
2019-08-25 11:00:00,31.2,67.2,1.98,120.3,1.07,98.05,24.42
2019-08-25 12:00:00,31.49,65.36,1.8,104.8,0.9,97.99,24.22
2019-08-25 13:00:00,31.64,64.44,1.75,92.9,0.54,97.93,24.14
2019-08-25 14:00:00,31.63,64.08,1.79,76.4,0.27,97.88,24.03
2019-08-25 15:00:00,31.48,64.7,1.99,64.5,0.1,97.84,24.06
2019-08-25 16:00:00,31.1,68.04,1.98,64.6,0.04,97.83,24.52
2019-08-25 17:00:00,30.28,71.06,2.08,69.1,0.01,97.83,24.47
2019-08-25 18:00:00,28.92,81.83,1.58,73.1,0.0,97.86,25.53
2019-08-25 19:00:00,28.4,83.94,1.67,71.9,0.0,97.91,25.45
2019-08-25 20:00:00,27.96,85.35,1.74,74.0,0.0,97.97,25.3
2019-08-25 21:00:00,27.54,86.96,1.73,80.4,0.0,98.0,25.19
2019-08-25 22:00:00,27.16,88.42,1.74,86.1,0.0,98.02,25.11
2019-08-25 23:00:00,26.88,89.54,1.88,86.3,0.0,98.02,25.04
2019-08-26 00:00:00,26.64,90.63,2.22,84.3,0.0,98.01,25.0
2019-08-26 01:00:00,26.36,92.34,2.54,80.5,0.0,98.0,25.05
2019-08-26 02:00:00,26.17,93.69,2.7,73.4,0.0,97.99,25.1
2019-08-26 03:00:00,26.08,94.32,2.8,66.5,0.0,97.98,25.11
2019-08-26 04:00:00,25.97,94.59,2.85,60.4,0.0,97.99,25.06
2019-08-26 05:00:00,25.9,94.23,2.93,56.4,0.0,98.03,24.93
2019-08-26 06:00:00,26.32,90.84,3.33,54.5,0.0,98.07,24.73
2019-08-26 07:00:00,27.21,83.8,3.0,54.5,0.12,98.1,24.25
2019-08-26 08:00:00,28.76,72.67,3.07,71.6,0.0,98.1,23.39
2019-08-26 09:00:00,30.46,66.39,3.34,93.4,0.0,98.1,23.5
2019-08-26 10:00:00,31.62,62.79,3.54,102.2,0.0,98.07,23.68
2019-08-26 11:00:00,32.41,59.89,3.5,104.4,0.0,98.02,23.63
2019-08-26 12:00:00,33.34,56.77,3.35,105.8,0.0,97.95,23.61
2019-08-26 13:00:00,34.11,54.71,3.09,107.3,0.0,97.88,23.71
2019-08-26 14:00:00,34.16,54.12,2.88,108.0,0.0,97.81,23.58
2019-08-26 15:00:00,33.83,54.73,2.69,108.4,0.0,97.78,23.46
2019-08-26 16:00:00,33.04,58.08,2.35,109.7,0.0,97.78,23.72
2019-08-26 17:00:00,31.97,62.28,2.06,113.2,0.0,97.79,23.85
2019-08-26 18:00:00,30.29,73.6,1.34,126.2,0.0,97.82,25.06
2019-08-26 19:00:00,29.78,76.16,1.15,144.9,0.0,97.88,25.15
2019-08-26 20:00:00,29.41,77.5,0.89,169.7,0.0,97.92,25.09
2019-08-26 21:00:00,29.1,78.23,0.71,213.5,0.0,97.94,24.94
2019-08-26 22:00:00,28.73,78.68,0.76,261.7,0.0,97.94,24.69
2019-08-26 23:00:00,28.32,79.37,0.9,296.3,0.0,97.93,24.42
2019-08-27 00:00:00,27.89,80.43,1.04,333.2,0.0,97.92,24.23
2019-08-27 01:00:00,27.3,83.33,1.22,359.5,0.0,97.92,24.25
2019-08-27 02:00:00,26.81,85.44,1.21,18.3,0.0,97.9,24.18
2019-08-27 03:00:00,26.53,86.19,1.07,40.1,0.0,97.9,24.06
2019-08-27 04:00:00,26.36,86.5,0.95,71.0,0.0,97.92,23.95
2019-08-27 05:00:00,26.3,87.56,0.92,106.5,0.0,97.96,24.09
2019-08-27 06:00:00,27.67,80.58,1.18,137.4,0.0,98.0,24.04
2019-08-27 07:00:00,30.11,70.25,1.67,152.5,0.0,98.04,24.12
2019-08-27 08:00:00,31.92,64.03,1.78,138.2,0.0,98.06,24.28
2019-08-27 09:00:00,33.17,60.58,1.96,120.8,0.0,98.05,24.53
2019-08-27 10:00:00,34.19,57.23,2.23,112.1,0.0,98.01,24.54
2019-08-27 11:00:00,34.85,54.89,2.4,105.5,0.0,97.95,24.46
2019-08-27 12:00:00,35.27,53.48,2.47,97.4,0.0,97.87,24.4
2019-08-27 13:00:00,35.52,52.47,2.57,89.6,0.0,97.79,24.32
2019-08-27 14:00:00,35.51,52.09,2.72,86.8,0.0,97.73,24.19
2019-08-27 15:00:00,35.37,52.05,2.79,90.4,0.0,97.69,24.05
2019-08-27 16:00:00,34.69,54.95,2.61,96.4,0.0,97.69,24.32
2019-08-27 17:00:00,33.51,59.35,2.42,105.4,0.0,97.72,24.5
2019-08-27 18:00:00,31.42,71.4,1.86,124.0,0.0,97.76,25.64
2019-08-27 19:00:00,30.68,73.55,2.0,141.7,0.0,97.82,25.44
2019-08-27 20:00:00,30.03,76.02,2.06,153.2,0.0,97.89,25.36
2019-08-27 21:00:00,29.42,78.76,1.99,160.9,0.0,97.92,25.36
2019-08-27 22:00:00,28.8,81.55,1.87,165.1,0.0,97.92,25.35
2019-08-27 23:00:00,28.37,83.69,1.65,165.3,0.0,97.91,25.36
2019-08-28 00:00:00,28.01,85.32,1.42,156.0,0.0,97.88,25.34
2019-08-28 01:00:00,27.61,87.23,1.3,137.5,0.0,97.86,25.31
2019-08-28 02:00:00,27.19,89.22,1.4,125.4,0.0,97.86,25.28
2019-08-28 03:00:00,26.87,90.63,1.53,125.5,0.0,97.88,25.23
2019-08-28 04:00:00,26.63,91.82,1.62,130.3,0.0,97.92,25.22
2019-08-28 05:00:00,26.66,92.11,1.73,133.6,0.0,97.97,25.3
2019-08-28 06:00:00,28.06,85.97,2.57,135.2,0.0,98.03,25.51
2019-08-28 07:00:00,30.47,74.73,2.94,136.8,0.0,98.08,25.49
2019-08-28 08:00:00,32.51,64.56,3.78,131.2,0.0,98.09,24.98
2019-08-28 09:00:00,33.68,59.42,3.91,121.4,0.0,98.08,24.7
2019-08-28 10:00:00,34.69,55.51,4.1,113.1,0.0,98.04,24.5
2019-08-28 11:00:00,35.5,52.41,4.22,108.8,0.0,97.98,24.29
2019-08-28 12:00:00,36.08,50.27,4.19,106.1,0.0,97.92,24.12
2019-08-28 13:00:00,36.2,49.16,4.09,103.2,0.0,97.84,23.85
2019-08-28 14:00:00,36.14,49.04,3.79,100.2,0.0,97.79,23.77
2019-08-28 15:00:00,35.76,49.77,3.47,98.9,0.0,97.76,23.66
2019-08-28 16:00:00,34.89,53.87,2.95,99.2,0.0,97.77,24.17
2019-08-28 17:00:00,33.55,59.45,2.49,103.5,0.0,97.81,24.56
2019-08-28 18:00:00,31.59,69.8,1.81,120.3,0.0,97.87,25.41
2019-08-28 19:00:00,30.89,72.0,1.87,140.2,0.0,97.94,25.27
2019-08-28 20:00:00,30.23,74.29,2.05,153.1,0.0,98.02,25.16
2019-08-28 21:00:00,29.63,76.48,2.21,159.4,0.0,98.05,25.08
2019-08-28 22:00:00,29.1,78.75,2.21,162.9,0.0,98.07,25.06
2019-08-28 23:00:00,28.65,80.9,2.07,163.4,0.0,98.06,25.07
2019-08-29 00:00:00,28.25,82.79,1.93,160.0,0.0,98.05,25.07
2019-08-29 01:00:00,27.97,84.0,1.85,152.6,0.0,98.01,25.04
2019-08-29 02:00:00,27.71,84.97,1.79,148.7,0.0,97.98,24.98
2019-08-29 03:00:00,27.43,86.25,1.57,151.8,0.0,97.99,24.95
2019-08-29 04:00:00,27.14,87.42,1.46,154.8,0.0,98.03,24.89
2019-08-29 05:00:00,27.09,87.39,1.55,154.8,0.0,98.09,24.84
2019-08-29 06:00:00,28.24,80.94,2.35,154.3,0.0,98.18,24.68
2019-08-29 07:00:00,30.52,70.66,2.44,151.9,0.0,98.23,24.61
2019-08-29 08:00:00,32.88,58.4,3.05,138.6,0.02,98.25,23.65
2019-08-29 09:00:00,34.0,54.06,3.04,132.3,0.06,98.24,23.41
2019-08-29 10:00:00,34.56,52.27,2.91,130.0,0.08,98.19,23.37
2019-08-29 11:00:00,34.94,50.78,2.71,130.2,0.09,98.11,23.24
2019-08-29 12:00:00,35.31,49.82,2.45,132.4,0.08,98.03,23.26
2019-08-29 13:00:00,35.64,48.82,2.28,135.9,0.06,97.94,23.23
2019-08-29 14:00:00,35.56,49.1,2.33,138.7,0.04,97.86,23.26
2019-08-29 15:00:00,35.15,51.02,2.55,141.4,0.03,97.82,23.52
2019-08-29 16:00:00,34.56,54.17,2.55,144.6,0.02,97.82,23.96
2019-08-29 17:00:00,33.13,60.58,2.31,149.5,0.02,97.83,24.49
2019-08-29 18:00:00,31.28,70.4,1.9,156.8,0.01,97.87,25.27
2019-08-29 19:00:00,30.62,73.37,1.9,167.2,0.02,97.9,25.33
2019-08-29 20:00:00,30.1,76.14,1.83,181.9,0.01,97.93,25.46
2019-08-29 21:00:00,29.61,78.17,1.82,196.2,0.02,97.93,25.44
2019-08-29 22:00:00,29.13,80.29,1.84,198.7,0.03,97.92,25.41
2019-08-29 23:00:00,28.65,82.47,1.91,191.2,0.04,97.92,25.38
2019-08-30 00:00:00,28.23,84.5,2.04,178.9,0.05,97.92,25.39
2019-08-30 01:00:00,27.79,86.81,2.24,167.1,0.09,97.91,25.42
2019-08-30 02:00:00,27.4,89.26,2.23,158.7,0.08,97.9,25.51
2019-08-30 03:00:00,27.13,91.18,1.92,158.0,0.09,97.87,25.6
2019-08-30 04:00:00,26.94,92.78,1.26,157.1,0.09,97.85,25.7
2019-08-30 05:00:00,26.87,93.48,1.0,138.7,0.07,97.86,25.75
2019-08-30 06:00:00,27.45,90.62,1.52,124.5,0.07,97.93,25.8
2019-08-30 07:00:00,28.8,84.23,1.68,142.5,0.09,98.01,25.89
2019-08-30 08:00:00,30.62,74.28,1.56,155.7,0.0,98.04,25.53
2019-08-30 09:00:00,31.74,67.75,1.46,141.1,0.0,98.04,25.06
2019-08-30 10:00:00,32.56,63.78,1.7,136.9,0.0,97.98,24.82
2019-08-30 11:00:00,33.29,60.65,1.85,142.7,0.0,97.9,24.68
2019-08-30 12:00:00,33.95,57.96,1.82,149.6,0.0,97.8,24.53
2019-08-30 13:00:00,34.08,56.85,1.61,156.1,0.0,97.69,24.32
2019-08-30 14:00:00,34.22,55.95,1.26,168.1,0.0,97.59,24.2
2019-08-30 15:00:00,34.13,55.66,1.05,186.6,0.0,97.53,24.02
2019-08-30 16:00:00,34.03,56.7,0.95,204.1,0.0,97.51,24.24
2019-08-30 17:00:00,33.44,59.07,0.83,218.7,0.0,97.51,24.36
2019-08-30 18:00:00,32.27,64.34,0.81,224.0,0.0,97.53,24.7
2019-08-30 19:00:00,31.72,66.11,1.05,219.6,0.0,97.59,24.64
2019-08-30 20:00:00,30.93,70.28,1.39,218.3,0.0,97.64,24.9
2019-08-30 21:00:00,30.21,72.57,1.61,222.2,0.0,97.66,24.75
2019-08-30 22:00:00,29.65,75.28,1.68,230.3,0.0,97.67,24.82
2019-08-30 23:00:00,29.19,76.96,1.57,243.6,0.0,97.66,24.76
2019-08-31 00:00:00,28.8,78.47,1.38,262.9,0.0,97.65,24.71
2019-08-31 01:00:00,28.42,79.52,1.27,290.7,0.0,97.61,24.57
2019-08-31 02:00:00,28.22,79.51,1.17,315.7,0.0,97.59,24.35
2019-08-31 03:00:00,28.17,79.11,1.02,334.9,0.0,97.6,24.23
2019-08-31 04:00:00,28.13,78.87,0.89,347.1,0.0,97.62,24.14
2019-08-31 05:00:00,28.07,79.43,0.84,0.7,0.0,97.63,24.2
2019-08-31 06:00:00,29.17,74.37,1.08,27.0,0.0,97.67,24.16
2019-08-31 07:00:00,31.65,64.3,1.41,44.4,0.0,97.72,24.11
2019-08-31 08:00:00,33.74,56.59,1.24,37.8,1.47,97.74,23.95
2019-08-31 09:00:00,34.65,54.02,0.98,34.2,1.37,97.75,24.01
2019-08-31 10:00:00,35.48,51.66,0.76,32.6,1.71,97.71,24.04
2019-08-31 11:00:00,35.99,50.31,0.64,27.8,2.33,97.65,24.05
2019-08-31 12:00:00,36.16,50.08,0.56,14.5,2.34,97.58,24.13
2019-08-31 13:00:00,36.11,50.28,0.57,349.9,2.12,97.49,24.15
2019-08-31 14:00:00,35.97,50.7,0.47,338.9,1.42,97.41,24.16
2019-08-31 15:00:00,35.82,51.17,0.13,315.0,0.75,97.36,24.17
2019-08-31 16:00:00,35.33,53.55,0.36,189.7,0.56,97.35,24.44
2019-08-31 17:00:00,34.37,55.78,0.77,185.2,0.36,97.36,24.25
2019-08-31 18:00:00,32.43,74.34,1.08,184.8,0.32,97.4,27.26
2019-08-31 19:00:00,31.44,77.02,1.55,188.9,0.25,97.46,26.93
2019-08-31 20:00:00,30.63,78.58,1.82,191.1,0.14,97.54,26.5
2019-08-31 21:00:00,29.81,81.17,2.03,189.4,0.49,97.6,26.26
2019-08-31 22:00:00,29.09,84.57,2.21,187.5,0.4,97.64,26.25
2019-08-31 23:00:00,28.59,86.51,2.3,189.7,0.6,97.65,26.14
2019-09-01 00:00:00,28.2,88.03,2.29,195.7,1.01,97.63,26.06
2019-09-01 01:00:00,27.86,89.56,2.09,202.8,1.18,97.59,26.0
2019-09-01 02:00:00,27.57,91.33,1.81,208.7,1.61,97.58,26.06
2019-09-01 03:00:00,27.35,92.9,1.58,211.8,1.48,97.59,26.13
2019-09-01 04:00:00,27.2,93.73,1.43,207.1,1.63,97.65,26.13
2019-09-01 05:00:00,27.24,93.92,1.24,189.8,1.25,97.73,26.19
2019-09-01 06:00:00,28.22,88.91,1.7,163.3,1.18,97.82,26.23
2019-09-01 07:00:00,29.16,85.08,2.36,151.7,1.72,97.89,26.42
2019-09-01 08:00:00,31.39,72.63,3.16,159.0,0.06,97.91,25.89
2019-09-01 09:00:00,32.91,64.78,3.37,162.6,0.09,97.91,25.43
2019-09-01 10:00:00,33.7,61.79,3.46,157.4,0.11,97.89,25.37
2019-09-01 11:00:00,34.0,60.68,3.63,151.4,0.12,97.85,25.34
2019-09-01 12:00:00,33.9,61.04,3.8,151.4,0.16,97.78,25.35
2019-09-01 13:00:00,33.85,61.52,3.93,154.3,0.21,97.72,25.44
2019-09-01 14:00:00,33.32,63.63,3.83,156.0,0.14,97.66,25.51
2019-09-01 15:00:00,32.32,68.35,3.54,154.6,0.08,97.65,25.75
2019-09-01 16:00:00,31.47,72.15,3.3,154.1,0.06,97.66,25.87
2019-09-01 17:00:00,30.34,77.91,2.84,154.8,0.05,97.67,26.08
2019-09-01 18:00:00,29.07,85.23,2.1,158.2,0.03,97.68,26.35
2019-09-01 19:00:00,28.54,87.91,1.89,164.1,0.01,97.7,26.37
2019-09-01 20:00:00,28.2,89.91,1.59,168.4,0.01,97.75,26.42
2019-09-01 21:00:00,27.97,91.44,1.22,161.4,0.0,97.79,26.47
2019-09-01 22:00:00,27.75,92.61,1.11,139.4,0.01,97.83,26.47
2019-09-01 23:00:00,27.51,93.31,1.42,132.1,0.02,97.84,26.37
2019-09-02 00:00:00,27.25,94.01,1.78,137.5,0.03,97.83,26.23
2019-09-02 01:00:00,27.05,94.82,1.65,146.9,0.05,97.78,26.18
2019-09-02 02:00:00,26.86,95.81,1.21,159.6,0.04,97.75,26.16
2019-09-02 03:00:00,26.7,96.48,0.81,175.1,0.03,97.74,26.12
2019-09-02 04:00:00,26.73,95.21,0.45,195.6,0.03,97.77,25.92
2019-09-02 05:00:00,26.84,94.35,0.24,235.0,0.03,97.83,25.88
2019-09-02 06:00:00,27.84,88.43,0.47,243.4,0.04,97.9,25.75
2019-09-02 07:00:00,29.79,78.88,0.58,272.0,0.05,97.95,25.72
2019-09-02 08:00:00,31.59,66.66,0.69,311.5,0.0,97.97,24.63
2019-09-02 09:00:00,32.4,62.79,0.95,341.0,0.0,97.96,24.4
2019-09-02 10:00:00,33.42,60.05,1.23,357.7,0.0,97.92,24.62
2019-09-02 11:00:00,34.2,58.07,1.47,3.9,0.0,97.84,24.8
2019-09-02 12:00:00,34.7,56.83,1.6,0.4,0.0,97.73,24.89
2019-09-02 13:00:00,34.8,56.63,1.73,350.7,0.0,97.63,24.93
2019-09-02 14:00:00,34.75,56.91,1.87,338.7,0.0,97.56,24.97
2019-09-02 15:00:00,34.43,58.43,2.03,326.9,0.0,97.52,25.11
2019-09-02 16:00:00,33.74,61.95,2.02,321.4,0.0,97.52,25.45
2019-09-02 17:00:00,32.62,65.95,1.98,320.9,0.0,97.56,25.43
2019-09-02 18:00:00,31.02,75.85,1.51,327.7,0.0,97.61,26.28
2019-09-02 19:00:00,30.6,77.67,1.35,333.1,0.0,97.67,26.27
2019-09-02 20:00:00,30.36,78.32,1.1,334.8,0.0,97.72,26.18
2019-09-02 21:00:00,30.23,77.5,0.88,332.8,0.0,97.75,25.87
2019-09-02 22:00:00,30.11,76.28,0.68,330.8,0.0,97.75,25.51
2019-09-02 23:00:00,29.81,76.68,0.62,336.3,0.0,97.73,25.29
2019-09-03 00:00:00,29.35,78.79,0.74,345.0,0.0,97.69,25.29
2019-09-03 01:00:00,28.73,81.63,0.94,355.7,0.0,97.66,25.29
2019-09-03 02:00:00,28.26,83.24,1.06,7.6,0.0,97.64,25.17
2019-09-03 03:00:00,27.97,83.9,1.05,21.9,0.0,97.65,25.02
2019-09-03 04:00:00,27.75,84.19,1.01,43.0,0.0,97.7,24.85
2019-09-03 05:00:00,27.58,84.87,0.98,67.9,0.0,97.75,24.82
2019-09-03 06:00:00,29.24,76.74,1.17,88.5,0.0,97.8,24.74
2019-09-03 07:00:00,32.07,62.68,0.67,76.2,0.0,97.86,24.06
2019-09-03 08:00:00,33.59,56.98,0.65,6.1,0.02,97.89,23.91
2019-09-03 09:00:00,34.62,53.94,1.12,356.9,0.05,97.89,23.96
2019-09-03 10:00:00,35.45,51.72,1.46,1.2,0.05,97.86,24.02
2019-09-03 11:00:00,36.08,49.85,1.67,3.8,0.06,97.79,23.99
2019-09-03 12:00:00,36.42,48.58,1.85,4.0,0.03,97.69,23.86
2019-09-03 13:00:00,36.41,48.1,1.88,7.7,0.07,97.6,23.69
2019-09-03 14:00:00,36.16,49.02,1.7,11.2,0.06,97.54,23.78
2019-09-03 15:00:00,35.83,49.97,1.43,12.5,0.08,97.5,23.78
2019-09-03 16:00:00,35.34,52.46,0.98,13.6,0.06,97.5,24.13
2019-09-03 17:00:00,34.36,56.22,0.65,19.0,0.01,97.53,24.33
2019-09-03 18:00:00,33.04,62.89,0.39,57.5,0.01,97.58,24.94
2019-09-03 19:00:00,32.34,66.56,0.48,109.6,0.0,97.65,25.23
2019-09-03 20:00:00,31.58,72.1,0.64,136.9,0.0,97.72,25.95
2019-09-03 21:00:00,30.91,75.27,0.74,153.4,0.0,97.74,26.04
2019-09-03 22:00:00,30.49,76.63,0.61,166.7,0.01,97.74,25.95
2019-09-03 23:00:00,30.24,76.47,0.26,195.6,0.04,97.71,25.65
2019-09-04 00:00:00,29.87,78.04,0.47,335.1,0.06,97.67,25.65
2019-09-04 01:00:00,29.09,82.47,1.08,356.8,0.15,97.63,25.83
2019-09-04 02:00:00,28.48,86.72,1.35,9.8,0.27,97.61,26.07
2019-09-04 03:00:00,28.12,89.03,1.41,20.4,0.26,97.61,26.17
2019-09-04 04:00:00,27.87,90.52,1.39,32.7,0.2,97.64,26.19
2019-09-04 05:00:00,27.77,91.46,1.33,42.6,0.11,97.67,26.27
2019-09-04 06:00:00,28.47,87.49,1.72,51.6,0.11,97.72,26.22
2019-09-04 07:00:00,29.49,82.88,2.01,61.5,0.31,97.75,26.3
2019-09-04 08:00:00,31.74,70.45,2.55,61.6,0.01,97.78,25.72
2019-09-04 09:00:00,33.41,61.84,3.02,61.1,0.01,97.78,25.11
2019-09-04 10:00:00,34.29,57.98,3.35,64.9,0.01,97.75,24.85
2019-09-04 11:00:00,34.61,56.49,3.43,72.5,0.01,97.71,24.71
2019-09-04 12:00:00,34.65,56.21,3.28,82.5,0.01,97.63,24.67
2019-09-04 13:00:00,34.38,57.02,2.91,96.7,0.02,97.57,24.66
2019-09-04 14:00:00,34.13,57.88,2.34,118.3,0.02,97.52,24.69
2019-09-04 15:00:00,33.48,60.36,2.16,146.2,0.01,97.51,24.77
2019-09-04 16:00:00,32.65,65.26,2.17,160.1,0.01,97.52,25.29
2019-09-04 17:00:00,31.6,69.89,2.42,162.2,0.01,97.54,25.45
2019-09-04 18:00:00,30.23,77.24,2.57,162.1,0.01,97.59,25.83
2019-09-04 19:00:00,29.5,80.15,3.49,166.6,0.01,97.65,25.74
2019-09-04 20:00:00,28.85,83.85,3.91,171.0,0.01,97.72,25.87
2019-09-04 21:00:00,28.33,87.08,3.71,174.0,0.02,97.75,26.0
2019-09-04 22:00:00,27.93,89.17,3.18,178.6,0.02,97.74,26.0
2019-09-04 23:00:00,27.59,90.48,2.54,185.0,0.03,97.72,25.92
2019-09-05 00:00:00,27.24,91.66,1.85,190.0,0.04,97.71,25.79
2019-09-05 01:00:00,26.95,92.22,1.39,191.6,0.06,97.68,25.61
2019-09-05 02:00:00,26.79,92.39,1.22,186.1,0.07,97.67,25.48
2019-09-05 03:00:00,26.63,92.28,1.23,172.1,0.06,97.69,25.29
2019-09-05 04:00:00,26.5,92.13,1.27,159.7,0.05,97.73,25.14
2019-09-05 05:00:00,26.46,91.72,1.28,153.0,0.03,97.76,25.02
2019-09-05 06:00:00,27.83,83.54,1.74,152.0,0.02,97.82,24.8
2019-09-05 07:00:00,30.62,68.5,2.25,154.7,0.03,97.88,24.17
2019-09-05 08:00:00,32.43,60.22,2.39,149.6,0.0,97.9,23.75
2019-09-05 09:00:00,33.51,57.5,2.24,131.7,0.0,97.89,23.99
2019-09-05 10:00:00,34.43,55.3,2.42,116.2,0.0,97.84,24.2
2019-09-05 11:00:00,35.11,53.49,2.76,109.9,0.0,97.77,24.27
2019-09-05 12:00:00,35.41,52.6,2.93,108.7,0.0,97.69,24.26
2019-09-05 13:00:00,35.19,53.03,2.87,109.3,0.0,97.6,24.2
2019-09-05 14:00:00,34.74,54.03,2.64,112.7,0.0,97.54,24.09
2019-09-05 15:00:00,34.22,55.62,2.46,117.8,0.0,97.51,24.09
2019-09-05 16:00:00,33.33,60.51,2.24,123.7,0.0,97.51,24.66
2019-09-05 17:00:00,32.36,64.7,2.08,131.5,0.0,97.52,24.87
2019-09-05 18:00:00,30.86,73.03,1.77,144.0,0.0,97.54,25.48
2019-09-05 19:00:00,30.29,75.58,1.91,155.9,0.0,97.57,25.51
2019-09-05 20:00:00,29.84,77.66,1.92,164.6,0.0,97.61,25.54
2019-09-05 21:00:00,29.43,79.79,1.79,170.7,0.0,97.64,25.59
2019-09-05 22:00:00,29.08,81.81,1.62,174.0,0.0,97.65,25.67
2019-09-05 23:00:00,28.76,83.73,1.45,174.4,0.0,97.66,25.75
2019-09-06 00:00:00,28.5,85.15,1.26,173.6,0.0,97.64,25.79
2019-09-06 01:00:00,28.27,85.87,1.08,168.3,0.0,97.61,25.7
2019-09-06 02:00:00,28.02,86.61,1.0,153.2,0.0,97.62,25.61
2019-09-06 03:00:00,27.73,87.81,1.08,139.1,0.0,97.63,25.54
2019-09-06 04:00:00,27.45,88.65,1.21,136.7,0.0,97.65,25.44
2019-09-06 05:00:00,27.26,89.12,1.36,140.1,0.0,97.68,25.34
2019-09-06 06:00:00,28.1,84.29,2.2,143.7,0.0,97.73,25.22
2019-09-06 07:00:00,30.12,74.32,2.46,149.5,0.0,97.77,25.07
2019-09-06 08:00:00,31.96,66.7,2.33,151.0,0.13,97.77,25.02
2019-09-06 09:00:00,33.1,62.49,1.92,147.6,0.14,97.76,24.99
2019-09-06 10:00:00,33.63,60.02,1.49,143.7,0.14,97.73,24.81
2019-09-06 11:00:00,33.95,58.47,1.09,137.2,0.11,97.68,24.68
2019-09-06 12:00:00,34.01,57.91,0.77,126.0,0.13,97.6,24.57
2019-09-06 13:00:00,34.02,57.6,0.56,100.3,0.11,97.52,24.49
2019-09-06 14:00:00,34.06,57.43,0.38,66.8,0.1,97.45,24.48
2019-09-06 15:00:00,33.84,58.33,0.33,28.9,0.04,97.43,24.52
2019-09-06 16:00:00,33.3,61.23,0.36,9.5,0.03,97.44,24.8
2019-09-06 17:00:00,32.58,64.76,0.21,357.3,0.01,97.46,25.0
2019-09-06 18:00:00,32.05,66.36,0.27,216.0,0.01,97.49,24.9
2019-09-06 19:00:00,31.6,68.66,0.68,203.5,0.0,97.53,25.08
2019-09-06 20:00:00,30.92,71.84,1.08,190.7,0.0,97.57,25.26
2019-09-06 21:00:00,30.06,76.06,1.49,184.6,0.0,97.6,25.39
2019-09-06 22:00:00,29.53,78.42,1.69,186.5,0.0,97.61,25.4
2019-09-06 23:00:00,29.1,80.19,1.7,193.3,0.0,97.59,25.36
2019-09-07 00:00:00,28.73,81.88,1.6,201.3,0.01,97.58,25.35
2019-09-07 01:00:00,28.39,83.69,1.48,208.3,0.01,97.56,25.4
2019-09-07 02:00:00,28.17,85.23,1.31,208.3,0.01,97.54,25.48
2019-09-07 03:00:00,27.99,86.52,1.16,196.6,0.01,97.53,25.55
2019-09-07 04:00:00,27.81,87.75,1.17,178.0,0.01,97.56,25.61
2019-09-07 05:00:00,27.63,88.92,1.28,165.5,0.01,97.6,25.65
2019-09-07 06:00:00,28.16,86.63,2.05,161.8,0.01,97.67,25.73
2019-09-07 07:00:00,28.94,83.42,2.7,164.7,0.03,97.72,25.86
2019-09-07 08:00:00,30.3,76.82,3.11,172.1,0.31,97.77,25.8
2019-09-07 09:00:00,31.21,73.07,2.93,177.9,0.6,97.78,25.83
2019-09-07 10:00:00,31.76,71.07,2.54,181.1,0.84,97.75,25.9
2019-09-07 11:00:00,31.92,70.27,2.14,182.1,0.89,97.71,25.85
2019-09-07 12:00:00,32.07,69.21,1.62,183.2,0.73,97.63,25.75
2019-09-07 13:00:00,32.19,67.83,1.04,183.3,0.55,97.56,25.51
2019-09-07 14:00:00,32.25,67.06,0.59,190.7,0.35,97.51,25.38
2019-09-07 15:00:00,32.14,67.6,0.48,192.0,0.19,97.5,25.4
2019-09-07 16:00:00,31.87,69.66,0.54,176.8,0.11,97.52,25.61
2019-09-07 17:00:00,31.27,72.33,0.75,160.6,0.1,97.56,25.66
2019-09-07 18:00:00,30.13,80.66,1.14,155.7,0.06,97.61,26.47
2019-09-07 19:00:00,29.42,83.67,1.55,154.4,0.12,97.68,26.4
2019-09-07 20:00:00,28.98,85.66,1.71,156.9,0.17,97.75,26.35
2019-09-07 21:00:00,28.63,87.44,1.63,162.9,0.24,97.78,26.36
2019-09-07 22:00:00,28.32,89.08,1.47,168.2,0.21,97.8,26.38
2019-09-07 23:00:00,28.07,90.43,1.23,168.2,0.27,97.8,26.37
2019-09-08 00:00:00,27.9,90.95,0.93,153.2,0.29,97.79,26.31
2019-09-08 01:00:00,27.65,91.83,0.8,114.3,0.47,97.78,26.23
2019-09-08 02:00:00,27.33,93.35,0.94,91.8,0.69,97.78,26.19
2019-09-08 03:00:00,27.12,94.42,1.04,88.9,0.83,97.78,26.17
2019-09-08 04:00:00,26.96,95.16,1.07,95.3,0.85,97.8,26.15
2019-09-08 05:00:00,26.86,95.58,1.14,107.8,0.87,97.83,26.12
2019-09-08 06:00:00,27.3,93.58,1.79,121.7,1.0,97.89,26.2
2019-09-08 07:00:00,28.06,90.22,2.33,131.0,1.03,97.95,26.33
2019-09-08 08:00:00,29.1,84.77,2.57,136.4,0.01,97.98,26.3
2019-09-08 09:00:00,30.29,76.93,2.55,133.9,0.01,97.99,25.82
2019-09-08 10:00:00,31.27,71.12,2.23,124.8,0.01,97.97,25.43
2019-09-08 11:00:00,31.89,67.17,1.89,114.4,0.01,97.92,25.06
2019-09-08 12:00:00,32.57,63.69,1.66,103.2,0.01,97.86,24.8
2019-09-08 13:00:00,33.22,60.75,1.48,88.1,0.01,97.78,24.63
2019-09-08 14:00:00,33.4,59.52,1.38,66.6,0.01,97.69,24.46
2019-09-08 15:00:00,33.16,60.51,1.42,43.6,0.0,97.63,24.51
2019-09-08 16:00:00,32.88,63.01,1.51,28.1,0.0,97.61,24.92
2019-09-08 17:00:00,31.99,67.7,1.43,23.9,0.0,97.61,25.26
2019-09-08 18:00:00,30.78,75.35,1.3,29.9,0.0,97.62,25.94
2019-09-08 19:00:00,30.65,74.63,1.22,39.7,0.0,97.66,25.65
2019-09-08 20:00:00,30.54,73.88,1.07,53.8,0.0,97.72,25.38
2019-09-08 21:00:00,30.26,74.07,0.96,69.3,0.0,97.75,25.15
2019-09-08 22:00:00,29.85,75.52,0.95,77.9,0.0,97.77,25.07
2019-09-08 23:00:00,29.38,77.87,0.97,76.8,0.0,97.79,25.13
2019-09-09 00:00:00,28.93,80.37,1.0,68.3,0.0,97.78,25.24
2019-09-09 01:00:00,28.4,83.14,1.13,59.1,0.01,97.76,25.28
2019-09-09 02:00:00,27.97,84.89,1.26,55.0,0.0,97.72,25.21
2019-09-09 03:00:00,27.67,86.3,1.26,56.3,0.01,97.72,25.19
2019-09-09 04:00:00,27.49,87.01,1.16,63.4,0.01,97.73,25.15
2019-09-09 05:00:00,27.49,86.61,0.94,78.3,0.01,97.75,25.07
2019-09-09 06:00:00,28.86,80.04,0.79,106.1,0.0,97.78,25.09
2019-09-09 07:00:00,31.17,68.68,0.68,135.0,0.0,97.82,24.74
2019-09-09 08:00:00,32.68,62.47,0.36,189.7,0.27,97.83,24.58
2019-09-09 09:00:00,33.77,58.22,0.54,279.6,0.19,97.83,24.42
2019-09-09 10:00:00,34.86,53.32,0.91,300.2,0.15,97.8,23.96
2019-09-09 11:00:00,35.69,49.35,1.12,308.1,0.08,97.74,23.46
2019-09-09 12:00:00,36.34,46.29,1.23,314.3,0.02,97.66,22.98
2019-09-09 13:00:00,36.63,44.34,1.38,317.1,0.01,97.56,22.54
2019-09-09 14:00:00,36.53,43.6,1.65,315.5,0.0,97.48,22.17
2019-09-09 15:00:00,36.04,44.01,2.02,316.8,0.0,97.43,21.87
2019-09-09 16:00:00,35.04,46.58,2.4,321.9,0.03,97.41,21.9
2019-09-09 17:00:00,32.63,59.53,2.16,327.1,0.03,97.42,23.69
2019-09-09 18:00:00,30.37,69.43,2.26,334.0,0.04,97.46,24.16
2019-09-09 19:00:00,29.47,73.24,2.31,339.8,0.02,97.52,24.2
2019-09-09 20:00:00,28.77,76.67,2.26,346.1,0.0,97.59,24.29
2019-09-09 21:00:00,28.19,78.92,2.15,354.9,0.0,97.63,24.21
2019-09-09 22:00:00,27.7,80.21,2.02,9.1,0.0,97.67,24.0
2019-09-09 23:00:00,27.28,80.74,1.91,28.0,0.0,97.69,23.7
2019-09-10 00:00:00,26.88,81.22,1.88,44.6,0.01,97.69,23.41
2019-09-10 01:00:00,26.54,81.56,1.82,53.5,0.01,97.67,23.15
2019-09-10 02:00:00,26.43,80.91,1.61,55.6,0.01,97.64,22.91
2019-09-10 03:00:00,26.47,79.66,1.3,53.7,0.0,97.64,22.69
2019-09-10 04:00:00,26.45,78.65,1.08,43.9,0.0,97.64,22.46
2019-09-10 05:00:00,26.14,79.65,1.05,22.9,0.0,97.65,22.37
2019-09-10 06:00:00,27.05,78.54,1.17,4.9,0.0,97.65,23.03
2019-09-10 07:00:00,28.74,70.98,0.73,6.3,0.0,97.71,22.97
2019-09-10 08:00:00,32.43,52.75,1.17,323.7,0.0,97.76,21.56
2019-09-10 09:00:00,34.23,46.53,2.05,317.2,0.0,97.78,21.17
2019-09-10 10:00:00,35.32,44.43,2.82,318.7,0.0,97.75,21.39
2019-09-10 11:00:00,36.02,43.14,3.45,323.5,0.0,97.68,21.55
2019-09-10 12:00:00,36.57,41.88,3.69,328.6,0.0,97.6,21.54
2019-09-10 13:00:00,36.68,41.37,3.72,332.6,0.0,97.52,21.45
2019-09-10 14:00:00,36.36,41.94,3.63,336.5,0.0,97.46,21.38
2019-09-10 15:00:00,35.74,43.15,3.49,340.2,0.0,97.43,21.29
2019-09-10 16:00:00,34.71,46.92,2.98,343.6,0.0,97.43,21.72
2019-09-10 17:00:00,32.62,56.73,2.13,350.0,0.0,97.47,22.9
2019-09-10 18:00:00,30.41,66.12,1.93,3.3,0.0,97.53,23.4
2019-09-10 19:00:00,29.68,68.23,1.97,14.1,0.0,97.61,23.23
2019-09-10 20:00:00,29.04,69.87,2.05,21.4,0.0,97.7,23.0
2019-09-10 21:00:00,28.44,71.26,2.13,26.2,0.0,97.74,22.75
2019-09-10 22:00:00,27.84,72.94,2.2,30.7,0.0,97.76,22.56
2019-09-10 23:00:00,27.31,74.52,2.24,33.7,0.0,97.76,22.4
2019-09-11 00:00:00,26.79,76.21,2.25,35.6,0.0,97.75,22.27
2019-09-11 01:00:00,26.28,77.88,2.26,36.7,0.0,97.72,22.15
2019-09-11 02:00:00,25.82,79.78,2.2,39.5,0.0,97.71,22.09
2019-09-11 03:00:00,25.45,81.6,2.07,46.0,0.0,97.71,22.1
2019-09-11 04:00:00,25.19,83.0,1.87,63.0,0.0,97.74,22.13
2019-09-11 05:00:00,24.96,84.79,1.76,93.6,0.0,97.81,22.25
2019-09-11 06:00:00,26.68,80.59,1.86,122.9,0.0,97.88,23.08
2019-09-11 07:00:00,28.55,72.69,1.9,141.6,0.0,97.94,23.18
2019-09-11 08:00:00,31.64,59.54,1.43,163.7,0.0,97.97,22.81
2019-09-11 09:00:00,34.53,45.11,0.94,219.8,0.0,97.96,20.93
2019-09-11 10:00:00,35.94,40.7,1.01,280.3,0.0,97.91,20.53
2019-09-11 11:00:00,36.79,38.1,1.36,302.0,0.0,97.84,20.21
2019-09-11 12:00:00,37.39,36.53,1.68,313.3,0.0,97.76,20.06
2019-09-11 13:00:00,37.6,35.83,1.95,322.7,0.0,97.68,19.92
2019-09-11 14:00:00,37.67,35.17,2.05,330.2,0.0,97.63,19.68
2019-09-11 15:00:00,37.26,35.98,2.02,337.9,0.0,97.6,19.7
2019-09-11 16:00:00,36.49,37.35,1.88,344.0,0.0,97.6,19.61
2019-09-11 17:00:00,34.39,48.67,1.35,352.8,0.0,97.62,21.93
2019-09-11 18:00:00,33.06,49.55,1.18,12.3,0.0,97.67,21.11
2019-09-11 19:00:00,32.36,50.6,1.04,29.3,0.0,97.73,20.8
2019-09-11 20:00:00,31.95,50.35,0.94,42.0,0.0,97.79,20.34
2019-09-11 21:00:00,31.6,49.64,0.79,54.3,0.0,97.82,19.81
2019-09-11 22:00:00,30.95,50.69,0.62,69.2,0.0,97.82,19.51
2019-09-11 23:00:00,30.17,53.54,0.6,73.7,0.0,97.82,19.58
2019-09-12 00:00:00,29.24,56.44,0.81,77.2,0.0,97.82,19.64
2019-09-12 01:00:00,28.01,60.94,0.99,91.7,0.0,97.82,19.77
2019-09-12 02:00:00,27.41,63.07,1.16,109.1,0.0,97.81,19.75
2019-09-12 03:00:00,27.01,64.88,1.24,124.5,0.0,97.83,19.84
2019-09-12 04:00:00,26.79,66.09,1.21,139.7,0.0,97.85,19.93
2019-09-12 05:00:00,26.57,67.33,1.23,155.1,0.0,97.89,20.02
2019-09-12 06:00:00,27.55,68.39,1.33,166.5,0.0,97.96,21.21
2019-09-12 07:00:00,29.23,59.19,1.51,168.2,0.01,98.03,20.47
2019-09-12 08:00:00,32.89,47.87,2.18,169.7,0.0,98.09,20.41
2019-09-12 09:00:00,35.46,40.53,1.95,174.7,0.0,98.1,20.02
2019-09-12 10:00:00,36.9,38.03,0.92,168.1,0.0,98.07,20.28
2019-09-12 11:00:00,37.8,36.95,0.29,60.7,0.01,98.0,20.6
2019-09-12 12:00:00,38.35,36.06,1.02,15.4,0.01,97.91,20.69
2019-09-12 13:00:00,38.27,36.62,1.66,11.9,0.01,97.82,20.86
2019-09-12 14:00:00,37.71,38.52,1.85,19.9,0.01,97.75,21.2
2019-09-12 15:00:00,37.24,39.26,1.91,31.5,0.0,97.73,21.08
2019-09-12 16:00:00,36.24,41.6,1.86,46.5,0.0,97.73,21.15
2019-09-12 17:00:00,34.14,54.98,1.61,76.7,0.0,97.75,23.8
2019-09-12 18:00:00,32.14,61.79,2.11,112.6,0.0,97.8,23.91
2019-09-12 19:00:00,31.2,64.03,2.52,135.8,0.0,97.87,23.61
2019-09-12 20:00:00,30.44,68.62,3.21,149.3,0.0,97.95,24.05
2019-09-12 21:00:00,29.54,74.94,3.67,157.2,0.01,98.0,24.65
2019-09-12 22:00:00,28.81,80.29,3.69,160.4,0.01,98.03,25.09
2019-09-12 23:00:00,28.29,83.76,3.57,161.4,0.02,98.05,25.3
2019-09-13 00:00:00,27.87,85.67,3.37,162.2,0.02,98.05,25.27
2019-09-13 01:00:00,27.51,86.76,3.14,162.0,0.02,98.03,25.14
2019-09-13 02:00:00,27.14,87.66,2.72,161.8,0.02,98.01,24.94
2019-09-13 03:00:00,26.84,88.57,2.34,160.8,0.02,98.02,24.82
2019-09-13 04:00:00,26.58,89.52,2.17,159.0,0.02,98.04,24.74
2019-09-13 05:00:00,26.33,90.84,2.09,155.8,0.02,98.08,24.73
2019-09-13 06:00:00,27.04,87.9,2.97,150.2,0.02,98.13,24.88
2019-09-13 07:00:00,28.96,77.39,3.59,142.0,0.03,98.21,24.62
2019-09-13 08:00:00,31.17,64.33,4.03,130.8,0.05,98.26,23.67
2019-09-13 09:00:00,32.85,56.56,4.23,120.9,0.08,98.27,23.1
2019-09-13 10:00:00,34.25,51.65,4.3,116.2,0.08,98.23,22.89
2019-09-13 11:00:00,35.41,48.05,4.09,111.5,0.04,98.16,22.76
2019-09-13 12:00:00,36.17,45.88,3.8,103.1,0.01,98.05,22.69
2019-09-13 13:00:00,36.51,45.29,3.67,93.1,0.0,97.94,22.79
2019-09-13 14:00:00,36.45,46.03,3.68,88.1,0.0,97.86,22.99
2019-09-13 15:00:00,35.97,47.39,3.69,87.2,0.0,97.82,23.04
2019-09-13 16:00:00,34.86,51.6,3.58,89.7,0.0,97.82,23.44
2019-09-13 17:00:00,33.03,59.77,3.08,97.3,0.0,97.84,24.18
2019-09-13 18:00:00,31.14,67.05,2.74,110.5,0.0,97.89,24.32
2019-09-13 19:00:00,30.37,70.69,3.13,120.1,0.0,97.97,24.48
2019-09-13 20:00:00,29.67,74.53,3.1,125.5,0.0,98.05,24.69
2019-09-13 21:00:00,29.08,78.13,2.66,126.1,0.0,98.08,24.9
2019-09-13 22:00:00,28.6,81.2,2.12,123.8,0.0,98.09,25.09
2019-09-13 23:00:00,28.25,83.58,1.76,118.2,0.0,98.08,25.23
2019-09-14 00:00:00,27.95,85.52,1.58,110.0,0.01,98.06,25.33
2019-09-14 01:00:00,27.68,87.22,1.55,100.8,0.01,98.03,25.39
2019-09-14 02:00:00,27.43,88.72,1.62,97.1,0.01,97.99,25.43
2019-09-14 03:00:00,27.19,90.25,1.72,99.4,0.01,97.95,25.47
2019-09-14 04:00:00,26.98,91.63,1.91,104.8,0.01,97.96,25.52
2019-09-14 05:00:00,26.86,92.54,2.43,116.7,0.0,98.01,25.57
2019-09-14 06:00:00,27.84,87.95,3.92,130.6,0.0,98.1,25.68
2019-09-14 07:00:00,29.87,74.98,4.76,142.5,0.0,98.18,24.97
2019-09-14 08:00:00,31.73,63.88,4.53,142.0,0.0,98.23,24.07
2019-09-14 09:00:00,33.31,56.24,3.86,131.5,0.01,98.24,23.44
2019-09-14 10:00:00,34.57,51.43,3.46,118.5,0.01,98.2,23.11
2019-09-14 11:00:00,35.39,48.6,3.16,107.9,0.01,98.13,22.93
2019-09-14 12:00:00,35.86,47.03,2.87,97.2,0.01,98.03,22.82
2019-09-14 13:00:00,35.87,46.49,2.74,87.5,0.01,97.95,22.64
2019-09-14 14:00:00,35.56,47.1,2.73,85.4,0.01,97.89,22.58
2019-09-14 15:00:00,34.81,49.01,2.96,90.8,0.01,97.88,22.54
2019-09-14 16:00:00,33.58,53.35,3.15,100.8,0.0,97.91,22.81
2019-09-14 17:00:00,32.08,59.62,3.12,112.0,0.0,97.95,23.25
2019-09-14 18:00:00,30.55,65.46,3.08,123.3,0.0,98.01,23.36
2019-09-14 19:00:00,29.75,68.96,3.48,129.4,0.0,98.09,23.46
2019-09-14 20:00:00,29.06,72.61,3.43,131.5,0.0,98.17,23.66
2019-09-14 21:00:00,28.45,76.24,3.14,131.6,0.0,98.2,23.88
2019-09-14 22:00:00,27.91,79.54,2.76,129.6,0.0,98.2,24.07
2019-09-14 23:00:00,27.45,82.42,2.38,125.8,0.0,98.2,24.21
2019-09-15 00:00:00,27.03,84.8,1.97,120.5,0.0,98.18,24.28
2019-09-15 01:00:00,26.63,87.01,1.62,115.1,0.0,98.14,24.31
2019-09-15 02:00:00,26.27,89.02,1.34,112.9,0.0,98.1,24.34
2019-09-15 03:00:00,26.0,90.63,1.19,111.2,0.01,98.1,24.37
2019-09-15 04:00:00,25.85,91.74,1.01,105.6,0.02,98.13,24.42
2019-09-15 05:00:00,25.83,92.2,0.79,88.5,0.03,98.15,24.49
2019-09-15 06:00:00,26.98,87.05,0.79,74.6,0.06,98.19,24.66
2019-09-15 07:00:00,29.2,74.65,0.41,115.9,0.1,98.26,24.25
2019-09-15 08:00:00,31.13,63.68,0.41,72.9,0.16,98.3,23.45
2019-09-15 09:00:00,32.69,56.96,0.71,59.5,0.11,98.3,23.07
2019-09-15 10:00:00,33.84,53.18,0.79,47.6,0.08,98.25,23.0
2019-09-15 11:00:00,34.85,50.14,0.7,32.8,0.06,98.16,22.96
2019-09-15 12:00:00,35.66,47.6,0.54,9.6,0.05,98.03,22.84
2019-09-15 13:00:00,36.06,46.12,0.51,331.9,0.04,97.92,22.67
2019-09-15 14:00:00,35.98,45.87,0.71,328.8,0.03,97.82,22.52
2019-09-15 15:00:00,35.5,47.0,0.58,333.4,0.02,97.8,22.48
2019-09-15 16:00:00,34.86,49.08,0.15,312.3,0.01,97.81,22.61
2019-09-15 17:00:00,33.7,54.28,0.39,166.7,0.01,97.84,23.16
2019-09-15 18:00:00,31.9,64.49,0.86,160.3,0.0,97.9,24.32
2019-09-15 19:00:00,30.96,66.97,1.1,165.8,0.0,97.97,24.11
2019-09-15 20:00:00,30.03,71.14,1.1,173.7,0.0,98.02,24.25
2019-09-15 21:00:00,29.14,75.73,1.02,183.9,0.0,98.04,24.45
2019-09-15 22:00:00,28.35,79.91,0.96,193.9,0.0,98.04,24.56
2019-09-15 23:00:00,27.74,83.13,0.88,201.9,0.0,98.04,24.64
2019-09-16 00:00:00,27.21,85.99,0.82,208.4,0.0,98.01,24.68
2019-09-16 01:00:00,26.79,88.11,0.82,216.0,0.0,97.99,24.67
2019-09-16 02:00:00,26.43,89.75,0.9,225.5,0.0,97.96,24.63
2019-09-16 03:00:00,26.14,90.8,1.02,234.6,0.0,97.96,24.54
2019-09-16 04:00:00,25.9,91.43,1.11,243.2,0.0,97.99,24.41
2019-09-16 05:00:00,25.71,91.67,1.18,251.7,0.0,98.03,24.27
2019-09-16 06:00:00,26.98,84.78,1.55,259.2,0.0,98.07,24.22
2019-09-16 07:00:00,29.66,70.55,1.05,286.0,0.0,98.11,23.75
2019-09-16 08:00:00,32.18,58.45,1.27,315.3,0.04,98.12,23.02
2019-09-16 09:00:00,33.68,52.3,2.02,317.0,0.14,98.1,22.57
2019-09-16 10:00:00,34.97,47.53,2.58,321.3,0.16,98.05,22.18
2019-09-16 11:00:00,36.0,43.77,2.99,324.2,0.12,98.0,21.77
2019-09-16 12:00:00,36.74,41.12,3.5,326.8,0.08,97.91,21.41
2019-09-16 13:00:00,37.01,39.5,4.14,329.8,0.06,97.82,20.98
2019-09-16 14:00:00,36.96,38.33,4.39,335.0,0.01,97.75,20.46
2019-09-16 15:00:00,36.46,38.95,4.14,339.8,0.0,97.73,20.27
2019-09-16 16:00:00,35.42,41.61,3.55,342.8,0.0,97.73,20.42
2019-09-16 17:00:00,32.9,53.21,2.29,348.4,0.0,97.74,22.12
2019-09-16 18:00:00,30.9,58.91,2.26,358.5,0.0,97.77,21.95
2019-09-16 19:00:00,30.19,60.73,2.21,7.3,0.0,97.81,21.79
2019-09-16 20:00:00,29.42,63.17,2.21,20.4,0.0,97.85,21.7
2019-09-16 21:00:00,28.6,66.17,2.3,36.0,0.0,97.86,21.7
2019-09-16 22:00:00,27.95,69.1,2.35,49.0,0.0,97.88,21.78
2019-09-16 23:00:00,27.5,72.0,2.44,59.8,0.0,97.9,22.03
2019-09-17 00:00:00,27.18,74.65,2.73,69.4,0.0,97.92,22.31
2019-09-17 01:00:00,26.83,77.42,3.01,79.1,0.0,97.91,22.58
2019-09-17 02:00:00,26.4,80.44,2.34,91.7,0.0,97.91,22.79
2019-09-17 03:00:00,26.05,82.64,1.7,114.3,0.07,97.94,22.89
2019-09-17 04:00:00,25.84,83.94,1.56,143.1,0.17,97.98,22.95
2019-09-17 05:00:00,25.72,84.82,1.55,171.5,0.25,98.03,22.99
2019-09-17 06:00:00,27.1,79.27,1.84,194.2,0.44,98.09,23.23
2019-09-17 07:00:00,28.91,72.21,2.02,203.0,0.9,98.18,23.42
2019-09-17 08:00:00,32.48,56.94,1.92,207.2,0.0,98.24,22.86
2019-09-17 09:00:00,34.76,48.15,1.42,238.2,0.0,98.23,22.2
2019-09-17 10:00:00,35.84,45.37,1.37,283.5,0.0,98.19,22.2
2019-09-17 11:00:00,36.21,44.22,1.88,313.7,0.0,98.11,22.12
2019-09-17 12:00:00,36.29,43.73,2.41,326.8,0.0,98.03,22.01
2019-09-17 13:00:00,36.31,43.34,2.58,334.5,0.0,97.96,21.89
2019-09-17 14:00:00,36.18,43.14,2.56,342.3,0.0,97.9,21.68
2019-09-17 15:00:00,35.78,43.43,2.33,350.1,0.0,97.88,21.44
2019-09-17 16:00:00,35.0,45.84,1.94,357.6,0.0,97.88,21.61
2019-09-17 17:00:00,33.13,54.77,1.44,13.3,0.0,97.9,22.76
2019-09-17 18:00:00,31.21,62.56,1.66,41.1,0.0,97.95,23.22
2019-09-17 19:00:00,30.3,64.45,1.98,59.0,0.0,98.03,22.86
2019-09-17 20:00:00,29.56,65.92,2.15,74.1,0.0,98.1,22.55
2019-09-17 21:00:00,28.94,67.43,2.19,89.5,0.0,98.15,22.33
2019-09-17 22:00:00,28.41,69.0,2.17,107.2,0.0,98.19,22.2
2019-09-17 23:00:00,27.91,71.25,2.19,127.0,0.0,98.21,22.26
2019-09-18 00:00:00,27.46,74.42,2.29,144.4,0.0,98.21,22.52
2019-09-18 01:00:00,27.04,78.73,2.43,157.2,0.0,98.2,23.05
2019-09-18 02:00:00,26.65,83.73,2.27,162.8,0.0,98.19,23.69
2019-09-18 03:00:00,26.32,88.09,1.98,163.3,0.0,98.21,24.21
2019-09-18 04:00:00,26.07,91.26,1.84,162.0,0.0,98.25,24.55
2019-09-18 05:00:00,25.92,93.1,1.79,160.5,0.0,98.31,24.74
2019-09-18 06:00:00,27.19,87.26,2.76,161.0,0.0,98.38,24.91
2019-09-18 07:00:00,29.56,74.83,3.15,167.6,0.0,98.46,24.64
2019-09-18 08:00:00,32.29,60.86,3.06,169.6,0.0,98.53,23.8
2019-09-18 09:00:00,34.07,51.81,2.37,168.8,0.0,98.54,22.78
2019-09-18 10:00:00,35.24,45.58,1.71,166.9,0.0,98.51,21.74
2019-09-18 11:00:00,36.28,40.66,0.9,157.1,0.0,98.46,20.81
2019-09-18 12:00:00,37.02,36.72,0.4,64.7,0.0,98.4,19.81
2019-09-18 13:00:00,37.32,34.4,1.09,22.6,0.0,98.32,19.02
2019-09-18 14:00:00,37.13,34.1,1.65,16.2,0.0,98.27,18.73
2019-09-18 15:00:00,36.58,34.15,2.09,18.4,0.0,98.25,18.27
2019-09-18 16:00:00,35.4,36.54,2.15,26.2,0.0,98.25,18.32
2019-09-18 17:00:00,33.14,46.98,1.68,42.6,0.0,98.27,20.26
2019-09-18 18:00:00,30.6,56.18,2.03,73.1,0.0,98.32,20.89
2019-09-18 19:00:00,29.51,58.82,2.33,96.4,0.0,98.38,20.63
2019-09-18 20:00:00,28.7,62.6,2.63,113.7,0.0,98.46,20.88
2019-09-18 21:00:00,28.02,69.02,3.12,125.5,0.0,98.52,21.82
2019-09-18 22:00:00,27.28,76.43,3.25,131.0,0.0,98.57,22.77
2019-09-18 23:00:00,26.63,82.49,2.98,131.5,0.0,98.6,23.42
2019-09-19 00:00:00,26.1,86.93,2.63,126.2,0.0,98.59,23.77
2019-09-19 01:00:00,25.65,90.26,2.48,115.5,0.0,98.58,23.96
2019-09-19 02:00:00,25.28,92.33,2.6,103.8,0.0,98.55,23.97
2019-09-19 03:00:00,25.02,93.49,2.88,93.4,0.0,98.57,23.92
2019-09-19 04:00:00,24.83,93.86,3.16,87.5,0.0,98.61,23.8
2019-09-19 05:00:00,24.65,93.88,3.42,84.6,0.0,98.67,23.62
2019-09-19 06:00:00,25.35,88.61,4.51,92.3,0.0,98.72,23.36
2019-09-19 07:00:00,27.07,77.11,5.09,107.5,0.0,98.79,22.74
2019-09-19 08:00:00,28.75,67.35,5.02,109.3,0.0,98.83,22.13
2019-09-19 09:00:00,30.28,60.15,4.91,109.1,0.0,98.84,21.7
2019-09-19 10:00:00,31.65,54.65,4.7,111.1,0.0,98.8,21.42
2019-09-19 11:00:00,32.78,50.57,4.43,114.5,0.0,98.73,21.2
2019-09-19 12:00:00,33.53,48.02,4.12,118.1,0.0,98.62,21.05
2019-09-19 13:00:00,33.85,46.85,3.85,120.3,0.0,98.52,20.94
2019-09-19 14:00:00,33.78,46.85,3.56,121.5,0.0,98.44,20.87
2019-09-19 15:00:00,33.26,47.91,3.28,122.2,0.0,98.4,20.75
2019-09-19 16:00:00,32.25,50.82,3.14,122.4,0.0,98.42,20.79
2019-09-19 17:00:00,30.78,57.53,2.5,124.1,0.0,98.45,21.44
2019-09-19 18:00:00,29.19,63.83,1.9,126.9,0.0,98.5,21.65
2019-09-19 19:00:00,28.42,67.02,1.96,129.0,0.0,98.57,21.74
2019-09-19 20:00:00,27.78,70.02,1.98,131.1,0.0,98.62,21.85
2019-09-19 21:00:00,27.24,72.53,1.97,132.3,0.0,98.63,21.89
2019-09-19 22:00:00,26.74,74.99,1.9,132.2,0.0,98.62,21.96
2019-09-19 23:00:00,26.27,77.62,1.82,130.1,0.0,98.59,22.07
2019-09-20 00:00:00,25.84,80.15,1.71,126.9,0.0,98.55,22.18
2019-09-20 01:00:00,25.44,82.85,1.59,122.4,0.0,98.51,22.34
2019-09-20 02:00:00,25.08,85.5,1.48,117.8,0.0,98.49,22.51
2019-09-20 03:00:00,24.76,88.19,1.43,110.1,0.0,98.5,22.7
2019-09-20 04:00:00,24.49,90.91,1.43,105.0,0.0,98.52,22.94
2019-09-20 05:00:00,24.29,93.31,1.5,104.7,0.0,98.55,23.16
2019-09-20 06:00:00,25.49,88.0,2.54,111.2,0.0,98.6,23.38
2019-09-20 07:00:00,27.9,75.62,3.11,128.3,0.0,98.65,23.22
2019-09-20 08:00:00,29.82,66.49,3.77,126.7,0.0,98.66,22.92
2019-09-20 09:00:00,31.36,60.0,3.91,124.5,0.0,98.63,22.68
2019-09-20 10:00:00,32.65,54.77,3.93,124.9,0.0,98.58,22.39
2019-09-20 11:00:00,33.55,51.13,4.04,127.7,0.0,98.49,22.09
2019-09-20 12:00:00,34.17,48.71,4.09,130.2,0.0,98.39,21.86
2019-09-20 13:00:00,34.49,47.18,3.9,131.7,0.0,98.3,21.63
2019-09-20 14:00:00,34.49,46.46,3.53,132.6,0.0,98.21,21.37
2019-09-20 15:00:00,34.09,46.88,3.02,133.5,0.0,98.18,21.16
2019-09-20 16:00:00,33.13,49.48,2.44,134.5,0.0,98.2,21.16
2019-09-20 17:00:00,31.66,56.33,1.58,135.8,0.0,98.24,21.93
2019-09-20 18:00:00,30.25,62.76,1.34,135.6,0.0,98.29,22.38
2019-09-20 19:00:00,29.73,64.11,1.33,138.0,0.0,98.35,22.25
2019-09-20 20:00:00,29.11,65.9,1.47,147.0,0.0,98.4,22.12
2019-09-20 21:00:00,28.38,68.76,1.69,157.7,0.0,98.43,22.12
2019-09-20 22:00:00,27.82,71.16,1.8,167.2,0.0,98.42,22.15
2019-09-20 23:00:00,27.34,73.27,1.94,174.4,0.0,98.41,22.17
2019-09-21 00:00:00,26.84,75.73,2.02,180.3,0.0,98.38,22.22
2019-09-21 01:00:00,26.27,78.68,1.9,184.5,0.0,98.33,22.3
2019-09-21 02:00:00,25.75,81.62,1.59,186.5,0.0,98.29,22.39
2019-09-21 03:00:00,25.43,83.94,1.4,184.9,0.0,98.28,22.55
2019-09-21 04:00:00,25.22,85.8,1.34,181.3,0.0,98.32,22.69
2019-09-21 05:00:00,25.04,87.41,1.34,177.9,0.0,98.38,22.84
2019-09-21 06:00:00,26.36,81.66,1.9,177.3,0.0,98.45,22.99
2019-09-21 07:00:00,29.09,69.29,1.94,181.2,0.0,98.52,22.9
2019-09-21 08:00:00,31.15,60.49,1.58,157.7,0.51,98.54,22.62
2019-09-21 09:00:00,32.24,56.43,1.46,134.7,0.35,98.52,22.49
2019-09-21 10:00:00,33.28,52.53,1.35,117.3,0.52,98.46,22.28
2019-09-21 11:00:00,34.07,49.65,1.17,105.3,0.72,98.39,22.08
2019-09-21 12:00:00,34.6,47.65,0.94,103.6,0.89,98.3,21.89
2019-09-21 13:00:00,34.68,46.93,0.7,112.6,0.92,98.22,21.72
2019-09-21 14:00:00,34.52,46.84,0.72,131.6,0.69,98.16,21.53
2019-09-21 15:00:00,34.11,47.67,1.05,142.4,0.41,98.12,21.45
2019-09-21 16:00:00,33.39,50.41,1.33,147.9,0.17,98.13,21.71
2019-09-21 17:00:00,31.9,59.57,1.34,150.9,0.02,98.15,22.99
2019-09-21 18:00:00,30.18,70.08,1.55,153.9,0.01,98.2,24.08
2019-09-21 19:00:00,29.42,71.98,1.79,160.8,0.05,98.26,23.84
2019-09-21 20:00:00,28.71,73.9,1.95,168.7,0.04,98.32,23.61
2019-09-21 21:00:00,28.01,76.81,2.18,175.3,0.05,98.38,23.58
2019-09-21 22:00:00,27.3,81.28,2.6,179.3,0.27,98.41,23.83
2019-09-21 23:00:00,26.59,86.36,2.89,182.4,0.82,98.43,24.15
2019-09-22 00:00:00,25.95,90.8,2.93,183.1,1.5,98.44,24.36
2019-09-22 01:00:00,25.45,93.94,2.81,181.8,1.75,98.42,24.42
2019-09-22 02:00:00,25.15,95.61,2.41,179.8,2.26,98.4,24.43
2019-09-22 03:00:00,24.93,96.39,2.12,177.0,2.8,98.41,24.34
2019-09-22 04:00:00,24.69,96.97,1.94,172.3,2.74,98.44,24.2
2019-09-22 05:00:00,24.45,97.3,1.82,167.6,2.76,98.48,24.02
2019-09-22 06:00:00,25.15,94.2,2.66,161.8,2.5,98.54,24.18
2019-09-22 07:00:00,26.76,86.54,2.91,163.0,2.96,98.61,24.35
2019-09-22 08:00:00,28.71,76.24,3.35,161.9,0.4,98.66,24.14
2019-09-22 09:00:00,30.36,68.41,3.54,157.4,0.37,98.68,23.91
2019-09-22 10:00:00,31.59,62.94,3.58,155.2,0.38,98.66,23.69
2019-09-22 11:00:00,32.3,59.21,3.58,156.8,0.38,98.61,23.34
2019-09-22 12:00:00,32.57,57.33,3.61,160.3,0.37,98.54,23.07
2019-09-22 13:00:00,32.51,56.87,3.59,163.3,0.45,98.45,22.88
2019-09-22 14:00:00,32.32,56.84,3.39,164.4,0.39,98.39,22.7
2019-09-22 15:00:00,31.71,58.49,3.14,163.0,0.33,98.37,22.6
2019-09-22 16:00:00,30.76,63.32,2.75,162.4,0.18,98.39,23.01
2019-09-22 17:00:00,29.34,70.62,2.23,163.6,0.07,98.43,23.47
2019-09-22 18:00:00,27.98,78.11,1.96,166.1,0.04,98.51,23.83
2019-09-22 19:00:00,27.37,79.9,2.18,168.9,0.05,98.59,23.62
2019-09-22 20:00:00,26.74,81.87,2.74,171.2,0.05,98.65,23.41
2019-09-22 21:00:00,26.05,84.37,3.33,171.7,0.1,98.68,23.24
2019-09-22 22:00:00,25.32,87.77,3.49,170.6,0.13,98.69,23.17
2019-09-22 23:00:00,24.69,90.68,3.23,167.3,0.18,98.69,23.08
2019-09-23 00:00:00,24.24,91.97,2.86,162.1,0.17,98.68,22.88
2019-09-23 01:00:00,23.8,93.41,2.46,153.7,0.11,98.65,22.7
2019-09-23 02:00:00,23.38,94.98,1.84,143.6,0.16,98.64,22.56
2019-09-23 03:00:00,23.03,96.24,1.46,129.2,0.28,98.64,22.44
2019-09-23 04:00:00,22.74,97.26,1.44,113.4,0.4,98.68,22.31
2019-09-23 05:00:00,22.49,97.72,1.61,104.4,0.42,98.74,22.14
2019-09-23 06:00:00,23.36,94.11,2.69,100.5,0.23,98.79,22.39
2019-09-23 07:00:00,25.19,81.43,2.96,108.3,0.15,98.86,21.8
2019-09-23 08:00:00,27.64,64.44,3.2,121.9,0.0,98.9,20.36
2019-09-23 09:00:00,29.58,56.4,3.17,127.3,0.0,98.88,20.02
2019-09-23 10:00:00,31.06,52.07,2.85,124.4,0.0,98.84,20.1
2019-09-23 11:00:00,32.16,49.21,2.54,117.5,0.0,98.76,20.19
2019-09-23 12:00:00,32.87,47.42,2.24,112.9,0.0,98.66,20.24
2019-09-23 13:00:00,33.19,46.42,1.89,113.7,0.0,98.54,20.18
2019-09-23 14:00:00,33.22,46.12,1.62,118.3,0.0,98.44,20.11
2019-09-23 15:00:00,32.87,47.11,1.55,127.9,0.0,98.4,20.13
2019-09-23 16:00:00,32.05,49.82,1.57,136.5,0.0,98.4,20.28
2019-09-23 17:00:00,30.46,57.69,1.46,143.1,0.0,98.44,21.17
2019-09-23 18:00:00,28.62,66.87,1.74,151.8,0.0,98.5,21.88
2019-09-23 19:00:00,27.84,69.28,2.0,158.3,0.0,98.57,21.71
2019-09-23 20:00:00,27.06,72.3,2.41,163.4,0.0,98.63,21.68
2019-09-23 21:00:00,26.39,75.6,2.81,166.6,0.0,98.67,21.76
2019-09-23 22:00:00,25.75,79.04,2.81,168.5,0.0,98.68,21.87
2019-09-23 23:00:00,25.21,82.17,2.76,171.5,0.0,98.7,21.98
2019-09-24 00:00:00,24.74,85.01,2.62,175.4,0.0,98.71,22.09
2019-09-24 01:00:00,24.26,87.98,2.17,178.4,0.0,98.7,22.16
2019-09-24 02:00:00,23.81,90.64,1.52,179.6,0.0,98.67,22.2
2019-09-24 03:00:00,23.44,92.84,1.14,175.0,0.0,98.67,22.23
2019-09-24 04:00:00,23.22,94.16,0.88,154.3,0.0,98.7,22.26
2019-09-24 05:00:00,23.0,95.42,0.87,113.0,0.0,98.75,22.26
2019-09-24 06:00:00,23.93,90.11,1.55,88.2,0.0,98.82,22.25
2019-09-24 07:00:00,26.56,74.2,2.4,97.4,0.0,98.88,21.61
2019-09-24 08:00:00,28.69,64.19,3.35,100.5,0.05,98.92,21.29
2019-09-24 09:00:00,30.32,58.14,3.66,103.8,0.06,98.9,21.19
2019-09-24 10:00:00,31.61,54.32,3.67,104.7,0.06,98.83,21.29
2019-09-24 11:00:00,32.17,53.03,3.68,105.6,0.1,98.75,21.42
2019-09-24 12:00:00,32.66,52.14,3.65,107.0,0.14,98.65,21.59
2019-09-24 13:00:00,32.87,52.06,3.59,107.7,0.29,98.55,21.76
2019-09-24 14:00:00,32.45,53.94,3.54,109.3,0.29,98.48,21.94
2019-09-24 15:00:00,32.01,55.56,3.49,112.1,0.22,98.44,22.03
2019-09-24 16:00:00,31.17,59.47,3.17,117.9,0.15,98.44,22.37
2019-09-24 17:00:00,29.73,67.34,2.33,128.7,0.06,98.47,23.05
2019-09-24 18:00:00,28.25,74.16,2.05,143.7,0.06,98.53,23.24
2019-09-24 19:00:00,27.57,76.96,2.25,153.0,0.06,98.59,23.18
2019-09-24 20:00:00,26.95,79.59,2.49,158.6,0.07,98.64,23.14
2019-09-24 21:00:00,26.37,82.28,2.66,162.2,0.06,98.66,23.13
2019-09-24 22:00:00,25.81,85.05,2.56,163.4,0.07,98.66,23.12
2019-09-24 23:00:00,25.29,87.76,2.28,160.8,0.06,98.66,23.14
2019-09-25 00:00:00,24.84,90.19,1.98,154.2,0.06,98.65,23.14
2019-09-25 01:00:00,24.46,92.47,1.79,143.2,0.08,98.66,23.19
2019-09-25 02:00:00,24.17,94.47,1.67,129.9,0.05,98.68,23.24
2019-09-25 03:00:00,24.0,95.79,1.53,118.4,0.03,98.72,23.32
2019-09-25 04:00:00,23.81,96.99,1.55,104.9,0.03,98.77,23.32
2019-09-25 05:00:00,23.65,97.73,1.7,93.0,0.02,98.84,23.29
2019-09-25 06:00:00,24.63,93.57,2.87,85.4,0.01,98.9,23.54
2019-09-25 07:00:00,26.67,84.17,3.69,103.3,0.02,98.98,23.8
2019-09-25 08:00:00,29.05,71.23,4.82,118.2,0.02,99.01,23.34
2019-09-25 09:00:00,30.25,64.15,5.0,120.2,0.04,98.99,22.75
2019-09-25 10:00:00,30.78,60.87,4.76,121.1,0.08,98.95,22.38
2019-09-25 11:00:00,31.22,58.45,4.46,122.1,0.13,98.9,22.12
2019-09-25 12:00:00,31.39,57.03,4.21,122.5,0.18,98.83,21.87
2019-09-25 13:00:00,31.36,56.38,4.03,121.9,0.22,98.77,21.67
2019-09-25 14:00:00,31.06,57.18,3.77,120.6,0.18,98.71,21.62
2019-09-25 15:00:00,30.69,58.14,3.55,117.1,0.11,98.68,21.55
2019-09-25 16:00:00,29.95,61.17,3.18,114.3,0.05,98.69,21.68
2019-09-25 17:00:00,28.53,69.49,2.08,115.1,0.06,98.72,22.42
2019-09-25 18:00:00,27.25,76.32,1.66,122.0,0.06,98.76,22.74
2019-09-25 19:00:00,26.79,79.16,1.63,126.5,0.11,98.81,22.9
2019-09-25 20:00:00,26.38,81.45,1.73,127.0,0.18,98.86,22.97
2019-09-25 21:00:00,26.03,83.36,1.92,121.8,0.22,98.9,23.02
2019-09-25 22:00:00,25.72,85.19,2.29,113.7,0.24,98.9,23.07
2019-09-25 23:00:00,25.43,87.3,2.9,105.6,0.25,98.91,23.18
2019-09-26 00:00:00,25.12,90.15,3.56,99.9,0.2,98.92,23.41
2019-09-26 01:00:00,24.86,93.18,4.01,98.3,0.23,98.91,23.71
2019-09-26 02:00:00,24.7,95.07,3.92,100.6,0.22,98.9,23.89
2019-09-26 03:00:00,24.58,95.61,3.57,101.6,0.16,98.91,23.85
2019-09-26 04:00:00,24.4,95.91,3.2,99.3,0.13,98.94,23.73
2019-09-26 05:00:00,24.22,96.05,2.96,94.8,0.1,98.96,23.59
2019-09-26 06:00:00,24.5,94.43,3.38,90.0,0.07,98.99,23.58
2019-09-26 07:00:00,25.18,90.49,4.07,91.0,0.11,99.05,23.55
2019-09-26 08:00:00,26.14,82.06,5.1,98.8,0.03,99.09,22.86
2019-09-26 09:00:00,27.49,71.2,5.88,104.5,0.04,99.07,21.82
2019-09-26 10:00:00,28.65,66.0,6.2,106.9,0.05,99.02,21.69
2019-09-26 11:00:00,29.53,63.7,6.19,108.3,0.06,98.95,21.94
2019-09-26 12:00:00,30.1,62.43,5.91,109.4,0.05,98.86,22.14
2019-09-26 13:00:00,30.35,61.62,5.4,110.4,0.06,98.75,22.18
2019-09-26 14:00:00,30.37,61.0,4.76,109.5,0.03,98.68,22.03
2019-09-26 15:00:00,30.31,60.71,4.15,106.1,0.01,98.63,21.9
2019-09-26 16:00:00,29.71,63.91,3.21,101.9,0.0,98.62,22.17
2019-09-26 17:00:00,28.18,72.16,1.96,97.6,0.0,98.65,22.72
2019-09-26 18:00:00,27.07,75.55,2.05,94.5,0.0,98.68,22.4
2019-09-26 19:00:00,26.72,76.99,2.08,93.6,0.0,98.74,22.37
2019-09-26 20:00:00,26.4,78.41,2.22,95.9,0.0,98.8,22.35
2019-09-26 21:00:00,26.05,80.53,2.54,98.4,0.0,98.82,22.46
2019-09-26 22:00:00,25.64,83.95,2.84,96.9,0.0,98.8,22.75
2019-09-26 23:00:00,25.18,87.22,3.04,90.2,0.0,98.76,22.92
2019-09-27 00:00:00,24.72,89.71,3.21,80.3,0.0,98.73,22.93
2019-09-27 01:00:00,24.29,91.56,3.34,72.1,0.0,98.69,22.85
2019-09-27 02:00:00,23.97,92.64,3.11,69.1,0.0,98.68,22.73
2019-09-27 03:00:00,23.78,92.97,2.66,69.8,0.0,98.68,22.6
2019-09-27 04:00:00,23.72,92.9,2.36,73.0,0.0,98.7,22.52
2019-09-27 05:00:00,23.68,93.01,2.01,78.8,0.0,98.75,22.51
2019-09-27 06:00:00,24.19,90.47,2.47,81.1,0.0,98.81,22.56
2019-09-27 07:00:00,25.87,83.44,2.98,88.1,0.0,98.87,22.87
2019-09-27 08:00:00,27.63,75.59,3.68,85.8,0.02,98.9,22.96
2019-09-27 09:00:00,28.95,68.51,4.19,75.6,0.03,98.88,22.6
2019-09-27 10:00:00,29.97,62.35,4.64,65.3,0.03,98.81,22.02
2019-09-27 11:00:00,30.53,58.54,4.89,54.9,0.03,98.71,21.5
2019-09-27 12:00:00,30.88,56.62,4.98,46.8,0.05,98.58,21.29
2019-09-27 13:00:00,30.81,57.85,5.01,46.3,0.08,98.46,21.58
2019-09-27 14:00:00,30.49,61.28,4.52,51.0,0.14,98.38,22.21
2019-09-27 15:00:00,30.16,64.92,3.98,59.6,0.1,98.34,22.85
2019-09-27 16:00:00,29.46,69.39,3.64,74.4,0.05,98.34,23.29
2019-09-27 17:00:00,28.12,76.97,3.01,85.4,0.02,98.38,23.72
2019-09-27 18:00:00,27.03,82.6,3.19,86.4,0.01,98.43,23.83
2019-09-27 19:00:00,26.42,85.58,4.03,84.7,0.0,98.49,23.84
2019-09-27 20:00:00,25.82,88.4,4.77,82.8,0.0,98.56,23.77
2019-09-27 21:00:00,25.31,90.52,5.03,80.0,0.0,98.59,23.68
2019-09-27 22:00:00,24.9,91.82,4.92,76.5,0.0,98.58,23.49
2019-09-27 23:00:00,24.62,92.06,4.76,72.6,0.0,98.57,23.27
2019-09-28 00:00:00,24.46,91.96,4.68,69.1,0.0,98.55,23.1
2019-09-28 01:00:00,24.34,91.89,4.57,65.3,0.0,98.52,22.95
2019-09-28 02:00:00,24.26,91.58,4.32,62.4,0.0,98.48,22.82
2019-09-28 03:00:00,24.22,91.12,4.15,60.9,0.0,98.47,22.71
2019-09-28 04:00:00,24.16,90.91,4.23,60.2,0.0,98.5,22.6
2019-09-28 05:00:00,24.09,90.39,4.45,61.1,0.01,98.53,22.44
2019-09-28 06:00:00,24.29,88.64,5.01,63.4,0.04,98.58,22.31
2019-09-28 07:00:00,25.28,83.32,5.61,65.9,0.18,98.64,22.26
2019-09-28 08:00:00,26.92,75.65,6.38,71.0,0.15,98.68,22.27
2019-09-28 09:00:00,28.73,68.57,6.93,74.9,0.33,98.67,22.37
2019-09-28 10:00:00,30.11,62.59,6.84,75.2,0.58,98.59,22.2
2019-09-28 11:00:00,30.87,59.1,6.35,73.2,0.76,98.49,21.97
2019-09-28 12:00:00,30.98,58.84,5.78,71.5,0.69,98.38,22.0
2019-09-28 13:00:00,30.83,60.57,5.52,73.5,0.42,98.28,22.35
2019-09-28 14:00:00,30.43,63.25,5.32,79.4,0.25,98.23,22.67
2019-09-28 15:00:00,29.81,66.28,5.26,86.8,0.21,98.23,22.86
2019-09-28 16:00:00,28.53,71.83,5.0,91.6,0.21,98.28,22.98
2019-09-28 17:00:00,27.07,79.53,3.98,91.7,0.16,98.35,23.25
2019-09-28 18:00:00,25.95,85.99,3.16,88.9,0.13,98.43,23.46
2019-09-28 19:00:00,25.36,89.41,2.96,85.9,0.12,98.5,23.52
2019-09-28 20:00:00,24.91,92.0,3.12,81.1,0.08,98.57,23.54
2019-09-28 21:00:00,24.6,93.9,3.26,76.0,0.07,98.6,23.58
2019-09-28 22:00:00,24.43,94.96,3.28,74.4,0.06,98.6,23.59
2019-09-28 23:00:00,24.34,95.3,3.5,78.8,0.05,98.58,23.57
2019-09-29 00:00:00,24.29,95.41,3.59,86.6,0.05,98.56,23.54
2019-09-29 01:00:00,24.21,95.49,3.82,89.3,0.06,98.53,23.47
2019-09-29 02:00:00,24.08,95.43,4.06,89.7,0.07,98.5,23.33
2019-09-29 03:00:00,23.88,95.38,4.24,89.2,0.08,98.5,23.13
2019-09-29 04:00:00,23.58,95.26,4.29,92.1,0.09,98.56,22.79
2019-09-29 05:00:00,23.12,95.72,3.65,93.5,0.05,98.64,22.43
2019-09-29 06:00:00,23.27,93.13,4.2,98.8,0.01,98.72,22.12
2019-09-29 07:00:00,24.61,84.44,4.97,106.0,0.01,98.8,21.83
2019-09-29 08:00:00,26.88,70.37,5.58,111.5,0.01,98.84,21.05
2019-09-29 09:00:00,28.65,61.9,5.22,111.1,0.01,98.83,20.66
2019-09-29 10:00:00,30.03,56.71,4.76,107.0,0.02,98.79,20.52
2019-09-29 11:00:00,30.96,53.56,4.43,102.9,0.04,98.72,20.45
2019-09-29 12:00:00,31.35,52.12,4.13,101.0,0.04,98.62,20.39
2019-09-29 13:00:00,31.56,51.48,3.85,101.4,0.05,98.51,20.37
2019-09-29 14:00:00,31.43,51.83,3.58,101.3,0.05,98.44,20.36
2019-09-29 15:00:00,30.84,53.77,3.23,101.1,0.04,98.43,20.41
2019-09-29 16:00:00,29.68,57.74,2.79,100.5,0.04,98.46,20.49
2019-09-29 17:00:00,28.11,66.11,1.86,95.9,0.05,98.5,21.21
2019-09-29 18:00:00,26.78,73.48,1.78,91.3,0.06,98.55,21.66
2019-09-29 19:00:00,26.08,76.95,2.08,93.3,0.07,98.61,21.74
2019-09-29 20:00:00,25.41,80.48,2.57,101.7,0.08,98.65,21.84
2019-09-29 21:00:00,24.74,84.77,3.05,110.3,0.08,98.67,22.03
2019-09-29 22:00:00,24.22,89.14,3.17,116.8,0.1,98.66,22.34
2019-09-29 23:00:00,23.81,93.14,2.89,120.6,0.1,98.65,22.65
2019-09-30 00:00:00,23.57,95.26,2.71,126.9,0.1,98.61,22.79
2019-09-30 01:00:00,23.43,95.91,2.59,133.1,0.09,98.57,22.77
2019-09-30 02:00:00,23.32,96.19,2.27,135.5,0.06,98.53,22.7
2019-09-30 03:00:00,23.21,96.22,2.22,138.8,0.03,98.52,22.6
2019-09-30 04:00:00,23.1,96.12,2.37,143.4,0.01,98.54,22.48
2019-09-30 05:00:00,22.98,95.97,2.57,148.5,0.01,98.58,22.32
2019-09-30 06:00:00,23.27,94.14,3.32,153.4,0.0,98.63,22.29
2019-09-30 07:00:00,24.3,88.24,4.17,156.6,0.0,98.7,22.25
2019-09-30 08:00:00,25.98,77.93,4.77,157.7,0.01,98.75,21.86
2019-09-30 09:00:00,27.61,69.25,4.71,157.8,0.03,98.75,21.5
2019-09-30 10:00:00,28.72,64.07,4.59,155.9,0.04,98.71,21.29
2019-09-30 11:00:00,29.51,60.56,4.45,152.3,0.04,98.64,21.1
2019-09-30 12:00:00,30.13,58.05,4.25,147.4,0.05,98.53,21.0
2019-09-30 13:00:00,30.49,56.63,3.97,143.4,0.04,98.43,20.94
2019-09-30 14:00:00,30.55,56.32,3.69,140.1,0.04,98.36,20.91
2019-09-30 15:00:00,30.26,57.25,3.46,137.9,0.02,98.32,20.9
2019-09-30 16:00:00,29.52,59.73,3.24,138.2,0.01,98.32,20.9
2019-09-30 17:00:00,27.93,67.77,2.28,138.9,0.0,98.34,21.44
2019-09-30 18:00:00,26.42,73.77,2.11,139.2,0.0,98.39,21.39
2019-09-30 19:00:00,25.76,76.2,2.26,140.2,0.0,98.46,21.29
2019-09-30 20:00:00,25.26,78.25,2.42,140.9,0.0,98.52,21.23
2019-09-30 21:00:00,24.85,80.02,2.59,140.3,0.01,98.56,21.2
2019-09-30 22:00:00,24.41,82.3,2.66,138.2,0.03,98.55,21.23
2019-09-30 23:00:00,23.98,84.91,2.72,134.6,0.03,98.54,21.31
2019-10-01 00:00:00,23.56,87.43,2.79,129.9,0.03,98.51,21.38
2019-10-01 01:00:00,23.18,89.86,2.89,128.0,0.04,98.48,21.46
2019-10-01 02:00:00,22.9,91.87,2.87,127.8,0.04,98.44,21.54
2019-10-01 03:00:00,22.65,93.6,2.49,125.9,0.04,98.44,21.6
2019-10-01 04:00:00,22.36,95.47,2.12,123.5,0.03,98.47,21.63
2019-10-01 05:00:00,22.16,96.68,1.95,122.0,0.03,98.51,21.64
2019-10-01 06:00:00,22.9,93.36,2.7,119.2,0.02,98.56,21.8
2019-10-01 07:00:00,25.1,82.97,2.8,119.3,0.03,98.61,22.03
2019-10-01 08:00:00,27.88,68.92,2.22,119.7,0.01,98.64,21.68
2019-10-01 09:00:00,29.57,60.84,1.41,115.7,0.01,98.63,21.23
2019-10-01 10:00:00,30.79,55.37,1.02,109.0,0.01,98.59,20.83
2019-10-01 11:00:00,31.71,51.78,0.86,105.5,0.01,98.5,20.6
2019-10-01 12:00:00,32.3,49.44,0.8,119.1,0.01,98.39,20.39
2019-10-01 13:00:00,32.65,47.79,0.93,141.5,0.01,98.28,20.17
2019-10-01 14:00:00,32.36,48.17,1.21,144.7,0.01,98.22,20.03
2019-10-01 15:00:00,31.55,50.72,1.45,144.6,0.0,98.21,20.12
2019-10-01 16:00:00,30.66,54.11,1.6,150.4,0.0,98.24,20.34
2019-10-01 17:00:00,29.25,61.75,1.34,154.8,0.0,98.29,21.17
2019-10-01 18:00:00,27.88,67.03,1.59,156.3,0.0,98.35,21.22
2019-10-01 19:00:00,27.05,70.38,1.79,159.7,0.0,98.43,21.22
2019-10-01 20:00:00,26.54,72.87,1.82,160.5,0.0,98.48,21.3
2019-10-01 21:00:00,26.04,74.97,1.83,158.9,0.0,98.5,21.29
2019-10-01 22:00:00,25.52,77.27,1.84,157.6,0.0,98.5,21.28
2019-10-01 23:00:00,25.07,79.39,1.88,159.4,0.0,98.52,21.28
2019-10-02 00:00:00,24.57,81.79,1.92,163.6,0.0,98.52,21.26
2019-10-02 01:00:00,23.86,85.18,1.81,169.8,0.0,98.51,21.24
2019-10-02 02:00:00,23.36,87.99,1.6,185.4,0.0,98.5,21.29
2019-10-02 03:00:00,23.02,90.16,1.51,210.6,0.01,98.51,21.35
2019-10-02 04:00:00,22.67,92.53,1.49,233.4,0.01,98.55,21.43
2019-10-02 05:00:00,22.34,94.79,1.45,248.6,0.0,98.6,21.49
2019-10-02 06:00:00,23.21,90.75,1.64,259.4,0.0,98.67,21.64
2019-10-02 07:00:00,25.51,78.89,1.47,267.3,0.01,98.74,21.61
2019-10-02 08:00:00,28.22,64.91,1.04,306.4,0.18,98.79,21.02
2019-10-02 09:00:00,29.76,58.15,1.52,343.2,0.17,98.79,20.67
2019-10-02 10:00:00,31.04,53.18,1.74,355.4,0.16,98.74,20.42
2019-10-02 11:00:00,31.94,49.51,1.74,2.0,0.1,98.65,20.09
2019-10-02 12:00:00,32.52,46.91,1.71,2.0,0.09,98.56,19.75
2019-10-02 13:00:00,32.78,45.19,1.63,0.4,0.05,98.47,19.39
2019-10-02 14:00:00,32.6,44.93,1.64,357.6,0.04,98.41,19.13
2019-10-02 15:00:00,32.19,45.61,1.67,353.5,0.01,98.39,19.01
2019-10-02 16:00:00,31.32,48.5,1.59,349.1,0.0,98.4,19.18
2019-10-02 17:00:00,29.68,57.53,1.22,354.8,0.0,98.43,20.36
2019-10-02 18:00:00,28.78,61.37,1.11,16.2,0.0,98.47,20.6
2019-10-02 19:00:00,28.35,62.44,1.09,36.5,0.0,98.54,20.5
2019-10-02 20:00:00,27.86,63.44,1.03,55.7,0.0,98.57,20.28
2019-10-02 21:00:00,27.29,65.0,1.0,79.0,0.0,98.58,20.14
2019-10-02 22:00:00,26.7,66.31,0.89,108.4,0.0,98.58,19.92
2019-10-02 23:00:00,26.0,68.04,0.9,132.7,0.0,98.58,19.66
2019-10-03 00:00:00,25.28,70.75,1.01,142.7,0.0,98.55,19.62
2019-10-03 01:00:00,24.71,72.87,1.0,146.8,0.0,98.51,19.53
2019-10-03 02:00:00,24.39,73.7,0.89,139.1,0.0,98.49,19.42
2019-10-03 03:00:00,24.1,74.78,0.75,115.2,0.0,98.49,19.37
2019-10-03 04:00:00,23.83,76.08,0.79,87.8,0.0,98.51,19.39
2019-10-03 05:00:00,23.51,77.97,1.03,65.9,0.0,98.56,19.47
2019-10-03 06:00:00,23.98,78.65,1.34,51.3,0.0,98.61,20.07
2019-10-03 07:00:00,26.13,68.97,1.93,41.9,0.0,98.68,20.02
2019-10-03 08:00:00,29.43,55.1,1.93,9.6,1.16,98.73,19.5
2019-10-03 09:00:00,30.7,51.09,2.63,347.0,1.04,98.74,19.46
2019-10-03 10:00:00,31.16,50.3,2.85,344.9,1.42,98.71,19.63
2019-10-03 11:00:00,31.33,50.09,2.69,343.6,0.83,98.65,19.71
2019-10-03 12:00:00,31.32,50.09,2.36,337.0,0.6,98.59,19.71
2019-10-03 13:00:00,31.23,50.0,2.29,326.9,0.35,98.52,19.6
2019-10-03 14:00:00,31.12,49.67,2.4,318.5,0.14,98.47,19.39
2019-10-03 15:00:00,30.67,50.89,2.53,310.5,0.16,98.45,19.36
2019-10-03 16:00:00,29.69,56.48,2.36,305.0,0.23,98.47,20.14
2019-10-03 17:00:00,27.51,69.69,2.01,305.7,0.04,98.49,21.5
2019-10-03 18:00:00,26.36,72.57,2.22,310.4,0.05,98.56,21.06
2019-10-03 19:00:00,25.9,73.51,2.17,318.4,0.03,98.63,20.82
2019-10-03 20:00:00,25.46,74.58,2.05,330.8,0.07,98.68,20.64
2019-10-03 21:00:00,24.83,76.25,1.97,344.7,0.11,98.69,20.4
2019-10-03 22:00:00,24.18,78.86,1.86,356.9,0.21,98.69,20.3
2019-10-03 23:00:00,23.52,81.72,1.78,7.4,0.29,98.67,20.24
2019-10-04 00:00:00,22.93,84.45,1.7,14.3,0.45,98.66,20.2
2019-10-04 01:00:00,22.34,87.45,1.63,16.0,0.78,98.64,20.19
2019-10-04 02:00:00,21.92,89.3,1.54,10.5,1.63,98.63,20.11
2019-10-04 03:00:00,21.6,90.88,1.49,359.2,1.13,98.63,20.07
2019-10-04 04:00:00,21.28,92.09,1.54,349.5,0.52,98.66,19.96
2019-10-04 05:00:00,20.93,93.44,1.67,343.3,0.25,98.7,19.85
2019-10-04 06:00:00,21.73,90.82,2.03,341.9,0.09,98.76,20.19
2019-10-04 07:00:00,23.31,84.64,2.65,343.1,0.34,98.83,20.6
2019-10-04 08:00:00,26.55,68.95,3.03,340.7,0.0,98.89,20.42
2019-10-04 09:00:00,29.18,57.19,3.44,339.8,0.0,98.9,19.86
2019-10-04 10:00:00,30.73,51.41,3.46,340.3,0.0,98.85,19.58
2019-10-04 11:00:00,31.73,46.96,3.46,340.6,0.0,98.77,19.05
2019-10-04 12:00:00,32.34,43.52,3.47,340.1,0.0,98.67,18.39
2019-10-04 13:00:00,32.53,41.29,3.41,337.9,0.0,98.55,17.72
2019-10-04 14:00:00,32.51,40.0,3.43,335.2,0.0,98.46,17.2
2019-10-04 15:00:00,31.89,40.12,3.52,332.2,0.0,98.43,16.69
2019-10-04 16:00:00,30.49,44.74,3.32,331.3,0.0,98.44,17.15
2019-10-04 17:00:00,27.54,58.11,2.51,335.5,0.0,98.47,18.59
2019-10-04 18:00:00,25.88,62.01,2.66,342.2,0.0,98.53,18.06
2019-10-04 19:00:00,25.19,63.47,2.74,348.6,0.0,98.59,17.79
2019-10-04 20:00:00,24.65,65.22,2.76,353.8,0.0,98.62,17.72
2019-10-04 21:00:00,24.07,67.43,2.77,356.5,0.0,98.62,17.69
2019-10-04 22:00:00,23.53,69.76,2.82,355.9,0.0,98.62,17.72
2019-10-04 23:00:00,22.93,72.89,2.87,354.4,0.0,98.62,17.83
2019-10-05 00:00:00,22.31,76.26,2.9,352.7,0.0,98.61,17.96
2019-10-05 01:00:00,21.75,79.37,2.97,350.7,0.0,98.6,18.05
2019-10-05 02:00:00,21.22,82.36,2.84,345.3,0.0,98.59,18.11
2019-10-05 03:00:00,20.83,84.43,2.8,338.8,0.0,98.6,18.14
2019-10-05 04:00:00,20.55,85.72,2.74,334.3,0.0,98.62,18.1
2019-10-05 05:00:00,20.29,86.68,2.64,329.7,0.0,98.66,18.02
2019-10-05 06:00:00,20.97,83.04,3.38,324.5,0.0,98.71,18.02
2019-10-05 07:00:00,23.11,73.77,3.35,317.8,0.0,98.79,18.2
2019-10-05 08:00:00,26.85,57.69,4.75,323.4,0.0,98.84,17.83
2019-10-05 09:00:00,29.34,50.02,4.91,318.6,0.0,98.86,17.88
2019-10-05 10:00:00,31.01,46.08,4.71,315.5,0.0,98.84,18.08
2019-10-05 11:00:00,32.1,43.51,4.52,314.7,0.0,98.78,18.15
2019-10-05 12:00:00,32.72,41.7,4.35,314.7,0.0,98.7,18.04
2019-10-05 13:00:00,32.86,40.78,4.24,315.4,0.0,98.62,17.81
2019-10-05 14:00:00,32.64,40.5,4.15,316.1,0.0,98.56,17.5
2019-10-05 15:00:00,32.03,40.77,4.0,316.3,0.0,98.54,17.05
2019-10-05 16:00:00,30.71,44.89,3.48,316.2,0.0,98.54,17.39
2019-10-05 17:00:00,27.75,57.33,2.5,317.8,0.0,98.56,18.57
2019-10-05 18:00:00,25.95,60.83,2.68,323.0,0.0,98.61,17.82
2019-10-05 19:00:00,25.06,62.06,2.76,329.7,0.0,98.68,17.31
2019-10-05 20:00:00,24.17,63.67,2.74,336.3,0.0,98.73,16.88
2019-10-05 21:00:00,23.28,65.71,2.65,342.0,0.0,98.74,16.54
2019-10-05 22:00:00,22.48,67.88,2.53,347.0,0.0,98.74,16.28
2019-10-05 23:00:00,21.82,70.11,2.4,350.7,0.0,98.72,16.16
2019-10-06 00:00:00,21.33,72.17,2.24,350.2,0.0,98.71,16.16
2019-10-06 01:00:00,20.93,73.82,2.12,343.3,0.0,98.68,16.11
2019-10-06 02:00:00,20.52,75.69,2.12,331.3,0.0,98.66,16.11
2019-10-06 03:00:00,20.23,77.52,2.22,320.1,0.0,98.65,16.21
2019-10-06 04:00:00,19.91,79.55,2.34,311.5,0.0,98.66,16.3
2019-10-06 05:00:00,19.67,81.32,2.44,305.5,0.0,98.7,16.4
2019-10-06 06:00:00,20.75,77.91,2.79,302.0,0.0,98.77,16.78
2019-10-06 07:00:00,23.22,68.33,3.46,300.0,0.0,98.86,17.1
2019-10-06 08:00:00,26.84,56.61,3.76,310.0,0.0,98.91,17.53
2019-10-06 09:00:00,29.43,49.34,4.26,314.5,0.0,98.91,17.74
2019-10-06 10:00:00,30.93,45.71,4.03,311.2,0.0,98.87,17.89
2019-10-06 11:00:00,32.11,42.61,3.74,308.4,0.0,98.78,17.83
2019-10-06 12:00:00,32.73,40.66,3.42,303.6,0.0,98.67,17.64
2019-10-06 13:00:00,32.66,39.84,3.47,297.3,0.0,98.58,17.26
2019-10-06 14:00:00,32.37,39.76,3.64,297.5,0.0,98.52,16.97
2019-10-06 15:00:00,31.69,41.12,3.64,301.5,0.0,98.52,16.9
2019-10-06 16:00:00,30.37,46.32,3.11,308.9,0.0,98.55,17.59
2019-10-06 17:00:00,27.68,58.92,2.27,320.6,0.0,98.59,18.94
2019-10-06 18:00:00,26.3,61.66,2.53,330.1,0.0,98.65,18.37
2019-10-06 19:00:00,25.48,63.29,2.62,339.0,0.0,98.72,18.02
2019-10-06 20:00:00,24.47,65.83,2.65,347.4,0.0,98.78,17.69
2019-10-06 21:00:00,23.64,68.46,2.6,355.4,0.0,98.8,17.52
2019-10-06 22:00:00,22.93,71.01,2.55,359.6,0.0,98.8,17.42
2019-10-06 23:00:00,22.37,73.17,2.53,0.5,0.0,98.8,17.36
2019-10-07 00:00:00,21.9,75.17,2.54,359.5,0.0,98.79,17.33
2019-10-07 01:00:00,21.45,77.37,2.53,358.6,0.0,98.76,17.35
2019-10-07 02:00:00,21.07,79.44,2.45,354.8,0.0,98.75,17.4
2019-10-07 03:00:00,20.81,81.04,2.33,347.1,0.0,98.75,17.46
2019-10-07 04:00:00,20.73,81.92,2.25,336.4,0.0,98.79,17.57
2019-10-07 05:00:00,20.58,83.13,2.27,326.3,0.0,98.86,17.64
2019-10-07 06:00:00,21.64,79.28,2.79,318.5,0.0,98.94,17.91
2019-10-07 07:00:00,23.81,70.67,3.21,309.4,0.0,99.02,18.19
2019-10-07 08:00:00,27.18,57.19,3.52,315.2,0.0,99.07,18.0
2019-10-07 09:00:00,29.7,47.59,4.05,318.6,0.0,99.06,17.41
2019-10-07 10:00:00,31.36,41.42,4.3,320.4,0.0,99.0,16.71
2019-10-07 11:00:00,32.61,36.29,4.61,323.6,0.0,98.91,15.75
2019-10-07 12:00:00,33.41,33.08,4.87,325.4,0.0,98.8,15.0
2019-10-07 13:00:00,33.72,31.52,5.0,326.1,0.0,98.7,14.53
2019-10-07 14:00:00,33.49,31.18,5.01,326.0,0.0,98.64,14.17
2019-10-07 15:00:00,32.73,32.75,4.81,324.3,0.0,98.61,14.27
2019-10-07 16:00:00,31.08,39.5,3.95,322.1,0.0,98.62,15.71
2019-10-07 17:00:00,27.73,52.12,2.82,321.1,0.0,98.65,17.05
2019-10-07 18:00:00,26.1,55.69,3.02,322.7,0.0,98.71,16.58
2019-10-07 19:00:00,25.31,57.91,3.08,326.1,0.0,98.78,16.46
2019-10-07 20:00:00,24.54,60.36,3.16,330.6,0.0,98.83,16.39
2019-10-07 21:00:00,23.73,63.0,3.18,334.9,0.0,98.84,16.31
2019-10-07 22:00:00,22.95,65.47,3.18,338.6,0.0,98.82,16.16
2019-10-07 23:00:00,22.2,67.63,3.13,341.7,0.0,98.81,15.96
2019-10-08 00:00:00,21.51,69.55,3.08,344.4,0.0,98.79,15.74
2019-10-08 01:00:00,20.78,71.88,2.9,346.8,0.0,98.76,15.56
2019-10-08 02:00:00,20.08,74.51,2.58,346.6,0.0,98.74,15.45
2019-10-08 03:00:00,19.53,76.68,2.29,342.2,0.0,98.73,15.35
2019-10-08 04:00:00,19.11,78.09,2.16,333.7,0.0,98.75,15.23
2019-10-08 05:00:00,18.8,78.93,2.09,320.4,0.0,98.79,15.1
2019-10-08 06:00:00,19.81,75.04,2.16,304.6,0.0,98.85,15.3
2019-10-08 07:00:00,22.22,64.99,2.77,290.5,0.0,98.92,15.36
2019-10-08 08:00:00,25.51,55.7,2.51,285.5,0.0,98.96,16.03
2019-10-08 09:00:00,30.11,36.85,3.39,299.7,0.0,98.95,13.79
2019-10-08 10:00:00,31.93,32.65,3.7,293.6,0.0,98.91,13.52
2019-10-08 11:00:00,32.91,31.84,3.87,290.7,0.0,98.83,13.99
2019-10-08 12:00:00,33.54,30.98,3.83,290.8,0.0,98.74,14.11
2019-10-08 13:00:00,33.7,30.49,3.7,293.1,0.0,98.64,14.01
2019-10-08 14:00:00,33.57,30.21,3.63,295.8,0.0,98.58,13.75
2019-10-08 15:00:00,32.87,31.23,3.53,298.1,0.0,98.56,13.65
2019-10-08 16:00:00,31.42,35.63,2.93,300.3,0.0,98.57,14.42
2019-10-08 17:00:00,27.75,51.95,2.27,305.9,0.0,98.6,17.0
2019-10-08 18:00:00,26.19,53.71,2.4,314.3,0.0,98.65,16.1
2019-10-08 19:00:00,25.55,54.34,2.31,324.0,0.0,98.72,15.68
2019-10-08 20:00:00,25.05,55.07,2.13,337.4,0.0,98.78,15.42
2019-10-08 21:00:00,24.54,55.88,1.98,353.6,0.0,98.81,15.17
2019-10-08 22:00:00,23.9,57.38,1.89,8.5,0.0,98.82,15.01
2019-10-08 23:00:00,23.15,59.75,1.88,22.2,0.0,98.8,14.93
2019-10-09 00:00:00,22.29,63.05,1.94,34.1,0.0,98.78,14.95
2019-10-09 01:00:00,21.42,67.52,2.02,43.4,0.0,98.76,15.18
2019-10-09 02:00:00,20.8,71.53,2.01,52.3,0.0,98.74,15.49
2019-10-09 03:00:00,20.35,75.05,1.96,63.0,0.0,98.75,15.82
2019-10-09 04:00:00,19.95,78.5,1.96,75.8,0.0,98.77,16.13
2019-10-09 05:00:00,19.56,81.83,1.99,89.4,0.0,98.81,16.41
2019-10-09 06:00:00,20.41,80.62,1.9,101.3,0.0,98.87,17.0
2019-10-09 07:00:00,23.2,69.24,2.44,109.1,0.0,98.94,17.28
2019-10-09 08:00:00,27.21,52.13,1.82,121.5,0.0,98.98,16.52
2019-10-09 09:00:00,31.17,34.63,1.46,164.9,0.0,98.98,13.76
2019-10-09 10:00:00,32.4,31.38,1.3,194.3,0.0,98.94,13.32
2019-10-09 11:00:00,33.15,29.91,1.21,216.6,0.0,98.86,13.24
2019-10-09 12:00:00,33.59,29.02,1.25,235.4,0.0,98.75,13.15
2019-10-09 13:00:00,33.81,28.28,1.37,248.7,0.0,98.64,12.94
2019-10-09 14:00:00,33.53,28.14,1.42,260.3,0.0,98.58,12.63
2019-10-09 15:00:00,32.8,28.99,1.46,272.0,0.0,98.54,12.45
2019-10-09 16:00:00,31.53,32.46,1.38,284.2,0.0,98.54,13.08
2019-10-09 17:00:00,28.95,42.96,1.3,304.1,0.0,98.56,15.09
2019-10-09 18:00:00,27.4,45.83,1.6,329.9,0.0,98.6,14.72
2019-10-09 19:00:00,25.95,50.7,1.97,351.5,0.0,98.66,14.95
2019-10-09 20:00:00,24.51,55.46,2.36,4.6,0.0,98.71,15.01
2019-10-09 21:00:00,23.45,58.52,2.59,14.1,0.0,98.73,14.87
2019-10-09 22:00:00,22.57,61.61,2.64,23.0,0.0,98.72,14.85
2019-10-09 23:00:00,21.83,64.91,2.58,31.5,0.0,98.7,14.97
2019-10-10 00:00:00,21.22,67.68,2.52,39.4,0.0,98.68,15.04
2019-10-10 01:00:00,20.7,70.3,2.46,46.0,0.0,98.64,15.13
2019-10-10 02:00:00,20.28,72.47,2.4,53.1,0.0,98.63,15.21
2019-10-10 03:00:00,19.91,74.35,2.34,60.6,0.0,98.64,15.25
2019-10-10 04:00:00,19.62,75.67,2.28,68.2,0.0,98.68,15.22
2019-10-10 05:00:00,19.38,76.51,2.23,75.5,0.0,98.75,15.17
2019-10-10 06:00:00,20.37,73.71,1.98,82.7,0.0,98.82,15.54
2019-10-10 07:00:00,23.19,61.82,2.51,88.9,0.0,98.9,15.49
2019-10-10 08:00:00,26.78,49.79,1.81,100.8,0.0,98.93,15.45
2019-10-10 09:00:00,30.92,35.77,1.39,145.9,0.0,98.92,14.06
2019-10-10 10:00:00,32.32,32.96,1.22,175.8,0.0,98.88,14.01
2019-10-10 11:00:00,33.22,31.35,1.28,203.6,0.0,98.82,14.01
2019-10-10 12:00:00,33.84,30.07,1.39,230.6,0.0,98.72,13.92
2019-10-10 13:00:00,34.17,29.06,1.56,256.3,0.0,98.63,13.67
2019-10-10 14:00:00,33.99,28.98,1.77,278.1,0.0,98.57,13.47
2019-10-10 15:00:00,33.29,29.67,2.0,296.4,0.0,98.53,13.22
2019-10-10 16:00:00,31.81,34.34,1.94,310.2,0.0,98.53,14.18
2019-10-10 17:00:00,28.25,50.15,2.06,327.3,0.0,98.54,16.9
2019-10-10 18:00:00,26.31,52.41,2.57,343.0,0.0,98.57,15.81
2019-10-10 19:00:00,25.12,55.0,2.81,355.7,0.0,98.62,15.47
2019-10-10 20:00:00,24.14,57.25,2.85,5.0,0.0,98.66,15.2
2019-10-10 21:00:00,23.25,59.81,2.8,12.4,0.0,98.67,15.04
2019-10-10 22:00:00,22.47,62.24,2.74,19.4,0.0,98.67,14.92
2019-10-10 23:00:00,21.79,64.51,2.67,26.9,0.0,98.66,14.84
2019-10-11 00:00:00,21.2,66.75,2.62,34.7,0.0,98.65,14.8
2019-10-11 01:00:00,20.63,69.43,2.54,42.3,0.0,98.63,14.87
2019-10-11 02:00:00,20.13,72.46,2.43,49.3,0.0,98.62,15.05
2019-10-11 03:00:00,19.72,75.22,2.27,56.0,0.0,98.62,15.23
2019-10-11 04:00:00,19.47,76.7,2.07,64.2,0.0,98.66,15.29
2019-10-11 05:00:00,19.44,76.76,1.82,73.1,0.0,98.72,15.27
2019-10-11 06:00:00,20.23,75.24,1.42,76.9,0.0,98.78,15.74
2019-10-11 07:00:00,22.77,64.62,1.49,68.8,0.0,98.84,15.79
2019-10-11 08:00:00,26.09,52.39,1.17,53.3,0.0,98.89,15.6
2019-10-11 09:00:00,30.24,36.55,0.42,34.4,0.0,98.88,13.79
2019-10-11 10:00:00,31.89,31.67,0.3,264.3,0.0,98.85,13.02
2019-10-11 11:00:00,32.85,29.19,0.66,266.5,0.0,98.77,12.61
2019-10-11 12:00:00,33.48,27.69,1.03,284.6,0.0,98.66,12.34
2019-10-11 13:00:00,33.73,26.71,1.49,299.0,0.0,98.55,12.0
2019-10-11 14:00:00,33.48,26.74,1.87,308.3,0.0,98.49,11.8
2019-10-11 15:00:00,32.7,28.05,2.06,314.2,0.0,98.47,11.87
2019-10-11 16:00:00,31.1,34.35,1.8,319.7,0.0,98.47,13.54
2019-10-11 17:00:00,27.75,49.09,1.95,329.1,0.0,98.49,16.11
2019-10-11 18:00:00,26.0,51.18,2.37,340.3,0.0,98.53,15.16
2019-10-11 19:00:00,24.9,54.07,2.61,351.8,0.0,98.58,14.99
2019-10-11 20:00:00,23.98,56.94,2.79,359.8,0.0,98.61,14.95
2019-10-11 21:00:00,23.26,59.64,2.84,4.4,0.0,98.63,14.99
2019-10-11 22:00:00,22.67,62.77,2.8,7.8,0.0,98.64,15.24
2019-10-11 23:00:00,22.15,66.08,2.7,10.4,0.0,98.63,15.55
2019-10-12 00:00:00,21.66,69.64,2.58,13.9,0.0,98.61,15.91
2019-10-12 01:00:00,21.22,72.7,2.45,16.8,0.0,98.59,16.15
2019-10-12 02:00:00,20.84,74.99,2.29,18.0,0.0,98.59,16.28
2019-10-12 03:00:00,20.56,76.63,2.1,18.9,0.0,98.61,16.34
2019-10-12 04:00:00,20.34,77.84,1.94,21.4,0.0,98.65,16.38
2019-10-12 05:00:00,20.16,78.89,1.8,23.3,0.0,98.71,16.42
2019-10-12 06:00:00,20.94,77.01,1.58,23.8,0.0,98.79,16.79
2019-10-12 07:00:00,23.4,66.79,1.83,24.5,0.0,98.87,16.91
2019-10-12 08:00:00,26.86,55.76,1.5,24.3,0.0,98.94,17.31
2019-10-12 09:00:00,29.95,45.86,1.31,9.2,0.0,98.95,17.06
2019-10-12 10:00:00,31.5,41.46,1.26,357.3,0.0,98.91,16.86
2019-10-12 11:00:00,32.46,38.53,1.45,346.8,0.0,98.84,16.56
2019-10-12 12:00:00,33.19,36.27,1.83,336.1,0.0,98.74,16.26
2019-10-12 13:00:00,33.54,34.72,2.31,330.4,0.0,98.65,15.87
2019-10-12 14:00:00,33.47,33.23,2.76,329.8,0.0,98.58,15.13
2019-10-12 15:00:00,32.75,33.49,3.13,330.7,0.0,98.57,14.63
2019-10-12 16:00:00,31.13,38.68,2.83,332.9,0.0,98.59,15.43
2019-10-12 17:00:00,27.5,52.48,2.53,338.9,0.0,98.64,16.92
2019-10-12 18:00:00,25.82,54.64,2.88,348.4,0.0,98.7,16.01
2019-10-12 19:00:00,24.88,56.48,2.97,358.8,0.0,98.77,15.67
2019-10-12 20:00:00,24.0,59.2,2.93,8.8,0.0,98.83,15.58
2019-10-12 21:00:00,23.27,62.04,2.83,18.6,0.0,98.85,15.62
2019-10-12 22:00:00,22.7,64.39,2.73,26.6,0.0,98.85,15.66
2019-10-12 23:00:00,22.25,66.45,2.6,32.3,0.0,98.84,15.72
2019-10-13 00:00:00,21.88,68.08,2.45,35.7,0.0,98.83,15.76
2019-10-13 01:00:00,21.62,69.15,2.23,37.2,0.0,98.79,15.76
2019-10-13 02:00:00,21.51,69.42,1.94,34.3,0.0,98.78,15.71
2019-10-13 03:00:00,21.52,68.89,1.62,24.8,0.0,98.78,15.6
2019-10-13 04:00:00,21.39,68.84,1.4,7.8,0.0,98.8,15.46
2019-10-13 05:00:00,21.07,69.8,1.35,350.6,0.0,98.85,15.37
2019-10-13 06:00:00,21.19,71.19,1.28,340.9,0.0,98.9,15.79
2019-10-13 07:00:00,23.18,62.77,1.74,335.5,0.0,98.96,15.72
2019-10-13 08:00:00,26.1,53.53,1.75,333.6,0.0,98.99,15.95
2019-10-13 09:00:00,30.28,38.76,3.11,325.6,0.0,98.98,14.72
2019-10-13 10:00:00,31.99,35.15,3.59,323.4,0.0,98.94,14.71
2019-10-13 11:00:00,32.95,33.47,3.78,320.4,0.0,98.88,14.78
2019-10-13 12:00:00,33.53,32.4,3.88,317.9,0.0,98.78,14.8
2019-10-13 13:00:00,33.78,31.51,3.95,316.6,0.0,98.7,14.57
2019-10-13 14:00:00,33.6,31.32,3.96,317.0,0.0,98.64,14.33
2019-10-13 15:00:00,32.87,32.47,3.8,319.1,0.0,98.62,14.25
2019-10-13 16:00:00,31.15,39.55,2.68,324.4,0.0,98.63,15.77
2019-10-13 17:00:00,27.75,52.58,2.28,340.3,0.0,98.67,17.19
2019-10-13 18:00:00,26.31,54.41,2.47,357.5,0.0,98.72,16.41
2019-10-13 19:00:00,25.38,56.42,2.61,12.2,0.0,98.79,16.13
2019-10-13 20:00:00,24.52,58.41,2.71,22.8,0.0,98.85,15.85
2019-10-13 21:00:00,23.76,60.3,2.7,29.5,0.0,98.88,15.64
2019-10-13 22:00:00,23.0,62.53,2.65,33.6,0.0,98.9,15.5
2019-10-13 23:00:00,22.37,64.85,2.58,36.3,0.0,98.9,15.47
2019-10-14 00:00:00,21.91,66.99,2.48,38.6,0.0,98.89,15.53
2019-10-14 01:00:00,21.62,69.01,2.32,40.3,0.0,98.86,15.71
2019-10-14 02:00:00,21.36,71.08,2.08,41.1,0.0,98.83,15.93
2019-10-14 03:00:00,21.03,72.59,1.79,42.1,0.0,98.81,15.95
2019-10-14 04:00:00,21.37,71.33,1.39,43.2,0.0,98.81,16.0
2019-10-14 05:00:00,21.88,68.93,0.76,42.3,0.0,98.85,15.95
2019-10-14 06:00:00,22.25,68.72,0.11,41.2,0.0,98.91,16.25
2019-10-14 07:00:00,23.59,65.98,0.33,203.4,0.0,98.97,16.89
2019-10-14 08:00:00,26.56,54.13,0.44,205.4,0.0,99.0,16.54
2019-10-14 09:00:00,30.94,37.16,1.75,322.4,0.0,99.01,14.65
2019-10-14 10:00:00,32.59,32.79,2.53,324.8,0.0,98.99,14.16
2019-10-14 11:00:00,33.47,31.13,2.94,327.7,0.0,98.92,14.12
2019-10-14 12:00:00,34.08,30.26,3.34,330.2,0.0,98.83,14.21
2019-10-14 13:00:00,34.18,30.01,3.67,333.1,0.0,98.74,14.16
2019-10-14 14:00:00,33.66,31.0,3.95,335.0,0.0,98.7,14.21
2019-10-14 15:00:00,32.89,33.4,3.92,338.3,0.0,98.7,14.7
2019-10-14 16:00:00,31.05,42.21,2.76,345.7,0.0,98.72,16.71
2019-10-14 17:00:00,27.8,53.52,2.59,0.4,0.0,98.77,17.52
2019-10-14 18:00:00,26.51,56.05,2.78,12.2,0.0,98.84,17.07
2019-10-14 19:00:00,25.79,57.95,2.79,22.1,0.0,98.89,16.91
2019-10-14 20:00:00,25.14,59.66,2.76,30.5,0.0,98.92,16.78
2019-10-14 21:00:00,24.47,61.44,2.72,39.0,0.0,98.93,16.6
2019-10-14 22:00:00,23.83,63.21,2.67,46.5,0.0,98.93,16.44
2019-10-14 23:00:00,23.19,65.29,2.66,53.0,0.0,98.91,16.35
2019-10-15 00:00:00,22.56,67.77,2.64,58.3,0.0,98.89,16.33
2019-10-15 01:00:00,21.97,70.29,2.61,63.1,0.0,98.87,16.34
2019-10-15 02:00:00,21.45,72.43,2.49,67.3,0.0,98.86,16.32
2019-10-15 03:00:00,21.09,73.8,2.27,72.0,0.0,98.86,16.26
2019-10-15 04:00:00,20.95,73.75,1.97,80.1,0.0,98.88,16.12
2019-10-15 05:00:00,21.01,72.57,1.63,92.8,0.0,98.93,15.92
2019-10-15 06:00:00,21.43,71.63,1.29,110.0,0.0,98.99,16.11
2019-10-15 07:00:00,23.58,63.23,1.21,125.3,0.0,99.07,16.21
2019-10-15 08:00:00,26.13,55.63,1.12,121.1,0.0,99.12,16.59
2019-10-15 09:00:00,30.67,39.1,1.3,56.9,0.0,99.12,15.19
2019-10-15 10:00:00,32.75,31.68,1.97,30.2,0.0,99.1,13.76
2019-10-15 11:00:00,33.68,28.81,2.36,20.0,0.0,99.04,13.12
2019-10-15 12:00:00,34.26,27.46,2.58,13.7,0.0,98.95,12.88
2019-10-15 13:00:00,34.48,26.39,2.73,8.8,0.0,98.87,12.46
2019-10-15 14:00:00,34.17,26.19,2.86,2.4,0.0,98.8,12.08
2019-10-15 15:00:00,33.5,27.17,2.87,358.6,0.0,98.76,12.08
2019-10-15 16:00:00,31.27,38.24,2.09,0.8,0.0,98.77,15.26
2019-10-15 17:00:00,27.66,47.73,2.51,9.4,0.0,98.81,15.58
2019-10-15 18:00:00,25.95,49.68,2.86,18.1,0.0,98.87,14.67
2019-10-15 19:00:00,24.79,52.05,3.05,27.6,0.0,98.93,14.33
2019-10-15 20:00:00,23.79,54.71,3.1,36.9,0.0,98.97,14.15
2019-10-15 21:00:00,22.96,57.59,3.03,46.1,0.0,98.99,14.17
2019-10-15 22:00:00,22.25,60.31,2.9,56.1,0.0,99.01,14.22
2019-10-15 23:00:00,21.6,63.11,2.77,66.1,0.0,99.01,14.31
2019-10-16 00:00:00,21.04,66.32,2.58,75.9,0.02,99.0,14.56
2019-10-16 01:00:00,20.59,70.05,2.31,85.8,0.02,98.99,14.97
2019-10-16 02:00:00,20.4,72.19,2.0,97.5,0.02,98.99,15.24
2019-10-16 03:00:00,20.35,73.2,1.74,111.3,0.0,98.99,15.43
2019-10-16 04:00:00,20.2,74.22,1.56,124.3,0.0,99.0,15.48
2019-10-16 05:00:00,19.98,75.19,1.46,135.3,0.0,99.02,15.47
2019-10-16 06:00:00,20.09,76.1,1.37,145.4,0.0,99.05,15.77
2019-10-16 07:00:00,22.21,67.6,1.57,153.1,0.0,99.09,15.96
2019-10-16 08:00:00,24.65,59.28,1.4,150.5,0.0,99.12,16.21
2019-10-16 09:00:00,29.23,42.01,0.76,127.0,0.0,99.12,15.01
2019-10-16 10:00:00,32.8,28.89,1.65,23.9,0.0,99.09,12.4
2019-10-16 11:00:00,33.72,26.4,2.31,12.2,0.0,99.02,11.82
2019-10-16 12:00:00,34.11,25.46,2.55,4.3,0.0,98.94,11.6
2019-10-16 13:00:00,34.14,24.99,2.65,359.8,0.0,98.87,11.34
2019-10-16 14:00:00,33.75,25.04,2.7,356.6,0.0,98.8,11.04
2019-10-16 15:00:00,32.94,26.67,2.64,353.5,0.0,98.78,11.3
2019-10-16 16:00:00,30.87,37.44,1.9,357.9,0.0,98.79,14.59
2019-10-16 17:00:00,27.78,47.86,2.22,12.2,0.0,98.81,15.75
2019-10-16 18:00:00,26.42,49.45,2.5,26.7,0.0,98.86,15.01
2019-10-16 19:00:00,25.51,50.92,2.72,40.7,0.0,98.91,14.63
2019-10-16 20:00:00,24.86,51.9,2.77,54.2,0.0,98.94,14.33
2019-10-16 21:00:00,24.23,53.79,2.64,68.9,0.0,98.96,14.31
2019-10-16 22:00:00,23.64,56.33,2.36,87.3,0.0,98.97,14.46
2019-10-16 23:00:00,23.24,58.31,1.98,108.5,0.0,98.96,14.64
2019-10-17 00:00:00,22.85,60.59,1.67,137.9,0.0,98.95,14.85
2019-10-17 01:00:00,22.18,63.1,1.5,173.5,0.0,98.93,14.86
2019-10-17 02:00:00,21.63,66.16,1.4,200.0,0.0,98.93,15.06
2019-10-17 03:00:00,21.3,68.95,1.4,214.5,0.0,98.93,15.36
2019-10-17 04:00:00,20.99,71.88,1.37,218.8,0.0,98.97,15.71
2019-10-17 05:00:00,20.75,74.71,1.35,209.2,0.0,99.02,16.06
2019-10-17 06:00:00,20.82,77.44,1.39,195.4,0.0,99.1,16.7
2019-10-17 07:00:00,23.18,69.93,1.95,184.7,0.0,99.17,17.37
2019-10-17 08:00:00,25.96,60.46,2.09,175.9,0.0,99.21,17.7
2019-10-17 09:00:00,29.88,42.95,2.08,165.5,0.0,99.18,15.9
2019-10-17 10:00:00,32.07,34.96,1.71,149.8,0.0,99.11,14.66
2019-10-17 11:00:00,33.23,31.3,1.33,140.2,0.0,99.01,13.97
2019-10-17 12:00:00,34.06,28.64,0.93,135.0,0.0,98.89,13.32
2019-10-17 13:00:00,34.47,26.95,0.62,131.7,0.0,98.78,12.75
2019-10-17 14:00:00,34.33,26.51,0.4,121.7,0.0,98.71,12.39
2019-10-17 15:00:00,33.56,28.12,0.43,110.6,0.0,98.68,12.62
2019-10-17 16:00:00,32.01,36.57,0.64,112.1,0.0,98.69,15.21
2019-10-17 17:00:00,29.38,43.2,1.21,112.3,0.0,98.72,15.59
2019-10-17 18:00:00,27.55,47.26,1.64,116.9,0.0,98.77,15.35
2019-10-17 19:00:00,26.12,52.73,1.84,128.4,0.0,98.84,15.73
2019-10-17 20:00:00,24.97,57.13,2.11,145.4,0.0,98.88,15.92
2019-10-17 21:00:00,24.26,61.07,2.4,159.5,0.0,98.91,16.29
2019-10-17 22:00:00,23.79,66.01,2.66,171.6,0.0,98.91,17.05
2019-10-17 23:00:00,23.36,71.17,2.97,179.6,0.0,98.91,17.82
2019-10-18 00:00:00,23.01,74.86,3.2,182.5,0.0,98.9,18.3
2019-10-18 01:00:00,22.63,77.73,3.18,182.7,0.0,98.89,18.56
2019-10-18 02:00:00,22.2,80.55,2.96,183.1,0.0,98.88,18.72
2019-10-18 03:00:00,21.71,83.66,2.68,183.2,0.0,98.89,18.85
2019-10-18 04:00:00,21.26,86.33,2.49,182.1,0.0,98.93,18.92
2019-10-18 05:00:00,20.84,88.97,2.27,179.0,0.0,98.99,18.99
2019-10-18 06:00:00,21.18,87.69,2.21,171.9,0.0,99.07,19.09
2019-10-18 07:00:00,23.29,77.78,2.81,160.0,0.0,99.15,19.22
2019-10-18 08:00:00,26.4,64.22,2.86,154.1,0.04,99.18,19.12
2019-10-18 09:00:00,30.07,48.27,3.78,157.6,0.03,99.18,17.97
2019-10-18 10:00:00,31.83,41.75,3.48,150.9,0.03,99.14,17.27
2019-10-18 11:00:00,32.85,37.94,3.06,148.1,0.01,99.06,16.65
2019-10-18 12:00:00,33.52,35.38,2.52,146.8,0.01,98.96,16.16
2019-10-18 13:00:00,33.85,33.28,1.95,144.2,0.0,98.86,15.49
2019-10-18 14:00:00,33.71,32.53,1.46,135.3,0.0,98.79,15.01
2019-10-18 15:00:00,33.01,33.45,1.21,124.6,0.0,98.77,14.83
2019-10-18 16:00:00,31.61,41.08,0.94,118.5,0.0,98.79,16.74
2019-10-18 17:00:00,29.5,46.66,1.08,114.0,0.0,98.81,16.9
2019-10-18 18:00:00,28.32,48.27,1.17,108.0,0.0,98.85,16.37
2019-10-18 19:00:00,27.59,49.68,1.07,100.8,0.0,98.91,16.14
2019-10-18 20:00:00,26.87,51.04,0.86,100.8,0.0,98.95,15.91
2019-10-18 21:00:00,26.18,52.66,0.59,115.3,0.0,98.97,15.77
2019-10-18 22:00:00,25.48,54.94,0.4,143.1,0.0,98.97,15.79
2019-10-18 23:00:00,24.5,57.58,0.39,166.7,0.0,98.97,15.61
2019-10-19 00:00:00,23.65,60.86,0.59,175.2,0.0,98.95,15.67
2019-10-19 01:00:00,22.96,65.06,0.93,180.0,0.01,98.95,16.04
2019-10-19 02:00:00,22.45,69.32,1.13,190.7,0.01,98.97,16.54
2019-10-19 03:00:00,22.3,72.0,1.1,201.9,0.0,98.99,16.99
2019-10-19 04:00:00,22.27,73.79,0.96,211.4,0.0,99.03,17.33
2019-10-19 05:00:00,22.37,74.39,0.76,221.8,0.01,99.1,17.56
2019-10-19 06:00:00,22.6,74.84,0.59,234.7,0.0,99.18,17.88
2019-10-19 07:00:00,23.82,70.07,0.56,255.5,0.01,99.27,18.01
2019-10-19 08:00:00,26.35,59.85,0.86,255.2,0.0,99.34,17.89
2019-10-19 09:00:00,29.28,49.02,1.1,255.8,0.0,99.36,17.45
2019-10-19 10:00:00,30.8,43.64,1.02,271.1,0.0,99.33,17.01
2019-10-19 11:00:00,31.49,40.84,1.09,282.8,0.0,99.25,16.59
2019-10-19 12:00:00,31.89,38.69,1.14,288.9,0.0,99.15,16.09
2019-10-19 13:00:00,31.99,36.98,1.21,292.9,0.0,99.06,15.48
2019-10-19 14:00:00,31.69,36.28,1.21,297.6,0.0,98.99,14.91
2019-10-19 15:00:00,31.18,36.84,1.09,298.0,0.0,98.94,14.71
2019-10-19 16:00:00,30.18,42.52,0.9,288.0,0.0,98.93,15.99
2019-10-19 17:00:00,28.42,47.95,1.05,280.5,0.0,98.94,16.27
2019-10-19 18:00:00,27.38,48.73,1.3,291.2,0.0,98.97,15.6
2019-10-19 19:00:00,26.37,51.37,1.59,309.1,0.0,99.01,15.48
2019-10-19 20:00:00,25.21,54.4,1.92,321.8,0.0,99.04,15.3
2019-10-19 21:00:00,24.09,56.67,2.21,329.3,0.0,99.08,14.9
2019-10-19 22:00:00,23.11,58.51,2.38,335.7,0.0,99.09,14.52
2019-10-19 23:00:00,22.18,59.97,2.46,339.3,0.0,99.09,14.05
2019-10-20 00:00:00,21.36,61.0,2.48,341.2,0.0,99.07,13.56
2019-10-20 01:00:00,20.65,61.83,2.53,342.8,0.0,99.06,13.1
2019-10-20 02:00:00,20.08,62.7,2.52,342.7,0.0,99.03,12.78
2019-10-20 03:00:00,19.5,63.95,2.46,340.3,0.0,99.03,12.53
2019-10-20 04:00:00,18.9,65.39,2.44,335.5,0.0,99.05,12.29
2019-10-20 05:00:00,17.99,68.05,2.52,329.0,0.0,99.11,12.04
2019-10-20 06:00:00,18.2,67.5,2.43,322.8,0.0,99.18,12.12
2019-10-20 07:00:00,20.95,57.26,3.39,317.0,0.0,99.25,12.22
2019-10-20 08:00:00,23.94,49.78,2.62,309.6,0.0,99.29,12.85
2019-10-20 09:00:00,28.96,34.11,3.27,314.3,0.0,99.3,11.56
2019-10-20 10:00:00,31.57,27.28,3.69,313.7,0.0,99.25,10.5
2019-10-20 11:00:00,32.56,25.93,3.83,313.5,0.0,99.15,10.57
2019-10-20 12:00:00,33.2,25.02,3.94,314.7,0.0,99.04,10.57
2019-10-20 13:00:00,33.43,24.09,4.02,315.0,0.0,98.94,10.19
2019-10-20 14:00:00,33.16,23.92,4.08,315.1,0.0,98.88,9.87
2019-10-20 15:00:00,32.32,24.87,4.07,315.9,0.0,98.85,9.74
2019-10-20 16:00:00,30.02,34.02,2.79,316.5,0.0,98.87,12.41
2019-10-20 17:00:00,26.02,45.39,2.86,318.7,0.0,98.9,13.32
2019-10-20 18:00:00,24.5,47.41,3.05,324.7,0.0,98.95,12.61
2019-10-20 19:00:00,23.51,49.14,3.09,332.9,0.0,98.99,12.27
2019-10-20 20:00:00,22.6,51.02,3.08,340.7,0.0,99.03,11.99
2019-10-20 21:00:00,21.71,53.27,3.08,347.0,0.0,99.05,11.83
2019-10-20 22:00:00,20.86,55.99,3.04,350.4,0.0,99.05,11.79
2019-10-20 23:00:00,20.08,58.95,2.98,351.5,0.0,99.04,11.84
2019-10-21 00:00:00,19.38,62.12,2.88,350.8,0.0,99.03,11.97
2019-10-21 01:00:00,18.75,65.25,2.78,348.8,0.0,99.01,12.12
2019-10-21 02:00:00,18.19,68.32,2.69,344.5,0.0,98.99,12.29
2019-10-21 03:00:00,17.74,70.43,2.61,337.7,0.0,98.98,12.32
2019-10-21 04:00:00,17.35,71.87,2.58,330.1,0.0,98.99,12.25
2019-10-21 05:00:00,17.04,72.6,2.6,322.6,0.0,99.03,12.12
2019-10-21 06:00:00,17.61,69.91,2.53,316.6,0.0,99.07,12.08
2019-10-21 07:00:00,20.75,57.64,3.73,310.0,0.0,99.13,12.12
2019-10-21 08:00:00,23.8,49.18,3.23,302.4,0.0,99.17,12.53
2019-10-21 09:00:00,28.58,32.76,4.69,308.0,0.0,99.17,10.66
2019-10-21 10:00:00,30.74,27.53,5.42,307.7,0.0,99.12,9.92
2019-10-21 11:00:00,31.84,25.3,5.78,307.0,0.0,99.02,9.6
2019-10-21 12:00:00,32.51,23.94,6.02,308.1,0.0,98.89,9.33
2019-10-21 13:00:00,32.73,23.34,6.11,309.6,0.0,98.78,9.15
2019-10-21 14:00:00,32.47,23.56,6.1,310.7,0.0,98.69,9.06
2019-10-21 15:00:00,31.62,24.88,5.85,312.3,0.0,98.65,9.16
2019-10-21 16:00:00,29.29,32.39,3.97,316.0,0.0,98.63,11.08
2019-10-21 17:00:00,25.09,44.44,3.22,324.1,0.0,98.64,12.18
2019-10-21 18:00:00,23.56,47.97,3.32,333.1,0.0,98.68,11.95
2019-10-21 19:00:00,22.56,50.93,3.29,341.6,0.0,98.73,11.93
2019-10-21 20:00:00,21.56,53.73,3.24,347.0,0.0,98.76,11.81
2019-10-21 21:00:00,20.59,56.32,3.1,349.4,0.0,98.78,11.63
2019-10-21 22:00:00,19.7,58.68,2.93,348.4,0.0,98.76,11.43
2019-10-21 23:00:00,18.94,60.49,2.82,343.5,0.0,98.72,11.17
2019-10-22 00:00:00,18.31,61.79,2.76,335.6,0.0,98.69,10.87
2019-10-22 01:00:00,17.78,62.63,2.76,326.1,0.0,98.66,10.59
2019-10-22 02:00:00,17.3,63.75,2.8,315.3,0.0,98.65,10.4
2019-10-22 03:00:00,16.9,64.9,2.89,305.0,0.0,98.64,10.29
2019-10-22 04:00:00,16.56,66.08,2.99,297.7,0.0,98.66,10.24
2019-10-22 05:00:00,16.27,67.34,3.09,293.1,0.0,98.71,10.23
2019-10-22 06:00:00,16.8,65.63,3.35,289.9,0.0,98.76,10.37
2019-10-22 07:00:00,19.79,55.52,4.65,286.8,0.0,98.81,10.67
2019-10-22 08:00:00,22.97,47.61,3.76,280.1,0.0,98.85,11.29
2019-10-22 09:00:00,27.85,32.47,5.71,301.3,0.0,98.83,9.88
2019-10-22 10:00:00,30.28,26.24,6.37,306.3,0.0,98.79,8.82
2019-10-22 11:00:00,31.58,23.63,6.32,304.9,0.0,98.7,8.37
2019-10-22 12:00:00,32.38,21.88,6.25,303.6,0.0,98.6,7.9
2019-10-22 13:00:00,32.71,20.79,6.2,303.4,0.0,98.5,7.42
2019-10-22 14:00:00,32.62,20.31,6.05,305.0,0.0,98.43,7.01
2019-10-22 15:00:00,31.93,21.08,5.56,308.7,0.0,98.4,6.98
2019-10-22 16:00:00,29.23,30.54,3.36,313.4,0.0,98.4,10.1
2019-10-22 17:00:00,24.79,41.6,3.24,320.3,0.0,98.44,10.89
2019-10-22 18:00:00,23.31,44.24,3.29,327.4,0.0,98.51,10.49
2019-10-22 19:00:00,22.43,46.35,3.19,334.2,0.0,98.58,10.38
2019-10-22 20:00:00,21.66,48.11,3.09,339.6,0.0,98.62,10.25
2019-10-22 21:00:00,20.95,49.68,3.0,344.5,0.0,98.62,10.08
2019-10-22 22:00:00,20.23,51.53,2.92,349.0,0.0,98.59,9.96
2019-10-22 23:00:00,19.49,53.72,2.88,351.8,0.0,98.55,9.9
2019-10-23 00:00:00,18.77,56.1,2.78,353.0,0.0,98.54,9.87
2019-10-23 01:00:00,18.19,58.02,2.58,350.9,0.0,98.52,9.83
2019-10-23 02:00:00,17.79,59.19,2.34,344.1,0.0,98.52,9.76
2019-10-23 03:00:00,17.45,60.4,2.18,334.7,0.0,98.53,9.74
2019-10-23 04:00:00,17.1,61.11,2.13,324.1,0.0,98.54,9.59
2019-10-23 05:00:00,16.81,61.29,2.14,313.3,0.0,98.58,9.35
2019-10-23 06:00:00,16.96,61.15,2.12,303.5,0.0,98.64,9.45
2019-10-23 07:00:00,20.3,50.64,2.48,293.6,0.0,98.7,9.76
2019-10-23 08:00:00,23.06,43.34,2.23,282.7,0.0,98.74,9.96
2019-10-23 09:00:00,27.51,34.12,2.54,287.9,0.0,98.75,10.31
2019-10-23 10:00:00,31.57,22.53,4.51,310.3,0.0,98.72,7.65
2019-10-23 11:00:00,32.78,20.04,4.62,311.5,0.0,98.64,6.96
2019-10-23 12:00:00,33.42,18.74,4.42,311.1,0.0,98.53,6.49
2019-10-23 13:00:00,33.59,18.09,4.19,310.6,0.0,98.44,6.13
2019-10-23 14:00:00,33.1,18.27,3.96,312.2,0.0,98.39,5.87
2019-10-23 15:00:00,32.05,20.01,3.53,316.0,0.0,98.37,6.32
2019-10-23 16:00:00,29.02,34.85,2.15,320.5,0.0,98.39,11.81
2019-10-23 17:00:00,25.73,39.81,2.35,326.8,0.0,98.42,11.07
2019-10-23 18:00:00,24.69,39.75,2.3,336.1,0.0,98.48,10.13
2019-10-23 19:00:00,23.86,40.43,2.25,350.8,0.0,98.55,9.62
2019-10-23 20:00:00,22.9,42.02,2.31,8.0,0.0,98.6,9.3
2019-10-23 21:00:00,21.93,44.47,2.4,21.8,0.0,98.64,9.28
2019-10-23 22:00:00,20.95,47.61,2.48,32.5,0.0,98.66,9.39
2019-10-23 23:00:00,19.99,50.52,2.54,41.3,0.0,98.66,9.41
2019-10-24 00:00:00,19.14,53.25,2.57,49.4,0.0,98.63,9.41
2019-10-24 01:00:00,18.4,55.82,2.57,55.1,0.0,98.6,9.44
2019-10-24 02:00:00,17.76,58.64,2.54,61.5,0.0,98.57,9.57
2019-10-24 03:00:00,17.18,62.02,2.51,68.8,0.0,98.57,9.87
2019-10-24 04:00:00,16.61,66.73,2.49,76.1,0.0,98.59,10.41
2019-10-24 05:00:00,16.08,72.67,2.44,82.9,0.0,98.64,11.19
2019-10-24 06:00:00,16.17,76.99,2.2,90.0,0.0,98.71,12.15
2019-10-24 07:00:00,18.88,68.74,2.7,96.2,0.0,98.77,13.05
2019-10-24 08:00:00,21.6,60.86,1.89,98.8,0.0,98.82,13.75
2019-10-24 09:00:00,26.51,41.75,1.01,91.7,0.0,98.82,12.41
2019-10-24 10:00:00,30.47,26.79,1.5,8.0,0.0,98.8,9.29
2019-10-24 11:00:00,31.53,24.69,2.26,2.5,0.0,98.73,8.98
2019-10-24 12:00:00,32.14,23.76,2.71,1.3,0.0,98.64,8.91
2019-10-24 13:00:00,32.32,23.4,3.05,0.6,0.0,98.55,8.85
2019-10-24 14:00:00,32.01,23.84,3.29,359.5,0.0,98.5,8.84
2019-10-24 15:00:00,31.19,25.66,3.23,0.5,0.0,98.49,9.26
2019-10-24 16:00:00,28.5,39.77,2.12,4.9,0.0,98.49,13.44
2019-10-24 17:00:00,25.46,45.54,2.42,12.1,0.0,98.52,12.87
2019-10-24 18:00:00,24.47,46.15,2.44,21.6,0.0,98.59,12.18
2019-10-24 19:00:00,23.83,47.04,2.38,35.4,0.0,98.67,11.87
2019-10-24 20:00:00,22.95,48.74,2.44,50.6,0.0,98.74,11.59
2019-10-24 21:00:00,21.88,51.62,2.61,65.3,0.0,98.78,11.47
2019-10-24 22:00:00,20.85,54.61,2.77,79.8,0.0,98.81,11.38
2019-10-24 23:00:00,19.97,57.47,2.82,93.2,0.0,98.82,11.34
2019-10-25 00:00:00,19.17,60.46,2.73,104.6,0.0,98.81,11.37
2019-10-25 01:00:00,18.41,63.91,2.57,114.9,0.0,98.78,11.49
2019-10-25 02:00:00,17.71,68.47,2.46,125.2,0.0,98.75,11.87
2019-10-25 03:00:00,17.12,73.71,2.39,135.3,0.0,98.74,12.42
2019-10-25 04:00:00,16.6,79.69,2.33,143.7,0.0,98.76,13.1
2019-10-25 05:00:00,16.18,85.57,2.31,149.5,0.0,98.82,13.78
2019-10-25 06:00:00,16.41,88.09,2.41,153.1,0.0,98.89,14.46
2019-10-25 07:00:00,18.57,79.91,3.48,155.0,0.0,98.96,15.06
2019-10-25 08:00:00,21.59,68.08,2.72,152.9,0.0,99.0,15.49
2019-10-25 09:00:00,26.09,50.45,3.76,151.7,0.0,99.0,15.02
2019-10-25 10:00:00,28.37,42.29,3.1,143.4,0.0,98.96,14.36
2019-10-25 11:00:00,29.89,37.55,2.22,132.4,0.0,98.88,13.89
2019-10-25 12:00:00,30.78,34.28,1.37,115.4,0.0,98.79,13.27
2019-10-25 13:00:00,31.19,32.11,0.87,70.5,0.0,98.71,12.63
2019-10-25 14:00:00,31.19,31.03,1.11,29.1,0.0,98.66,12.11
2019-10-25 15:00:00,30.65,31.21,1.38,18.6,0.0,98.64,11.73
2019-10-25 16:00:00,29.04,40.25,1.14,21.1,0.0,98.66,14.1
2019-10-25 17:00:00,26.96,43.6,1.32,38.3,0.0,98.69,13.54
2019-10-25 18:00:00,25.68,46.63,1.59,57.6,0.0,98.76,13.44
2019-10-25 19:00:00,24.3,51.43,1.93,75.9,0.0,98.83,13.68
2019-10-25 20:00:00,22.95,56.32,2.26,93.3,0.0,98.87,13.82
2019-10-25 21:00:00,21.98,60.35,2.45,109.0,0.0,98.9,13.97
2019-10-25 22:00:00,21.17,64.92,2.47,122.3,0.0,98.91,14.34
2019-10-25 23:00:00,20.42,69.35,2.38,134.1,0.0,98.89,14.65
2019-10-26 00:00:00,19.73,73.03,2.25,145.3,0.0,98.86,14.79
2019-10-26 01:00:00,19.1,76.41,2.13,155.2,0.0,98.81,14.88
2019-10-26 02:00:00,18.53,79.61,2.05,167.3,0.0,98.79,14.97
2019-10-26 03:00:00,18.0,82.93,2.03,180.0,0.0,98.82,15.09
2019-10-26 04:00:00,17.54,86.06,2.08,190.8,0.0,98.89,15.21
2019-10-26 05:00:00,17.15,88.85,2.14,197.4,0.0,98.97,15.32
2019-10-26 06:00:00,17.38,88.43,2.22,198.1,0.0,99.06,15.48
2019-10-26 07:00:00,19.61,78.13,3.17,195.7,0.0,99.14,15.73
2019-10-26 08:00:00,23.03,63.66,2.8,186.6,0.0,99.18,15.79
2019-10-26 09:00:00,26.78,49.2,2.38,177.1,0.0,99.18,15.28
2019-10-26 10:00:00,28.52,43.01,1.36,172.8,0.0,99.14,14.76
2019-10-26 11:00:00,29.47,38.92,0.81,177.2,0.0,99.06,14.07
2019-10-26 12:00:00,30.22,35.9,0.58,203.5,0.0,98.97,13.48
2019-10-26 13:00:00,30.61,33.85,0.64,242.2,0.0,98.87,12.94
2019-10-26 14:00:00,30.57,33.09,0.91,267.5,0.0,98.81,12.54
2019-10-26 15:00:00,30.07,33.12,1.2,283.5,0.0,98.78,12.13
2019-10-26 16:00:00,28.47,42.9,1.12,295.9,0.0,98.77,14.57
2019-10-26 17:00:00,26.55,44.21,1.38,309.1,0.0,98.79,13.39
2019-10-26 18:00:00,25.46,46.41,1.6,323.6,0.0,98.85,13.14
2019-10-26 19:00:00,24.39,49.44,1.83,338.9,0.0,98.89,13.14
2019-10-26 20:00:00,23.34,52.02,2.02,347.7,0.0,98.92,12.96
2019-10-26 21:00:00,22.43,54.1,2.11,350.4,0.0,98.93,12.71
2019-10-26 22:00:00,21.63,55.96,2.13,351.1,0.0,98.92,12.49
2019-10-26 23:00:00,21.01,57.16,2.03,349.5,0.0,98.9,12.24
2019-10-27 00:00:00,20.57,57.69,1.86,344.4,0.0,98.89,11.97
2019-10-27 01:00:00,20.09,58.21,1.72,329.6,0.0,98.88,11.66
2019-10-27 02:00:00,19.36,60.35,1.77,315.5,0.0,98.87,11.52
2019-10-27 03:00:00,18.52,63.52,1.91,307.8,0.0,98.86,11.51
2019-10-27 04:00:00,17.82,66.08,2.01,303.2,0.0,98.89,11.44
2019-10-27 05:00:00,17.27,67.97,2.03,298.2,0.0,98.93,11.33
2019-10-27 06:00:00,17.13,68.45,2.01,293.5,0.0,98.99,11.31
2019-10-27 07:00:00,19.69,59.16,2.49,293.2,0.0,99.04,11.52
2019-10-27 08:00:00,22.09,52.12,2.02,295.8,0.0,99.08,11.84
2019-10-27 09:00:00,26.87,37.37,2.38,308.8,0.0,99.07,11.13
2019-10-27 10:00:00,29.55,30.97,2.58,318.0,0.0,99.03,10.67
2019-10-27 11:00:00,30.48,29.13,2.65,318.7,0.0,98.96,10.55
2019-10-27 12:00:00,31.26,27.77,2.83,318.7,0.0,98.88,10.49
2019-10-27 13:00:00,31.64,27.12,3.12,321.5,0.0,98.79,10.46
2019-10-27 14:00:00,31.61,27.18,3.49,325.0,0.0,98.73,10.47
2019-10-27 15:00:00,30.84,29.27,3.52,330.5,0.0,98.7,10.92
2019-10-27 16:00:00,28.07,42.68,2.34,337.6,0.0,98.71,14.2
2019-10-27 17:00:00,25.03,48.85,2.64,345.3,0.0,98.74,13.55
2019-10-27 18:00:00,23.98,50.37,2.62,350.8,0.0,98.81,13.06
2019-10-27 19:00:00,23.41,51.07,2.45,353.9,0.0,98.88,12.75
2019-10-27 20:00:00,23.04,51.52,2.21,354.8,0.0,98.92,12.54
2019-10-27 21:00:00,22.78,51.84,1.92,351.6,0.0,98.93,12.4
2019-10-27 22:00:00,22.55,51.99,1.63,341.8,0.0,98.93,12.23
2019-10-27 23:00:00,22.07,53.04,1.47,326.1,0.0,98.91,12.1
2019-10-28 00:00:00,21.29,56.23,1.46,311.1,0.0,98.87,12.26
2019-10-28 01:00:00,20.29,60.7,1.58,299.2,0.0,98.83,12.48
2019-10-28 02:00:00,19.33,64.75,1.76,294.5,0.0,98.79,12.56
2019-10-28 03:00:00,18.52,67.73,1.91,295.8,0.0,98.77,12.48
2019-10-28 04:00:00,17.86,70.23,2.01,299.5,0.0,98.79,12.4
2019-10-28 05:00:00,17.35,72.17,2.06,302.3,0.0,98.85,12.32
2019-10-28 06:00:00,17.29,72.36,1.98,301.8,0.0,98.94,12.3
2019-10-28 07:00:00,19.86,62.67,2.0,299.4,0.0,99.03,12.56
2019-10-28 08:00:00,22.17,55.12,1.53,293.9,0.0,99.1,12.77
2019-10-28 09:00:00,26.54,40.76,1.48,298.3,0.0,99.14,12.15
2019-10-28 10:00:00,29.74,31.34,2.22,316.1,0.0,99.13,11.01
2019-10-28 11:00:00,31.02,28.97,2.63,321.6,0.0,99.06,10.92
2019-10-28 12:00:00,31.78,27.69,2.93,324.3,0.0,98.97,10.88
2019-10-28 13:00:00,32.05,26.95,3.16,324.7,0.0,98.89,10.72
2019-10-28 14:00:00,31.81,26.9,3.28,322.9,0.0,98.84,10.48
2019-10-28 15:00:00,30.99,28.28,3.16,321.9,0.0,98.82,10.53
2019-10-28 16:00:00,28.21,42.26,2.11,322.9,0.0,98.82,14.14
2019-10-28 17:00:00,25.19,47.4,2.44,327.9,0.0,98.83,13.23
2019-10-28 18:00:00,24.05,48.46,2.51,335.1,0.0,98.88,12.54
2019-10-28 19:00:00,23.29,49.88,2.47,339.9,0.0,98.93,12.25
2019-10-28 20:00:00,23.05,51.47,2.34,344.9,0.0,99.0,12.5
2019-10-28 21:00:00,22.63,53.22,2.3,353.0,0.0,99.03,12.62
2019-10-28 22:00:00,22.08,54.8,2.29,0.5,0.0,99.03,12.57
2019-10-28 23:00:00,21.59,56.33,2.24,4.1,0.0,99.02,12.54
2019-10-29 00:00:00,21.13,57.88,2.16,3.7,0.0,99.03,12.53
2019-10-29 01:00:00,20.65,59.35,2.14,5.1,0.0,99.02,12.47
2019-10-29 02:00:00,20.27,60.48,2.09,8.0,0.0,98.99,12.4
2019-10-29 03:00:00,20.02,61.28,1.93,11.1,0.0,98.98,12.37
2019-10-29 04:00:00,19.93,61.03,1.67,13.9,0.0,99.0,12.22
2019-10-29 05:00:00,20.14,59.72,1.28,17.3,0.0,99.02,12.09
2019-10-29 06:00:00,20.48,58.63,0.77,18.2,0.0,99.06,12.13
2019-10-29 07:00:00,21.36,57.92,0.33,0.0,0.0,99.1,12.74
2019-10-29 08:00:00,22.26,53.44,0.35,297.3,0.0,99.15,12.38
2019-10-29 09:00:00,24.19,48.67,0.76,295.9,0.0,99.17,12.74
2019-10-29 10:00:00,28.06,35.59,1.71,315.9,0.0,99.16,11.45
2019-10-29 11:00:00,29.83,31.21,2.54,326.2,0.0,99.1,11.02
2019-10-29 12:00:00,30.35,29.76,3.14,333.9,0.0,99.01,10.75
2019-10-29 13:00:00,30.17,29.9,3.39,339.1,0.0,98.93,10.66
2019-10-29 14:00:00,29.69,30.98,3.15,340.0,0.0,98.88,10.78
2019-10-29 15:00:00,28.83,34.65,2.42,337.9,0.0,98.87,11.71
2019-10-29 16:00:00,26.72,48.32,1.71,335.1,0.0,98.87,14.91
2019-10-29 17:00:00,24.93,50.61,1.94,332.4,0.0,98.9,13.94
2019-10-29 18:00:00,24.28,52.08,1.9,330.3,0.0,98.96,13.8
2019-10-29 19:00:00,23.97,52.77,1.74,327.2,0.0,99.02,13.72
2019-10-29 20:00:00,23.81,52.6,1.54,330.8,0.0,99.04,13.52
2019-10-29 21:00:00,23.77,51.67,1.3,343.9,0.0,99.05,13.22
2019-10-29 22:00:00,23.59,51.41,1.12,3.1,0.0,99.04,12.99
2019-10-29 23:00:00,23.31,51.78,1.03,21.6,0.0,99.01,12.84
2019-10-30 00:00:00,22.88,52.73,1.03,37.5,0.0,98.98,12.72
2019-10-30 01:00:00,22.34,54.35,1.15,53.1,0.0,98.95,12.68
2019-10-30 02:00:00,21.96,55.37,1.13,59.1,0.0,98.92,12.62
2019-10-30 03:00:00,21.85,55.43,0.94,48.5,0.0,98.89,12.54
2019-10-30 04:00:00,21.63,56.0,0.83,20.4,0.0,98.89,12.49
2019-10-30 05:00:00,21.19,57.48,0.98,352.4,0.0,98.92,12.49
2019-10-30 06:00:00,20.71,59.69,1.22,335.8,0.0,98.97,12.6
2019-10-30 07:00:00,21.43,60.41,1.37,322.1,0.0,99.03,13.44
2019-10-30 08:00:00,22.57,51.78,2.1,321.4,0.0,99.1,12.2
2019-10-30 09:00:00,23.94,48.36,1.63,321.7,0.0,99.09,12.4
2019-10-30 10:00:00,27.53,34.96,2.68,312.4,0.0,99.07,10.69
2019-10-30 11:00:00,29.96,27.04,3.47,313.4,0.0,98.98,8.98
2019-10-30 12:00:00,30.77,24.89,3.78,315.9,0.0,98.87,8.46
2019-10-30 13:00:00,30.98,24.15,4.26,317.7,0.0,98.77,8.18
2019-10-30 14:00:00,30.63,24.41,4.29,319.3,0.0,98.72,8.06
2019-10-30 15:00:00,29.81,26.55,3.61,319.4,0.0,98.68,8.59
2019-10-30 16:00:00,27.12,41.26,2.12,320.5,0.0,98.67,12.81
2019-10-30 17:00:00,25.07,42.21,2.1,322.7,0.0,98.7,11.35
2019-10-30 18:00:00,25.21,38.21,1.63,327.3,0.0,98.76,9.99
2019-10-30 19:00:00,25.34,35.6,1.08,328.2,0.0,98.82,9.07
2019-10-30 20:00:00,25.5,33.97,0.73,322.2,0.0,98.86,8.51
2019-10-30 21:00:00,25.06,35.23,0.53,308.2,0.0,98.88,8.64
2019-10-30 22:00:00,24.47,36.08,0.46,278.8,0.0,98.88,8.48
2019-10-30 23:00:00,23.79,37.31,0.46,267.5,0.0,98.87,8.36
2019-10-31 00:00:00,23.17,38.39,0.38,294.6,0.0,98.85,8.25
2019-10-31 01:00:00,22.48,39.79,0.55,347.5,0.0,98.83,8.14
2019-10-31 02:00:00,21.42,42.01,0.81,5.6,0.0,98.81,7.99
2019-10-31 03:00:00,20.54,44.8,0.82,13.4,0.0,98.82,8.15
2019-10-31 04:00:00,20.3,45.48,0.67,16.5,0.0,98.83,8.14
2019-10-31 05:00:00,20.23,45.69,0.46,8.8,0.0,98.87,8.16
2019-10-31 06:00:00,20.12,46.3,0.37,329.3,0.0,98.92,8.25
2019-10-31 07:00:00,21.02,47.44,0.58,303.7,0.0,98.98,9.39
2019-10-31 08:00:00,22.78,39.15,0.96,300.0,0.0,99.03,8.18
2019-10-31 09:00:00,25.94,33.76,1.62,300.4,0.0,99.02,8.79
2019-10-31 10:00:00,30.03,27.37,3.31,312.3,0.0,98.98,9.22
2019-10-31 11:00:00,31.76,25.59,4.02,311.3,0.0,98.9,9.69
2019-10-31 12:00:00,32.72,24.53,4.6,310.9,0.0,98.79,9.87
2019-10-31 13:00:00,33.06,24.22,5.03,312.0,0.0,98.68,9.97
2019-10-31 14:00:00,32.71,25.06,5.1,313.6,0.0,98.6,10.18
2019-10-31 15:00:00,31.7,27.7,4.58,316.1,0.0,98.57,10.83
2019-10-31 16:00:00,28.49,40.83,2.63,321.2,0.0,98.58,13.89
2019-10-31 17:00:00,25.17,48.63,2.82,328.8,0.0,98.62,13.61
2019-10-31 18:00:00,24.12,50.73,2.69,335.9,0.0,98.71,13.3
2019-10-31 19:00:00,23.55,51.89,2.44,340.6,0.0,98.78,13.12
2019-10-31 20:00:00,23.13,52.3,2.24,338.0,0.0,98.82,12.85
2019-10-31 21:00:00,22.6,52.74,2.18,330.8,0.0,98.81,12.49
2019-10-31 22:00:00,21.95,53.73,2.16,324.0,0.0,98.8,12.17
2019-10-31 23:00:00,21.23,55.08,2.17,318.7,0.0,98.77,11.87
2019-11-01 00:00:00,20.49,56.52,2.19,314.4,0.0,98.74,11.58
2019-11-01 01:00:00,19.79,57.84,2.21,310.6,0.0,98.7,11.28
2019-11-01 02:00:00,19.24,58.86,2.15,309.9,0.0,98.69,11.04
2019-11-01 03:00:00,18.82,60.14,2.01,313.4,0.0,98.71,10.95
2019-11-01 04:00:00,18.47,61.28,1.85,320.5,0.0,98.75,10.92
2019-11-01 05:00:00,18.14,62.45,1.71,330.6,0.0,98.82,10.9
2019-11-01 06:00:00,18.0,63.29,1.53,342.5,0.0,98.9,10.95
2019-11-01 07:00:00,19.64,59.51,1.36,356.6,0.0,98.98,11.56
2019-11-01 08:00:00,21.45,53.44,0.98,24.2,0.0,99.04,11.62
2019-11-01 09:00:00,24.86,44.38,0.58,64.3,0.0,99.03,11.94
2019-11-01 10:00:00,30.26,28.33,0.76,290.1,0.0,98.99,9.94
2019-11-01 11:00:00,32.11,24.39,1.39,271.2,0.0,98.9,9.28
2019-11-01 12:00:00,32.99,23.06,1.71,267.7,0.0,98.77,9.18
2019-11-01 13:00:00,33.38,22.41,1.83,265.0,0.0,98.67,9.08
2019-11-01 14:00:00,33.31,22.3,1.96,273.5,0.0,98.6,8.96
2019-11-01 15:00:00,32.46,24.81,1.97,287.1,0.0,98.59,9.81
2019-11-01 16:00:00,29.51,39.23,1.71,307.9,0.0,98.62,14.16
2019-11-01 17:00:00,26.82,39.99,2.27,332.4,0.0,98.66,12.11
2019-11-01 18:00:00,24.91,44.11,2.77,352.3,0.0,98.72,11.89
2019-11-01 19:00:00,23.58,47.47,3.15,6.2,0.0,98.77,11.8
2019-11-01 20:00:00,22.65,50.01,3.31,14.0,0.0,98.81,11.73
2019-11-01 21:00:00,21.9,52.17,3.28,18.3,0.0,98.82,11.68
2019-11-01 22:00:00,21.22,54.26,3.18,21.0,0.0,98.81,11.65
2019-11-01 23:00:00,20.55,56.54,3.04,21.6,0.0,98.8,11.64
2019-11-02 00:00:00,19.95,58.6,2.88,20.5,0.0,98.79,11.62
2019-11-02 01:00:00,19.42,60.36,2.72,16.6,0.0,98.8,11.58
2019-11-02 02:00:00,19.03,61.63,2.44,10.2,0.0,98.81,11.52
2019-11-02 03:00:00,18.93,61.66,2.07,0.0,0.0,98.81,11.45
2019-11-02 04:00:00,19.03,61.29,1.75,346.1,0.0,98.83,11.44
2019-11-02 05:00:00,19.12,60.92,1.5,330.9,0.0,98.9,11.44
2019-11-02 06:00:00,19.28,60.64,1.29,314.1,0.0,98.97,11.51
2019-11-02 07:00:00,21.12,56.29,1.3,298.5,0.0,99.04,12.1
2019-11-02 08:00:00,23.17,50.55,1.16,296.1,0.0,99.11,12.37
2019-11-02 09:00:00,27.23,39.27,1.16,307.0,0.0,99.14,12.2
2019-11-02 10:00:00,30.85,29.45,1.62,294.0,0.0,99.12,11.02
2019-11-02 11:00:00,31.73,28.33,1.97,296.2,0.0,99.06,11.2
2019-11-02 12:00:00,32.15,28.13,2.35,304.4,0.0,98.97,11.45
2019-11-02 13:00:00,32.19,28.47,2.73,312.3,0.0,98.88,11.66
2019-11-02 14:00:00,31.72,29.39,3.09,320.1,0.0,98.83,11.74
2019-11-02 15:00:00,30.84,31.6,3.26,328.3,0.0,98.82,12.07
2019-11-02 16:00:00,28.21,42.85,2.38,341.4,0.0,98.85,14.39
2019-11-02 17:00:00,25.55,47.58,2.94,353.2,0.0,98.9,13.61
2019-11-02 18:00:00,24.62,47.59,3.31,0.9,0.0,98.98,12.78
2019-11-02 19:00:00,23.87,48.11,3.57,6.4,0.0,99.04,12.27
2019-11-02 20:00:00,23.0,50.16,3.38,10.9,0.0,99.07,12.1
2019-11-02 21:00:00,22.12,52.97,3.02,14.4,0.0,99.08,12.12
2019-11-02 22:00:00,21.39,55.5,2.74,16.3,0.0,99.06,12.15
2019-11-02 23:00:00,20.76,57.74,2.54,16.9,0.0,99.03,12.16
2019-11-03 00:00:00,20.23,59.58,2.36,14.7,0.01,99.01,12.14
2019-11-03 01:00:00,19.76,61.32,2.18,9.0,0.02,98.98,12.13
2019-11-03 02:00:00,19.28,63.03,2.09,359.5,0.03,98.96,12.11
2019-11-03 03:00:00,18.78,65.53,2.14,350.1,0.01,98.96,12.23
2019-11-03 04:00:00,18.3,67.78,2.2,343.9,0.0,98.99,12.27
2019-11-03 05:00:00,17.9,69.47,2.2,338.9,0.0,99.05,12.26
2019-11-03 06:00:00,17.86,69.77,2.08,332.6,0.0,99.13,12.29
2019-11-03 07:00:00,19.75,62.11,2.95,324.5,0.0,99.2,12.32
2019-11-03 08:00:00,21.64,56.53,2.76,315.9,0.07,99.25,12.67
2019-11-03 09:00:00,25.38,43.27,3.36,308.5,0.0,99.25,12.0
2019-11-03 10:00:00,28.45,32.82,4.48,299.3,0.0,99.2,10.57
2019-11-03 11:00:00,29.6,30.45,4.9,293.5,0.0,99.1,10.44
2019-11-03 12:00:00,30.52,29.17,5.09,293.1,0.0,98.99,10.61
2019-11-03 13:00:00,31.0,28.84,5.21,294.7,0.0,98.88,10.83
2019-11-03 14:00:00,30.97,29.58,5.04,297.4,0.0,98.82,11.2
2019-11-03 15:00:00,30.14,32.7,4.28,300.9,0.0,98.81,11.99
2019-11-03 16:00:00,27.53,45.38,2.37,305.0,0.0,98.83,14.66
2019-11-03 17:00:00,24.97,52.22,2.4,309.9,0.0,98.88,14.54
2019-11-03 18:00:00,24.28,53.94,2.22,317.4,0.0,98.96,14.38
2019-11-03 19:00:00,23.71,55.76,2.06,325.5,0.0,99.03,14.37
2019-11-03 20:00:00,22.92,58.23,2.1,331.6,0.0,99.08,14.3
2019-11-03 21:00:00,22.07,60.74,2.28,335.9,0.0,99.11,14.16
2019-11-03 22:00:00,21.34,63.14,2.44,339.6,0.0,99.12,14.07
2019-11-03 23:00:00,20.71,65.44,2.53,342.3,0.0,99.1,14.03
2019-11-04 00:00:00,20.17,67.24,2.56,344.1,0.0,99.09,13.93
2019-11-04 01:00:00,19.68,68.82,2.58,344.9,0.0,99.06,13.83
2019-11-04 02:00:00,19.25,70.24,2.54,343.1,0.0,99.03,13.73
2019-11-04 03:00:00,18.84,71.67,2.48,338.2,0.0,99.0,13.64
2019-11-04 04:00:00,18.47,72.98,2.44,331.3,0.0,99.0,13.57
2019-11-04 05:00:00,18.12,74.48,2.44,323.3,0.0,99.03,13.54
2019-11-04 06:00:00,18.1,74.7,2.56,315.0,0.06,99.1,13.58
2019-11-04 07:00:00,20.23,66.19,3.95,307.8,0.07,99.17,13.76
2019-11-04 08:00:00,22.82,57.59,3.62,300.0,0.0,99.23,14.04
2019-11-04 09:00:00,27.02,40.95,5.75,309.5,0.0,99.25,12.66
2019-11-04 10:00:00,28.91,36.11,6.12,308.3,0.0,99.21,12.43
2019-11-04 11:00:00,29.84,33.7,6.13,306.8,0.0,99.1,12.18
2019-11-04 12:00:00,30.57,31.71,6.11,306.1,0.0,98.98,11.89
2019-11-04 13:00:00,30.91,30.61,6.05,305.9,0.0,98.89,11.66
2019-11-04 14:00:00,30.83,30.25,5.93,306.4,0.0,98.85,11.42
2019-11-04 15:00:00,30.06,31.5,5.7,308.2,0.0,98.84,11.34
2019-11-04 16:00:00,27.82,38.33,3.87,312.2,0.0,98.84,12.36
2019-11-04 17:00:00,24.17,49.31,3.19,319.8,0.0,98.87,12.91
2019-11-04 18:00:00,23.03,52.28,3.21,327.6,0.0,98.92,12.76
2019-11-04 19:00:00,22.17,54.86,3.11,333.8,0.0,98.95,12.71
2019-11-04 20:00:00,21.37,57.5,3.02,336.0,0.0,98.97,12.67
2019-11-04 21:00:00,20.64,59.94,2.96,333.5,0.0,98.97,12.63
2019-11-04 22:00:00,19.96,62.5,2.92,328.4,0.0,98.95,12.63
2019-11-04 23:00:00,19.3,65.32,2.91,322.8,0.0,98.93,12.67
2019-11-05 00:00:00,18.67,67.7,2.93,317.8,0.0,98.91,12.61
2019-11-05 01:00:00,18.06,69.86,2.98,313.2,0.0,98.87,12.5
2019-11-05 02:00:00,17.43,71.96,2.94,309.1,0.0,98.83,12.34
2019-11-05 03:00:00,16.82,73.86,2.88,303.8,0.0,98.8,12.16
2019-11-05 04:00:00,16.31,75.45,2.86,297.5,0.0,98.8,12.0
2019-11-05 05:00:00,15.88,76.86,2.86,290.3,0.0,98.81,11.86
2019-11-05 06:00:00,15.89,76.25,2.88,283.5,0.0,98.86,11.74
2019-11-05 07:00:00,18.95,62.87,4.29,277.0,0.0,98.91,11.76
2019-11-05 08:00:00,21.82,53.77,4.01,269.0,0.0,98.96,12.05
2019-11-05 09:00:00,26.45,36.95,5.23,287.6,0.0,98.99,10.58
2019-11-05 10:00:00,28.92,29.57,6.42,299.9,0.0,98.95,9.43
2019-11-05 11:00:00,30.08,27.56,6.79,303.9,0.0,98.86,9.37
2019-11-05 12:00:00,30.84,26.14,6.83,306.1,0.0,98.75,9.24
2019-11-05 13:00:00,31.18,25.13,6.65,307.2,0.0,98.65,8.93
2019-11-05 14:00:00,30.91,25.19,6.22,307.3,0.0,98.58,8.73
2019-11-05 15:00:00,30.0,26.71,5.55,306.6,0.0,98.56,8.84
2019-11-05 16:00:00,27.13,36.96,3.09,305.2,0.0,98.55,11.16
2019-11-05 17:00:00,23.44,47.5,2.82,302.4,0.0,98.56,11.68
2019-11-05 18:00:00,22.56,49.21,2.57,299.1,0.0,98.61,11.4
2019-11-05 19:00:00,22.14,49.74,2.3,294.1,0.0,98.65,11.16
2019-11-05 20:00:00,21.66,50.44,2.19,288.7,0.0,98.66,10.92
2019-11-05 21:00:00,21.02,51.58,2.22,282.5,0.0,98.67,10.69
2019-11-05 22:00:00,20.25,53.35,2.34,276.6,0.0,98.67,10.49
2019-11-05 23:00:00,19.42,55.4,2.49,274.2,0.0,98.65,10.3
2019-11-06 00:00:00,18.76,57.0,2.57,274.9,0.0,98.65,10.1
2019-11-06 01:00:00,18.27,57.94,2.52,277.1,0.0,98.62,9.89
2019-11-06 02:00:00,17.94,58.3,2.35,279.3,0.0,98.6,9.67
2019-11-06 03:00:00,17.81,57.84,2.1,280.7,0.0,98.58,9.44
2019-11-06 04:00:00,17.73,57.75,1.85,280.9,0.0,98.59,9.34
2019-11-06 05:00:00,17.63,57.91,1.65,277.6,0.0,98.62,9.29
2019-11-06 06:00:00,17.62,58.14,1.49,271.5,0.0,98.69,9.32
2019-11-06 07:00:00,19.77,53.79,1.43,265.6,0.0,98.77,10.14
2019-11-06 08:00:00,22.26,46.13,0.97,250.1,0.0,98.83,10.17
2019-11-06 09:00:00,26.99,33.81,1.43,235.0,0.0,98.86,9.74
2019-11-06 10:00:00,29.87,26.91,1.97,240.2,0.0,98.83,8.84
2019-11-06 11:00:00,30.75,25.35,1.86,236.0,0.0,98.74,8.71
2019-11-06 12:00:00,31.06,24.77,1.69,231.5,0.0,98.63,8.63
2019-11-06 13:00:00,31.1,24.52,1.47,227.2,0.0,98.52,8.5
2019-11-06 14:00:00,30.82,24.33,1.3,220.3,0.0,98.44,8.15
2019-11-06 15:00:00,30.27,24.73,1.08,202.8,0.0,98.4,7.94
2019-11-06 16:00:00,28.64,35.33,0.9,157.7,0.0,98.36,11.62
2019-11-06 17:00:00,26.47,35.72,1.61,127.9,0.0,98.35,10.05
2019-11-06 18:00:00,24.47,40.94,2.35,120.2,0.0,98.36,10.34
2019-11-06 19:00:00,23.13,44.39,2.85,121.5,0.0,98.38,10.37
2019-11-06 20:00:00,22.28,45.49,3.18,137.7,0.0,98.45,9.97
2019-11-06 21:00:00,21.86,45.91,3.44,152.2,0.0,98.5,9.72
2019-11-06 22:00:00,21.38,48.02,3.53,161.0,0.0,98.5,9.97
2019-11-06 23:00:00,20.69,52.16,3.33,168.2,0.0,98.51,10.55
2019-11-07 00:00:00,19.78,57.63,3.01,176.2,0.0,98.52,11.2
2019-11-07 01:00:00,19.31,62.01,2.82,181.2,0.0,98.53,11.87
2019-11-07 02:00:00,18.92,67.41,2.6,182.4,0.0,98.54,12.75
2019-11-07 03:00:00,18.58,72.96,2.34,181.2,0.0,98.56,13.65
2019-11-07 04:00:00,18.26,77.9,2.02,179.1,0.0,98.59,14.35
2019-11-07 05:00:00,17.93,81.94,1.76,172.5,0.0,98.65,14.82
2019-11-07 06:00:00,17.82,84.12,1.64,155.2,0.0,98.74,15.13
2019-11-07 07:00:00,19.82,74.82,2.61,133.0,0.0,98.8,15.25
2019-11-07 08:00:00,22.9,60.5,3.21,132.5,0.0,98.82,14.87
2019-11-07 09:00:00,26.55,44.73,4.34,160.4,0.0,98.84,13.59
2019-11-07 10:00:00,27.86,40.13,4.33,181.5,0.0,98.86,13.1
2019-11-07 11:00:00,27.66,40.76,3.8,201.2,0.01,98.81,13.15
2019-11-07 12:00:00,26.75,43.9,2.83,223.9,0.04,98.75,13.47
2019-11-07 13:00:00,26.37,45.64,1.27,258.7,0.08,98.69,13.72
2019-11-07 14:00:00,26.28,45.9,1.03,52.1,0.15,98.63,13.72
2019-11-07 15:00:00,26.07,46.09,2.74,68.6,0.06,98.6,13.59
2019-11-07 16:00:00,24.96,51.9,2.87,62.8,0.02,98.6,14.42
2019-11-07 17:00:00,23.35,58.88,2.79,62.7,0.02,98.63,14.88
2019-11-07 18:00:00,22.65,60.83,2.91,66.1,0.01,98.69,14.74
2019-11-07 19:00:00,22.01,61.86,2.73,71.0,0.0,98.75,14.37
2019-11-07 20:00:00,21.24,63.45,2.17,75.8,0.0,98.79,14.03
2019-11-07 21:00:00,20.77,64.35,1.77,80.6,0.0,98.8,13.81
2019-11-07 22:00:00,20.7,64.31,1.47,86.1,0.0,98.8,13.74
2019-11-07 23:00:00,20.75,64.48,1.19,91.0,0.0,98.78,13.82
2019-11-08 00:00:00,20.71,64.77,0.9,79.1,0.0,98.77,13.86
2019-11-08 01:00:00,20.49,66.69,0.65,40.6,0.01,98.77,14.1
2019-11-08 02:00:00,19.95,68.23,1.23,354.4,0.02,98.79,13.93
2019-11-08 03:00:00,18.99,74.16,2.42,339.5,0.02,98.81,14.3
2019-11-08 04:00:00,18.1,81.76,3.58,331.9,0.01,98.85,14.95
2019-11-08 05:00:00,17.7,86.7,4.29,332.4,0.0,98.93,15.47
2019-11-08 06:00:00,17.85,88.04,4.16,345.7,0.0,99.02,15.86
2019-11-08 07:00:00,18.54,85.61,3.9,359.7,0.0,99.08,16.11
2019-11-08 08:00:00,20.19,76.61,3.68,3.3,0.0,99.12,15.97
2019-11-08 09:00:00,23.12,61.88,3.26,2.6,0.0,99.12,15.45
2019-11-08 10:00:00,26.3,48.27,1.76,1.6,0.0,99.09,14.53
2019-11-08 11:00:00,28.89,39.63,0.53,349.1,0.0,99.0,13.83
2019-11-08 12:00:00,30.42,35.13,0.33,310.0,0.0,98.88,13.32
2019-11-08 13:00:00,31.16,32.47,0.3,281.7,0.0,98.78,12.78
2019-11-08 14:00:00,31.13,31.89,0.57,325.7,0.0,98.74,12.47
2019-11-08 15:00:00,30.51,32.75,1.37,340.0,0.0,98.74,12.34
2019-11-08 16:00:00,28.36,43.7,1.81,341.3,0.0,98.76,14.77
2019-11-08 17:00:00,25.68,50.02,3.01,344.6,0.0,98.8,14.52
2019-11-08 18:00:00,24.86,51.31,4.79,349.5,0.0,98.87,14.15
2019-11-08 19:00:00,23.52,56.4,5.24,352.1,0.0,98.94,14.38
2019-11-08 20:00:00,22.46,59.64,4.44,353.7,0.0,98.99,14.25
2019-11-08 21:00:00,21.6,61.41,3.37,355.4,0.0,99.01,13.89
2019-11-08 22:00:00,20.87,61.8,2.84,355.4,0.0,99.01,13.29
2019-11-08 23:00:00,20.27,61.6,2.76,352.3,0.0,98.98,12.69
2019-11-09 00:00:00,19.68,62.02,2.79,348.0,0.0,98.96,12.24
2019-11-09 01:00:00,19.12,63.28,2.93,344.5,0.0,98.93,12.0
2019-11-09 02:00:00,18.55,65.2,3.05,342.6,0.0,98.91,11.92
2019-11-09 03:00:00,17.94,67.59,3.08,341.4,0.0,98.92,11.89
2019-11-09 04:00:00,17.36,70.05,3.03,339.5,0.0,98.94,11.88
2019-11-09 05:00:00,16.82,72.52,2.92,336.2,0.0,98.98,11.88
2019-11-09 06:00:00,16.61,73.37,3.05,331.4,0.0,99.04,11.85
2019-11-09 07:00:00,18.34,65.66,4.14,326.1,0.0,99.09,11.83
2019-11-09 08:00:00,20.98,56.64,3.39,319.5,0.0,99.12,12.08
2019-11-09 09:00:00,25.7,41.21,3.87,324.3,0.0,99.13,11.56
2019-11-09 10:00:00,28.41,34.24,3.86,320.8,0.0,99.09,11.17
2019-11-09 11:00:00,29.72,31.61,3.69,316.1,0.0,99.02,11.11
2019-11-09 12:00:00,30.55,29.97,3.69,312.3,0.0,98.94,11.02
2019-11-09 13:00:00,30.86,28.93,3.85,310.1,0.0,98.87,10.76
2019-11-09 14:00:00,30.68,28.61,4.05,310.3,0.0,98.82,10.45
2019-11-09 15:00:00,29.88,29.53,4.19,311.7,0.0,98.8,10.22
2019-11-09 16:00:00,27.3,37.99,2.91,313.1,0.0,98.8,11.74
2019-11-09 17:00:00,23.7,46.52,3.19,315.1,0.0,98.83,11.59
2019-11-09 18:00:00,22.74,46.6,3.53,319.8,0.0,98.91,10.75
2019-11-09 19:00:00,22.04,46.29,3.86,325.4,0.0,98.98,10.01
2019-11-09 20:00:00,21.27,46.42,4.08,330.3,0.0,99.01,9.36
2019-11-09 21:00:00,20.36,47.32,4.14,333.7,0.0,99.03,8.82
2019-11-09 22:00:00,19.44,48.63,4.08,336.5,0.0,99.03,8.38
2019-11-09 23:00:00,18.59,50.09,3.98,338.8,0.0,99.01,8.03
2019-11-10 00:00:00,17.86,51.58,3.9,340.7,0.0,98.99,7.78
2019-11-10 01:00:00,17.25,52.79,3.88,342.1,0.0,98.97,7.57
2019-11-10 02:00:00,16.67,54.18,3.77,343.2,0.0,98.95,7.4
2019-11-10 03:00:00,16.15,55.31,3.67,343.5,0.0,98.94,7.23
2019-11-10 04:00:00,15.69,56.17,3.61,343.4,0.0,98.96,7.02
2019-11-10 05:00:00,15.31,56.66,3.57,343.2,0.0,98.98,6.79
2019-11-10 06:00:00,15.19,56.4,3.48,342.8,0.0,99.04,6.6
2019-11-10 07:00:00,17.82,47.12,4.63,342.5,0.0,99.1,6.42
2019-11-10 08:00:00,20.52,40.76,3.68,343.2,0.0,99.16,6.78
2019-11-10 09:00:00,24.86,31.13,3.84,338.0,0.0,99.17,6.66
2019-11-10 10:00:00,28.17,25.81,4.62,322.7,0.0,99.14,6.78
2019-11-10 11:00:00,29.13,26.51,4.73,310.5,0.0,99.06,7.99
2019-11-10 12:00:00,29.67,26.96,4.91,304.0,0.0,98.97,8.7
2019-11-10 13:00:00,29.77,27.49,4.96,302.3,0.0,98.88,9.07
2019-11-10 14:00:00,29.39,28.31,4.81,303.5,0.0,98.82,9.18
2019-11-10 15:00:00,28.49,29.94,4.41,306.2,0.0,98.79,9.25
2019-11-10 16:00:00,25.69,40.76,2.63,312.5,0.0,98.79,11.37
2019-11-10 17:00:00,22.55,48.54,2.83,323.6,0.0,98.82,11.19
2019-11-10 18:00:00,21.57,50.03,2.88,336.3,0.0,98.87,10.75
2019-11-10 19:00:00,20.76,51.18,2.94,349.2,0.0,98.9,10.34
2019-11-10 20:00:00,20.09,51.68,2.99,355.2,0.0,98.92,9.86
2019-11-10 21:00:00,19.44,51.64,3.01,358.9,0.0,98.92,9.24
2019-11-10 22:00:00,18.79,51.3,2.95,1.6,0.0,98.9,8.54
2019-11-10 23:00:00,18.1,50.83,2.9,2.0,0.0,98.88,7.77
2019-11-11 00:00:00,17.42,50.43,2.83,3.0,0.0,98.86,7.03
2019-11-11 01:00:00,16.94,50.09,2.72,2.3,0.0,98.84,6.49
2019-11-11 02:00:00,16.56,50.3,2.54,358.6,0.0,98.82,6.22
2019-11-11 03:00:00,16.35,50.98,2.31,353.6,0.0,98.82,6.2
2019-11-11 04:00:00,16.27,51.42,2.06,348.5,0.0,98.85,6.27
2019-11-11 05:00:00,16.11,50.08,1.86,342.8,0.0,98.89,5.7
2019-11-11 06:00:00,16.1,48.33,1.61,334.6,0.0,98.94,5.17
2019-11-11 07:00:00,17.93,42.67,1.48,319.4,0.0,99.0,5.04
2019-11-11 08:00:00,19.8,35.87,1.4,302.4,0.0,99.06,4.28
2019-11-11 09:00:00,23.23,30.53,1.63,292.8,0.0,99.09,4.97
2019-11-11 10:00:00,26.74,27.59,3.34,281.4,0.0,99.07,6.51
2019-11-11 11:00:00,27.8,27.65,4.08,284.3,0.0,99.02,7.43
2019-11-11 12:00:00,28.01,27.96,4.45,292.3,0.0,98.94,7.78
2019-11-11 13:00:00,27.92,28.21,4.68,301.7,0.0,98.87,7.83
2019-11-11 14:00:00,27.85,28.06,4.69,309.8,0.0,98.83,7.7
2019-11-11 15:00:00,27.11,28.9,4.38,317.7,0.0,98.8,7.5
2019-11-11 16:00:00,24.24,38.69,2.74,330.7,0.0,98.81,9.28
2019-11-11 17:00:00,21.0,44.51,3.03,343.5,0.0,98.83,8.48
2019-11-11 18:00:00,19.87,44.62,3.08,349.7,0.0,98.88,7.49
2019-11-11 19:00:00,19.02,44.98,3.05,353.6,0.0,98.91,6.84
2019-11-11 20:00:00,18.28,45.54,3.05,356.8,0.0,98.92,6.35
2019-11-11 21:00:00,17.56,46.09,3.12,0.0,0.0,98.93,5.86
2019-11-11 22:00:00,16.87,46.66,3.18,3.6,0.0,98.92,5.42
2019-11-11 23:00:00,16.18,47.63,3.18,7.0,0.0,98.89,5.08
2019-11-12 00:00:00,15.45,49.26,3.12,9.8,0.0,98.87,4.89
2019-11-12 01:00:00,14.71,51.38,2.98,11.0,0.0,98.86,4.81
2019-11-12 02:00:00,14.08,53.41,2.84,8.1,0.0,98.85,4.79
2019-11-12 03:00:00,13.61,54.97,2.72,1.7,0.0,98.86,4.77
2019-11-12 04:00:00,13.29,55.83,2.61,354.1,0.0,98.88,4.7
2019-11-12 05:00:00,13.1,56.25,2.52,345.7,0.0,98.93,4.62
2019-11-12 06:00:00,13.14,56.34,2.41,336.5,0.0,98.99,4.67
2019-11-12 07:00:00,16.19,46.47,2.62,324.5,0.0,99.06,4.72
2019-11-12 08:00:00,18.72,39.34,2.34,312.9,0.0,99.12,4.65
2019-11-12 09:00:00,22.86,30.89,2.57,303.8,0.0,99.14,4.82
2019-11-12 10:00:00,26.61,23.1,4.37,295.5,0.0,99.13,3.88
2019-11-12 11:00:00,27.88,21.85,4.89,289.1,0.0,99.07,4.16
2019-11-12 12:00:00,28.74,21.33,5.03,288.8,0.0,98.99,4.51
2019-11-12 13:00:00,29.17,21.41,4.87,291.9,0.0,98.9,4.94
2019-11-12 14:00:00,29.08,22.18,4.66,297.2,0.0,98.85,5.36
2019-11-12 15:00:00,28.17,24.24,4.22,305.0,0.0,98.83,5.88
2019-11-12 16:00:00,24.8,37.73,2.54,320.7,0.0,98.85,9.38
2019-11-12 17:00:00,21.52,44.12,2.91,339.3,0.0,98.9,8.83
2019-11-12 18:00:00,20.39,45.5,3.01,353.5,0.0,98.98,8.27
2019-11-12 19:00:00,19.75,46.48,2.97,3.9,0.0,99.06,7.99
2019-11-12 20:00:00,19.12,47.44,2.94,10.8,0.0,99.12,7.7
2019-11-12 21:00:00,18.57,48.14,2.91,14.5,0.0,99.13,7.42
2019-11-12 22:00:00,18.03,48.88,2.9,15.6,0.0,99.12,7.15
2019-11-12 23:00:00,17.56,49.47,2.9,15.0,0.0,99.09,6.9
2019-11-13 00:00:00,17.15,50.19,2.87,13.3,0.0,99.07,6.74
2019-11-13 01:00:00,16.76,51.26,2.79,10.3,0.0,99.03,6.67
2019-11-13 02:00:00,16.39,52.81,2.58,5.3,0.0,99.01,6.78
2019-11-13 03:00:00,16.1,54.58,2.33,355.3,0.0,99.02,6.99
2019-11-13 04:00:00,16.07,55.13,2.01,337.5,0.0,99.04,7.1
2019-11-13 05:00:00,16.1,55.14,1.84,311.5,0.0,99.09,7.06
2019-11-13 06:00:00,16.06,55.75,1.94,285.3,0.0,99.16,7.21
2019-11-13 07:00:00,17.84,48.29,2.55,267.5,0.0,99.24,6.76
2019-11-13 08:00:00,19.5,42.01,2.86,262.4,0.0,99.31,6.3
2019-11-13 09:00:00,21.67,38.48,2.16,264.7,0.0,99.34,6.95
2019-11-13 10:00:00,25.09,28.56,2.52,278.0,0.0,99.32,5.61
2019-11-13 11:00:00,26.8,25.57,2.74,284.6,0.0,99.26,5.5
2019-11-13 12:00:00,27.75,24.63,3.1,293.8,0.0,99.16,5.75
2019-11-13 13:00:00,28.02,24.81,3.48,304.5,0.0,99.08,6.08
2019-11-13 14:00:00,27.53,26.25,3.39,314.0,0.0,99.03,6.5
2019-11-13 15:00:00,26.18,34.78,2.06,323.7,0.0,99.03,9.38
2019-11-13 16:00:00,23.82,45.81,1.96,336.8,0.0,99.05,11.47
2019-11-13 17:00:00,22.3,45.67,2.1,348.5,0.0,99.09,9.99
2019-11-13 18:00:00,21.65,45.84,2.13,359.2,0.0,99.15,9.43
2019-11-13 19:00:00,21.02,47.47,2.14,9.7,0.0,99.19,9.36
2019-11-13 20:00:00,20.55,48.82,2.05,14.1,0.0,99.23,9.36
2019-11-13 21:00:00,20.32,48.99,1.82,9.8,0.0,99.24,9.22
2019-11-13 22:00:00,19.96,49.62,1.65,2.1,0.0,99.24,9.09
2019-11-13 23:00:00,19.49,51.01,1.63,357.5,0.0,99.23,9.08
2019-11-14 00:00:00,19.02,52.59,1.66,2.8,0.0,99.2,9.1
2019-11-14 01:00:00,18.67,53.88,1.6,9.3,0.0,99.17,9.12
2019-11-14 02:00:00,18.47,54.4,1.4,14.4,0.0,99.15,9.09
2019-11-14 03:00:00,18.5,53.63,0.96,15.0,0.0,99.14,8.93
2019-11-14 04:00:00,18.44,54.73,0.56,354.9,0.0,99.15,9.14
2019-11-14 05:00:00,18.09,56.51,0.63,308.5,0.0,99.21,9.26
2019-11-14 06:00:00,17.57,58.04,1.01,287.9,0.0,99.28,9.22
2019-11-14 07:00:00,18.1,58.39,1.39,280.7,0.0,99.36,9.78
2019-11-14 08:00:00,19.32,50.95,1.95,277.7,0.0,99.43,8.96
2019-11-14 09:00:00,21.47,45.94,1.6,273.9,0.0,99.47,9.39
2019-11-14 10:00:00,24.98,34.99,1.66,275.2,0.0,99.42,8.5
2019-11-14 11:00:00,28.31,28.16,1.7,305.2,0.0,99.32,8.18
2019-11-14 12:00:00,29.52,27.18,1.88,329.6,0.0,99.21,8.68
2019-11-14 13:00:00,29.33,27.96,1.99,350.4,0.0,99.13,8.93
2019-11-14 14:00:00,28.67,29.75,1.99,9.8,0.0,99.07,9.29
2019-11-14 15:00:00,27.04,41.18,1.35,27.9,0.0,99.05,12.59
2019-11-14 16:00:00,25.25,44.69,1.53,50.3,0.0,99.05,12.33
2019-11-14 17:00:00,23.81,43.49,1.71,76.1,0.0,99.07,10.68
2019-11-14 18:00:00,22.49,47.35,1.88,102.0,0.0,99.11,10.75
2019-11-14 19:00:00,21.18,52.06,2.04,120.0,0.0,99.13,10.98
2019-11-14 20:00:00,20.16,55.45,2.01,129.6,0.0,99.15,10.99
2019-11-14 21:00:00,19.34,58.55,1.85,134.1,0.0,99.15,11.03
2019-11-14 22:00:00,18.75,60.44,1.65,137.2,0.0,99.12,10.97
2019-11-14 23:00:00,18.33,61.97,1.37,135.0,0.0,99.1,10.95
2019-11-15 00:00:00,17.88,65.04,1.16,121.6,0.0,99.08,11.25
2019-11-15 01:00:00,17.55,67.82,0.78,100.3,0.0,99.08,11.58
2019-11-15 02:00:00,17.3,69.87,0.39,52.3,0.0,99.09,11.77
2019-11-15 03:00:00,16.78,72.45,0.44,18.4,0.0,99.09,11.84
2019-11-15 04:00:00,16.25,75.29,0.51,15.9,0.0,99.1,11.89
2019-11-15 05:00:00,15.8,77.89,0.68,2.5,0.0,99.16,11.97
2019-11-15 06:00:00,15.25,81.02,1.03,358.3,0.0,99.24,12.04
2019-11-15 07:00:00,16.35,75.56,1.49,3.1,0.0,99.31,12.06
2019-11-15 08:00:00,18.25,67.04,1.24,15.4,0.0,99.36,12.05
2019-11-15 09:00:00,22.39,46.49,1.45,41.1,0.0,99.37,10.39
2019-11-15 10:00:00,24.52,39.74,1.08,48.4,0.0,99.35,9.97
2019-11-15 11:00:00,26.11,35.24,0.83,13.2,0.0,99.27,9.57
2019-11-15 12:00:00,27.5,31.24,1.36,333.4,0.0,99.17,9.02
2019-11-15 13:00:00,28.61,27.56,2.36,322.9,0.0,99.07,8.12
2019-11-15 14:00:00,28.71,26.1,3.18,323.6,0.0,98.99,7.4
2019-11-15 15:00:00,27.9,26.8,3.61,328.0,0.0,98.95,7.1
2019-11-15 16:00:00,24.61,39.57,2.52,332.8,0.0,98.94,9.94
2019-11-15 17:00:00,21.41,45.19,3.0,336.0,0.0,98.97,9.08
2019-11-15 18:00:00,20.32,46.04,3.09,336.8,0.0,99.03,8.37
2019-11-15 19:00:00,19.45,46.94,3.12,335.4,0.0,99.07,7.86
2019-11-15 20:00:00,18.69,47.91,3.22,334.8,0.0,99.1,7.47
2019-11-15 21:00:00,18.04,49.37,3.27,336.7,0.0,99.09,7.3
2019-11-15 22:00:00,17.39,52.62,3.23,340.3,0.0,99.08,7.63
2019-11-15 23:00:00,16.72,58.37,3.11,343.8,0.0,99.05,8.52
2019-11-16 00:00:00,16.08,65.79,2.94,346.0,0.0,99.03,9.69
2019-11-16 01:00:00,15.48,74.09,2.78,345.9,0.0,99.01,10.9
2019-11-16 02:00:00,15.4,77.87,2.68,344.2,0.0,98.98,11.59
2019-11-16 03:00:00,15.28,79.73,2.72,342.0,0.0,98.97,11.82
2019-11-16 04:00:00,14.92,81.61,2.76,338.1,0.0,98.98,11.84
2019-11-16 05:00:00,14.56,83.4,3.03,332.5,0.0,99.05,11.8
2019-11-16 06:00:00,13.79,87.44,3.08,327.9,0.0,99.13,11.77
2019-11-16 07:00:00,15.25,79.35,4.48,325.5,0.0,99.21,11.73
2019-11-16 08:00:00,18.12,66.54,3.83,320.0,0.0,99.26,11.82
2019-11-16 09:00:00,22.7,45.52,4.49,328.5,0.0,99.29,10.35
2019-11-16 10:00:00,26.54,31.16,4.81,339.9,0.0,99.26,8.15
2019-11-16 11:00:00,28.48,26.9,4.63,340.7,0.0,99.18,7.65
2019-11-16 12:00:00,29.64,24.83,4.95,333.1,0.0,99.08,7.47
2019-11-16 13:00:00,30.14,23.96,5.68,327.1,0.0,99.01,7.37
2019-11-16 14:00:00,29.85,24.51,6.24,325.9,0.0,98.97,7.45
2019-11-16 15:00:00,28.83,26.86,6.26,326.5,0.0,98.96,7.92
2019-11-16 16:00:00,25.97,35.52,4.35,325.9,0.0,98.97,9.58
2019-11-16 17:00:00,22.54,47.11,3.85,324.6,0.0,99.01,10.74
2019-11-16 18:00:00,21.85,51.62,4.45,324.1,0.0,99.07,11.47
2019-11-16 19:00:00,21.21,55.53,5.0,322.7,0.0,99.12,11.99
2019-11-16 20:00:00,20.36,58.98,5.07,318.7,0.0,99.13,12.12
2019-11-16 21:00:00,19.56,61.64,5.14,311.7,0.0,99.15,12.04
2019-11-16 22:00:00,18.87,63.84,5.47,307.1,0.0,99.15,11.92
2019-11-16 23:00:00,18.16,66.12,5.71,306.3,0.0,99.12,11.77
2019-11-17 00:00:00,17.44,68.62,5.72,307.6,0.0,99.09,11.64
2019-11-17 01:00:00,16.82,70.85,5.73,308.7,0.0,99.06,11.53
2019-11-17 02:00:00,16.34,72.62,5.78,307.6,0.0,99.05,11.45
2019-11-17 03:00:00,15.97,74.1,5.76,306.2,0.0,99.06,11.39
2019-11-17 04:00:00,15.62,75.51,5.5,307.1,0.0,99.06,11.33
2019-11-17 05:00:00,15.32,76.73,5.36,305.2,0.0,99.09,11.28
2019-11-17 06:00:00,15.14,77.31,5.57,300.2,0.0,99.15,11.22
2019-11-17 07:00:00,16.6,70.31,6.49,294.8,0.0,99.24,11.19
2019-11-17 08:00:00,19.52,59.03,5.98,292.2,0.0,99.29,11.33
2019-11-17 09:00:00,23.85,43.43,7.8,304.6,0.0,99.3,10.7
2019-11-17 10:00:00,26.9,35.01,8.86,310.1,0.0,99.26,10.2
2019-11-17 11:00:00,28.65,30.38,8.84,310.7,0.0,99.17,9.59
2019-11-17 12:00:00,29.68,26.58,8.72,310.0,0.0,99.05,8.51
2019-11-17 13:00:00,30.02,24.6,8.69,308.9,0.0,98.96,7.64
2019-11-17 14:00:00,29.68,24.2,8.21,309.6,0.0,98.9,7.12
2019-11-17 15:00:00,28.61,25.37,7.55,308.6,0.0,98.87,6.91
2019-11-17 16:00:00,25.85,31.06,5.23,307.1,0.0,98.89,7.51
2019-11-17 17:00:00,21.84,41.18,4.04,306.0,0.0,98.94,8.1
2019-11-17 18:00:00,20.69,43.45,4.11,306.3,0.0,99.01,7.86
2019-11-17 19:00:00,19.73,45.51,4.14,306.5,0.0,99.07,7.67
2019-11-17 20:00:00,18.95,47.01,4.46,304.9,0.0,99.12,7.44
2019-11-17 21:00:00,18.41,48.1,4.82,305.0,0.0,99.12,7.26
2019-11-17 22:00:00,18.34,48.37,5.04,307.3,0.0,99.09,7.28
2019-11-17 23:00:00,17.88,50.32,4.78,305.8,0.0,99.06,7.44
2019-11-18 00:00:00,17.33,52.95,4.18,304.9,0.0,99.02,7.68
2019-11-18 01:00:00,16.99,54.83,4.46,303.0,0.0,99.01,7.87
2019-11-18 02:00:00,15.87,60.03,4.0,300.8,0.0,99.02,8.15
2019-11-18 03:00:00,15.64,62.69,4.1,297.6,0.0,99.02,8.58
2019-11-18 04:00:00,15.13,66.91,3.86,293.4,0.0,99.05,9.05
2019-11-18 05:00:00,13.76,75.57,3.24,290.4,0.0,99.11,9.55
2019-11-18 06:00:00,13.28,80.72,3.53,288.3,0.0,99.19,10.06
2019-11-18 07:00:00,14.8,75.36,4.71,283.9,0.0,99.27,10.52
2019-11-18 08:00:00,17.05,66.83,3.58,281.3,0.0,99.31,10.88
2019-11-18 09:00:00,21.37,49.95,4.82,292.6,0.0,99.33,10.54
2019-11-18 10:00:00,23.91,40.77,5.69,297.8,0.0,99.29,9.8
2019-11-18 11:00:00,24.8,37.61,5.66,296.6,0.0,99.21,9.4
2019-11-18 12:00:00,26.14,33.67,5.51,296.4,0.0,99.09,8.95
2019-11-18 13:00:00,26.84,30.85,5.23,297.4,0.0,98.99,8.25
2019-11-18 14:00:00,26.9,29.6,4.94,301.1,0.0,98.91,7.7
2019-11-18 15:00:00,26.16,30.4,4.4,304.3,0.0,98.88,7.45
2019-11-18 16:00:00,23.18,42.65,2.53,309.5,0.0,98.88,9.79
2019-11-18 17:00:00,20.28,48.61,2.67,314.8,0.0,98.9,9.13
2019-11-18 18:00:00,19.54,49.47,2.6,315.9,0.0,98.97,8.72
2019-11-18 19:00:00,18.97,50.21,2.5,315.5,0.0,99.02,8.38
2019-11-18 20:00:00,18.37,51.33,2.45,315.3,0.0,99.05,8.17
2019-11-18 21:00:00,17.7,52.69,2.47,313.5,0.0,99.08,7.94
2019-11-18 22:00:00,16.93,54.5,2.55,315.8,0.0,99.07,7.73
2019-11-18 23:00:00,16.19,56.25,2.62,322.4,0.0,99.04,7.5
2019-11-19 00:00:00,15.48,58.04,2.69,328.9,0.0,99.01,7.31
2019-11-19 01:00:00,14.85,60.06,2.72,333.8,0.0,99.0,7.21
2019-11-19 02:00:00,14.3,62.32,2.65,337.4,0.0,98.98,7.23
2019-11-19 03:00:00,13.82,64.49,2.55,338.2,0.0,98.98,7.28
2019-11-19 04:00:00,13.39,66.54,2.48,333.1,0.0,99.0,7.33
2019-11-19 05:00:00,13.04,68.32,2.4,325.8,0.0,99.04,7.38
2019-11-19 06:00:00,12.86,69.38,2.3,317.6,0.0,99.1,7.42
2019-11-19 07:00:00,15.53,59.73,2.28,309.8,0.0,99.15,7.77
2019-11-19 08:00:00,18.1,51.82,2.24,299.4,0.0,99.2,8.07
2019-11-19 09:00:00,22.17,41.12,2.24,293.9,0.0,99.22,8.38
2019-11-19 10:00:00,25.39,32.7,2.91,300.4,0.0,99.19,7.85
2019-11-19 11:00:00,26.26,30.71,2.91,299.6,0.0,99.11,7.69
2019-11-19 12:00:00,26.84,29.28,2.85,298.3,0.0,98.99,7.51
2019-11-19 13:00:00,27.08,28.58,2.96,296.9,0.0,98.9,7.35
2019-11-19 14:00:00,26.92,28.49,3.34,298.8,0.0,98.85,7.15
2019-11-19 15:00:00,26.13,29.83,3.12,304.6,0.0,98.83,7.16
2019-11-19 16:00:00,23.06,43.72,2.02,310.2,0.0,98.82,10.01
2019-11-19 17:00:00,21.21,44.39,2.08,313.4,0.0,98.86,8.56
2019-11-19 18:00:00,20.82,44.21,1.88,312.6,0.0,98.92,8.18
2019-11-19 19:00:00,20.47,44.29,1.73,308.2,0.0,98.98,7.9
2019-11-19 20:00:00,19.94,45.18,1.76,302.2,0.0,99.04,7.72
2019-11-19 21:00:00,19.21,46.5,1.87,304.5,0.0,99.06,7.47
2019-11-19 22:00:00,18.48,47.34,1.93,310.0,0.0,99.05,7.08
2019-11-19 23:00:00,17.79,48.03,1.92,316.9,0.0,99.03,6.67
2019-11-20 00:00:00,17.16,48.91,1.84,326.7,0.0,98.99,6.35
2019-11-20 01:00:00,16.63,49.56,1.69,342.4,0.0,98.94,6.06
2019-11-20 02:00:00,16.07,50.56,1.55,1.5,0.0,98.91,5.84
2019-11-20 03:00:00,15.47,52.45,1.46,9.5,0.0,98.91,5.81
2019-11-20 04:00:00,15.2,53.66,1.16,8.4,0.0,98.94,5.89
2019-11-20 05:00:00,15.06,54.28,0.84,354.6,0.0,99.01,5.93
2019-11-20 06:00:00,15.41,53.11,0.67,358.3,0.0,99.09,5.94
2019-11-20 07:00:00,16.18,56.53,0.49,11.8,0.0,99.16,7.45
2019-11-20 08:00:00,17.69,47.8,0.38,25.2,0.0,99.23,6.52
2019-11-20 09:00:00,20.94,40.07,0.45,100.3,0.0,99.25,6.89
2019-11-20 10:00:00,25.27,28.52,0.52,147.5,0.0,99.2,5.76
2019-11-20 11:00:00,26.65,25.53,0.5,214.3,0.0,99.1,5.35
2019-11-20 12:00:00,27.48,24.07,0.75,239.7,0.0,98.98,5.2
2019-11-20 13:00:00,27.93,23.21,0.93,249.8,0.0,98.88,5.06
2019-11-20 14:00:00,27.75,23.32,0.95,268.2,0.0,98.84,4.97
2019-11-20 15:00:00,26.88,26.24,1.0,290.4,0.0,98.85,5.9
2019-11-20 16:00:00,24.68,34.41,1.13,317.5,0.0,98.88,7.85
2019-11-20 17:00:00,22.74,35.79,1.49,346.1,0.0,98.95,6.84
2019-11-20 18:00:00,21.14,38.55,1.97,8.2,0.0,99.03,6.47
2019-11-20 19:00:00,19.61,42.96,2.35,20.9,0.0,99.1,6.64
2019-11-20 20:00:00,18.56,45.89,2.52,29.5,0.0,99.15,6.66
2019-11-20 21:00:00,17.8,47.85,2.54,35.7,0.0,99.2,6.58
2019-11-20 22:00:00,16.99,50.13,2.61,41.3,0.0,99.22,6.53
2019-11-20 23:00:00,16.18,52.69,2.73,47.7,0.0,99.21,6.52
2019-11-21 00:00:00,15.5,55.02,2.81,55.0,0.0,99.19,6.51
2019-11-21 01:00:00,14.95,56.89,2.77,63.4,0.0,99.17,6.51
2019-11-21 02:00:00,14.58,57.97,2.59,73.0,0.0,99.15,6.44
2019-11-21 03:00:00,14.45,57.68,2.3,82.3,0.0,99.14,6.24
2019-11-21 04:00:00,14.29,57.51,2.11,95.2,0.0,99.15,6.04
2019-11-21 05:00:00,13.89,58.45,2.1,111.2,0.0,99.18,5.89
2019-11-21 06:00:00,13.56,59.04,2.1,127.3,0.0,99.24,5.74
2019-11-21 07:00:00,15.41,56.41,1.79,145.0,0.0,99.32,6.76
2019-11-21 08:00:00,18.01,46.09,1.76,156.6,0.0,99.41,6.28
2019-11-21 09:00:00,21.4,38.99,1.08,178.4,0.0,99.48,6.89
2019-11-21 10:00:00,25.38,29.68,0.74,226.1,0.0,99.48,6.42
2019-11-21 11:00:00,26.72,26.81,0.61,338.0,0.0,99.39,6.1
2019-11-21 12:00:00,27.5,24.98,1.2,1.0,0.0,99.27,5.76
2019-11-21 13:00:00,27.58,24.45,1.62,0.0,0.0,99.18,5.51
2019-11-21 14:00:00,27.29,24.72,1.89,354.5,0.0,99.12,5.43
2019-11-21 15:00:00,26.38,29.89,1.71,350.3,0.0,99.1,7.27
2019-11-21 16:00:00,23.57,41.43,1.81,354.9,0.0,99.11,9.68
2019-11-21 17:00:00,21.21,41.94,2.34,1.0,0.0,99.14,7.77
2019-11-21 18:00:00,20.22,44.61,2.55,7.0,0.0,99.19,7.79
2019-11-21 19:00:00,19.36,46.93,2.59,8.4,0.0,99.24,7.75
2019-11-21 20:00:00,18.49,48.83,2.62,4.8,0.0,99.28,7.56
2019-11-21 21:00:00,17.59,51.06,2.75,4.8,0.0,99.31,7.37
2019-11-21 22:00:00,16.62,53.63,2.91,8.9,0.0,99.32,7.2
2019-11-21 23:00:00,15.86,56.11,2.97,14.8,0.0,99.3,7.17
2019-11-22 00:00:00,15.31,58.38,2.91,21.8,0.0,99.28,7.22
2019-11-22 01:00:00,14.83,60.38,2.75,28.7,0.0,99.25,7.26
2019-11-22 02:00:00,14.36,62.23,2.52,36.6,0.0,99.22,7.26
2019-11-22 03:00:00,14.17,63.18,2.11,44.6,0.0,99.2,7.3
2019-11-22 04:00:00,14.75,60.76,1.4,55.2,0.0,99.2,7.28
2019-11-22 05:00:00,15.28,58.47,0.55,89.0,0.0,99.23,7.21
2019-11-22 06:00:00,15.12,58.73,0.63,204.5,0.0,99.28,7.12
2019-11-22 07:00:00,16.0,58.34,1.28,233.0,0.0,99.35,7.82
2019-11-22 08:00:00,18.05,50.03,1.68,242.4,0.0,99.41,7.5
2019-11-22 09:00:00,21.26,41.58,1.59,254.3,0.0,99.47,7.72
2019-11-22 10:00:00,25.41,30.21,2.36,274.9,0.0,99.45,6.71
2019-11-22 11:00:00,26.82,28.31,2.66,294.2,0.0,99.37,6.99
2019-11-22 12:00:00,27.5,27.86,2.81,305.7,0.0,99.25,7.33
2019-11-22 13:00:00,27.73,27.92,2.81,314.7,0.0,99.13,7.56
2019-11-22 14:00:00,27.41,28.78,2.85,321.6,0.0,99.07,7.72
2019-11-22 15:00:00,26.56,32.15,2.52,328.5,0.0,99.03,8.59
2019-11-22 16:00:00,23.69,45.67,2.18,343.5,0.0,99.04,11.29
2019-11-22 17:00:00,21.27,48.69,2.81,351.2,0.0,99.07,10.07
2019-11-22 18:00:00,20.43,49.41,2.94,354.7,0.0,99.15,9.51
2019-11-22 19:00:00,19.84,49.77,2.94,355.9,0.0,99.21,9.08
2019-11-22 20:00:00,19.17,50.7,2.8,355.1,0.0,99.24,8.73
2019-11-22 21:00:00,18.56,51.86,2.55,351.4,0.0,99.25,8.51
2019-11-22 22:00:00,18.04,53.03,2.39,345.0,0.0,99.24,8.34
2019-11-22 23:00:00,17.54,53.85,2.4,335.9,0.0,99.22,8.11
2019-11-23 00:00:00,17.15,54.46,2.43,328.1,0.0,99.2,7.93
2019-11-23 01:00:00,16.79,55.55,2.36,321.4,0.0,99.19,7.88
2019-11-23 02:00:00,16.45,56.67,2.29,313.6,0.0,99.17,7.85
2019-11-23 03:00:00,16.18,57.47,2.29,306.1,0.0,99.16,7.81
2019-11-23 04:00:00,16.05,57.87,2.36,299.4,0.0,99.17,7.8
2019-11-23 05:00:00,15.98,58.42,2.47,293.1,0.0,99.21,7.85
2019-11-23 06:00:00,16.01,58.69,2.71,287.6,0.0,99.27,7.97
2019-11-23 07:00:00,17.21,55.14,3.92,286.9,0.0,99.34,8.16
2019-11-23 08:00:00,18.73,52.04,4.42,287.8,0.0,99.39,8.71
2019-11-23 09:00:00,21.06,48.73,4.37,296.3,0.0,99.42,9.87
2019-11-23 10:00:00,23.58,43.2,5.01,307.6,0.0,99.38,10.38
2019-11-23 11:00:00,25.74,36.94,5.49,315.7,0.0,99.3,9.96
2019-11-23 12:00:00,26.92,35.39,5.55,319.4,0.0,99.18,10.37
2019-11-23 13:00:00,27.7,35.35,5.4,321.5,0.0,99.09,11.03
2019-11-23 14:00:00,27.91,36.23,5.18,322.4,0.0,99.01,11.6
2019-11-23 15:00:00,27.45,38.36,4.85,321.8,0.0,98.97,12.05
2019-11-23 16:00:00,24.82,48.23,3.07,320.8,0.0,98.99,13.18
2019-11-23 17:00:00,22.11,56.06,3.25,321.9,0.0,99.04,12.97
2019-11-23 18:00:00,21.53,58.13,3.42,324.9,0.0,99.13,12.98
2019-11-23 19:00:00,20.98,60.1,3.56,326.4,0.0,99.19,12.98
2019-11-23 20:00:00,20.38,62.13,3.66,326.9,0.0,99.23,12.92
2019-11-23 21:00:00,19.76,64.27,3.69,327.5,0.0,99.21,12.86
2019-11-23 22:00:00,19.19,66.01,3.66,326.4,0.0,99.19,12.72
2019-11-23 23:00:00,19.05,65.7,3.87,326.1,0.0,99.15,12.51
2019-11-24 00:00:00,18.03,68.88,3.71,323.7,0.0,99.13,12.27
2019-11-24 01:00:00,17.63,69.63,4.27,322.8,0.0,99.14,12.04
2019-11-24 02:00:00,17.14,71.22,4.14,330.3,0.0,99.09,11.92
2019-11-24 03:00:00,17.12,71.45,4.21,332.6,0.0,99.06,11.95
2019-11-24 04:00:00,16.94,72.69,3.81,333.8,0.0,99.07,12.04
2019-11-24 05:00:00,16.63,74.68,3.7,330.2,0.0,99.14,12.15
2019-11-24 06:00:00,15.72,79.75,3.24,327.3,0.0,99.23,12.25
2019-11-24 07:00:00,17.13,73.44,4.41,322.9,0.0,99.3,12.36
2019-11-24 08:00:00,19.48,64.52,3.71,316.3,0.0,99.36,12.66
2019-11-24 09:00:00,23.66,47.86,4.63,323.0,0.0,99.38,11.98
2019-11-24 10:00:00,25.7,40.43,4.93,322.4,0.0,99.32,11.29
2019-11-24 11:00:00,26.48,39.12,4.67,317.4,0.0,99.22,11.49
2019-11-24 12:00:00,27.18,38.37,4.53,312.0,0.0,99.1,11.82
2019-11-24 13:00:00,27.68,38.12,4.42,307.3,0.0,99.0,12.16
2019-11-24 14:00:00,27.56,39.01,4.21,304.0,0.0,98.95,12.4
2019-11-24 15:00:00,26.24,43.76,3.12,303.6,0.0,98.95,12.96
2019-11-24 16:00:00,23.99,53.32,2.19,302.5,0.0,98.97,13.95
2019-11-24 17:00:00,22.77,56.57,2.27,303.7,0.0,99.02,13.72
2019-11-24 18:00:00,22.29,57.82,2.19,308.3,0.0,99.09,13.62
2019-11-24 19:00:00,21.89,58.8,2.11,315.6,0.0,99.15,13.49
2019-11-24 20:00:00,21.52,59.68,2.12,321.1,0.0,99.19,13.37
2019-11-24 21:00:00,21.14,60.09,2.2,323.7,0.0,99.2,13.11
2019-11-24 22:00:00,20.67,60.62,2.34,326.0,0.0,99.2,12.81
2019-11-24 23:00:00,20.06,61.25,2.54,329.7,0.0,99.17,12.4
2019-11-25 00:00:00,18.94,63.34,2.74,335.4,0.0,99.14,11.85
2019-11-25 01:00:00,18.19,64.02,2.82,341.6,0.0,99.1,11.3
2019-11-25 02:00:00,17.82,63.19,2.91,346.9,0.0,99.07,10.75
2019-11-25 03:00:00,17.44,62.82,2.8,350.1,0.0,99.05,10.3
2019-11-25 04:00:00,16.74,63.77,2.54,351.6,0.0,99.07,9.86
2019-11-25 05:00:00,16.38,63.76,2.38,352.0,0.0,99.13,9.53
2019-11-25 06:00:00,15.96,64.24,2.28,351.9,0.0,99.21,9.23
2019-11-25 07:00:00,17.92,56.86,2.61,349.2,0.0,99.29,9.28
2019-11-25 08:00:00,20.04,49.97,2.07,344.3,0.0,99.35,9.32
2019-11-25 09:00:00,23.89,40.33,1.42,323.6,0.0,99.4,9.63
2019-11-25 10:00:00,26.86,35.13,1.28,277.6,0.0,99.36,10.2
2019-11-25 11:00:00,28.0,33.67,1.33,257.0,0.0,99.26,10.57
2019-11-25 12:00:00,28.59,32.98,1.29,247.6,0.0,99.14,10.76
2019-11-25 13:00:00,28.68,32.93,1.21,239.8,0.0,99.03,10.83
2019-11-25 14:00:00,28.2,33.92,1.2,233.1,0.0,98.97,10.86
2019-11-25 15:00:00,27.38,36.18,1.11,229.4,0.0,98.96,11.11
2019-11-25 16:00:00,25.8,45.59,0.77,236.1,0.0,98.98,13.1
2019-11-25 17:00:00,24.81,45.58,0.71,255.4,0.0,99.04,12.26
2019-11-25 18:00:00,24.38,47.37,0.66,297.0,0.0,99.13,12.42
2019-11-25 19:00:00,23.3,49.92,0.9,347.2,0.0,99.2,12.25
2019-11-25 20:00:00,22.18,52.1,1.45,17.3,0.0,99.24,11.9
2019-11-25 21:00:00,20.78,56.0,2.07,34.4,0.0,99.25,11.7
2019-11-25 22:00:00,20.05,57.24,2.52,44.2,0.0,99.26,11.35
2019-11-25 23:00:00,19.86,56.55,2.73,52.9,0.0,99.25,11.01
2019-11-26 00:00:00,19.46,56.83,2.98,62.4,0.0,99.22,10.7
2019-11-26 01:00:00,18.91,58.0,3.12,72.8,0.0,99.18,10.5
2019-11-26 02:00:00,18.32,60.24,2.8,81.8,0.0,99.16,10.51
2019-11-26 03:00:00,17.86,62.55,2.44,92.3,0.0,99.16,10.64
2019-11-26 04:00:00,17.38,65.76,2.29,104.6,0.0,99.18,10.95
2019-11-26 05:00:00,16.87,69.91,2.27,119.6,0.0,99.21,11.38
2019-11-26 06:00:00,16.51,73.92,2.26,137.7,0.0,99.26,11.87
2019-11-26 07:00:00,17.94,69.31,2.81,161.1,0.0,99.29,12.27
2019-11-26 08:00:00,19.96,62.22,2.17,188.8,0.0,99.36,12.54
2019-11-26 09:00:00,23.9,47.24,2.15,205.6,0.0,99.4,12.02
2019-11-26 10:00:00,26.6,39.31,1.76,204.8,0.0,99.36,11.67
2019-11-26 11:00:00,28.06,36.0,1.09,199.3,0.0,99.25,11.63
2019-11-26 12:00:00,28.75,34.62,0.54,163.9,0.0,99.1,11.64
2019-11-26 13:00:00,28.78,34.55,0.63,115.3,0.0,98.97,11.63
2019-11-26 14:00:00,28.33,35.43,0.64,93.6,0.0,98.89,11.63
2019-11-26 15:00:00,27.32,38.22,0.69,31.4,0.0,98.85,11.89
2019-11-26 16:00:00,25.35,50.12,1.58,2.2,0.0,98.86,14.07
2019-11-26 17:00:00,23.07,52.75,2.66,3.0,0.0,98.9,12.86
2019-11-26 18:00:00,22.0,53.96,2.99,8.5,0.0,98.97,12.27
2019-11-26 19:00:00,20.78,56.32,2.98,13.4,0.0,99.03,11.79
2019-11-26 20:00:00,19.46,59.45,2.4,16.2,0.0,99.05,11.37
2019-11-26 21:00:00,18.38,61.36,2.37,11.9,0.0,99.04,10.84
2019-11-26 22:00:00,17.64,62.19,3.09,2.8,0.0,99.06,10.35
2019-11-26 23:00:00,16.97,63.0,3.74,359.8,0.0,99.05,9.91
2019-11-27 00:00:00,16.38,63.79,3.33,0.2,0.0,99.03,9.54
2019-11-27 01:00:00,15.9,64.54,2.75,0.8,0.0,99.02,9.26
2019-11-27 02:00:00,15.4,66.2,2.33,1.2,0.0,99.03,9.15
2019-11-27 03:00:00,14.88,68.56,1.95,5.0,0.0,99.05,9.17
2019-11-27 04:00:00,14.55,70.26,1.75,16.6,0.0,99.09,9.22
2019-11-27 05:00:00,14.42,71.18,1.61,42.5,0.0,99.15,9.3
2019-11-27 06:00:00,14.44,71.62,1.73,82.3,0.0,99.22,9.4
2019-11-27 07:00:00,16.71,62.96,2.67,114.6,0.0,99.3,9.65
2019-11-27 08:00:00,19.19,56.66,3.29,128.8,0.0,99.33,10.4
2019-11-27 09:00:00,22.67,51.42,4.01,137.8,0.0,99.34,12.17
2019-11-27 10:00:00,25.91,45.48,5.17,145.2,0.0,99.26,13.25
2019-11-27 11:00:00,26.99,43.2,5.14,147.0,0.02,99.16,13.43
2019-11-27 12:00:00,27.29,42.62,4.51,149.5,0.04,99.06,13.52
2019-11-27 13:00:00,27.16,42.96,3.75,151.7,0.06,99.0,13.51
2019-11-27 14:00:00,26.62,44.1,3.19,150.9,0.02,98.95,13.43
2019-11-27 15:00:00,25.86,46.59,2.54,147.6,0.0,98.94,13.59
2019-11-27 16:00:00,23.72,56.64,1.7,139.5,0.0,98.95,14.61
2019-11-27 17:00:00,22.36,58.2,1.87,127.8,0.0,98.98,13.77
2019-11-27 18:00:00,21.66,58.83,2.01,114.0,0.01,99.03,13.29
2019-11-27 19:00:00,20.79,60.99,2.29,104.4,0.01,99.07,13.02
2019-11-27 20:00:00,20.06,62.75,2.68,101.9,0.01,99.11,12.77
2019-11-27 21:00:00,19.69,63.39,2.99,104.5,0.01,99.12,12.58
2019-11-27 22:00:00,19.37,64.52,3.46,108.5,0.01,99.11,12.53
2019-11-27 23:00:00,18.94,66.98,3.93,111.7,0.01,99.1,12.7
2019-11-28 00:00:00,18.66,69.9,4.68,117.5,0.02,99.06,13.09
2019-11-28 01:00:00,18.29,73.84,4.94,122.4,0.02,99.04,13.57
2019-11-28 02:00:00,18.02,77.54,4.93,126.8,0.27,99.04,14.06
2019-11-28 03:00:00,17.98,80.34,4.91,129.0,0.53,99.05,14.57
2019-11-28 04:00:00,17.82,83.86,4.74,129.4,0.53,99.07,15.08
2019-11-28 05:00:00,17.62,87.31,4.69,129.9,0.47,99.12,15.52
2019-11-28 06:00:00,17.41,90.37,4.71,131.6,1.48,99.21,15.85
2019-11-28 07:00:00,17.89,90.05,5.16,133.2,2.36,99.29,16.26
2019-11-28 08:00:00,18.97,87.16,5.23,135.6,0.2,99.36,16.81
2019-11-28 09:00:00,20.52,80.64,5.4,138.2,0.19,99.41,17.11
2019-11-28 10:00:00,22.01,73.75,5.63,140.3,0.27,99.38,17.14
2019-11-28 11:00:00,23.17,68.23,5.42,144.3,0.27,99.29,17.02
2019-11-28 12:00:00,23.98,64.27,4.97,149.8,0.24,99.17,16.85
2019-11-28 13:00:00,24.33,62.36,4.48,152.1,0.23,99.08,16.7
2019-11-28 14:00:00,24.11,62.74,4.08,148.0,0.25,99.03,16.59
2019-11-28 15:00:00,23.52,65.0,3.75,138.6,0.2,99.02,16.6
2019-11-28 16:00:00,22.05,73.32,2.6,123.1,0.17,99.03,17.08
2019-11-28 17:00:00,20.48,78.6,2.97,111.6,0.16,99.06,16.66
2019-11-28 18:00:00,19.86,80.98,3.66,105.4,0.14,99.12,16.53
2019-11-28 19:00:00,19.19,84.68,4.07,99.3,0.12,99.17,16.57
2019-11-28 20:00:00,18.53,88.95,4.2,95.3,0.1,99.22,16.69
2019-11-28 21:00:00,17.96,93.2,4.15,94.0,0.09,99.24,16.87
2019-11-28 22:00:00,17.55,95.94,3.78,95.3,0.1,99.23,16.93
2019-11-28 23:00:00,17.49,95.57,3.68,98.7,0.09,99.19,16.8
2019-11-29 00:00:00,17.46,94.7,3.74,101.2,0.16,99.17,16.62
2019-11-29 01:00:00,17.43,93.84,3.67,104.3,0.24,99.16,16.45
2019-11-29 02:00:00,17.25,93.88,3.13,105.2,0.29,99.16,16.28
2019-11-29 03:00:00,17.0,94.01,2.3,103.1,0.35,99.17,16.05
2019-11-29 04:00:00,16.84,93.7,1.54,97.4,0.5,99.21,15.84
2019-11-29 05:00:00,16.65,93.74,0.92,80.0,0.72,99.28,15.65
2019-11-29 06:00:00,16.46,93.78,0.89,45.0,0.86,99.36,15.46
2019-11-29 07:00:00,16.64,91.68,1.77,26.6,1.04,99.42,15.29
2019-11-29 08:00:00,17.63,86.64,1.77,29.7,0.0,99.49,15.38
2019-11-29 09:00:00,18.98,80.07,1.65,33.4,0.0,99.53,15.47
2019-11-29 10:00:00,20.41,73.5,1.93,44.4,0.0,99.49,15.53
2019-11-29 11:00:00,21.59,67.93,2.52,53.2,0.0,99.4,15.43
2019-11-29 12:00:00,22.12,64.87,3.22,57.4,0.0,99.3,15.23
2019-11-29 13:00:00,22.21,63.24,3.88,61.5,0.0,99.23,14.91
2019-11-29 14:00:00,22.06,62.14,3.93,63.9,0.0,99.2,14.49
2019-11-29 15:00:00,21.53,62.46,3.44,63.8,0.0,99.19,14.08
2019-11-29 16:00:00,20.35,66.84,2.43,66.7,0.0,99.2,14.0
2019-11-29 17:00:00,17.93,75.07,1.87,79.5,0.0,99.23,13.48
2019-11-29 18:00:00,17.11,77.32,1.76,88.4,0.0,99.28,13.14
2019-11-29 19:00:00,16.85,77.56,1.39,96.6,0.0,99.32,12.94
2019-11-29 20:00:00,16.92,76.57,0.86,103.4,0.0,99.33,12.81
2019-11-29 21:00:00,16.96,76.05,0.17,80.0,0.0,99.33,12.74
2019-11-29 22:00:00,16.3,79.3,0.8,309.9,0.0,99.32,12.75
2019-11-29 23:00:00,15.06,86.12,1.63,309.3,0.0,99.3,12.78
2019-11-30 00:00:00,13.98,92.03,2.18,313.9,0.0,99.27,12.73
2019-11-30 01:00:00,13.42,94.29,2.45,322.0,0.0,99.25,12.54
2019-11-30 02:00:00,12.99,94.53,2.51,328.8,0.0,99.23,12.16
2019-11-30 03:00:00,12.57,93.91,2.5,333.1,0.0,99.22,11.63
2019-11-30 04:00:00,12.14,92.73,2.46,334.7,0.0,99.25,11.02
2019-11-30 05:00:00,11.73,92.12,2.42,332.5,0.0,99.31,10.52
2019-11-30 06:00:00,11.44,91.87,2.4,329.2,0.0,99.38,10.2
2019-11-30 07:00:00,13.38,79.7,3.29,326.6,0.0,99.47,9.98
2019-11-30 08:00:00,15.55,69.48,3.07,324.5,0.0,99.53,10.02
2019-11-30 09:00:00,19.36,54.99,2.73,320.2,0.0,99.57,10.12
2019-11-30 10:00:00,22.18,46.21,2.35,300.9,0.0,99.53,10.11
2019-11-30 11:00:00,23.44,42.33,2.57,286.0,0.0,99.43,9.96
2019-11-30 12:00:00,24.16,39.27,3.04,281.8,0.0,99.29,9.48
2019-11-30 13:00:00,24.37,37.29,3.48,282.6,0.0,99.19,8.9
2019-11-30 14:00:00,24.05,36.46,3.71,285.0,0.0,99.14,8.27
2019-11-30 15:00:00,23.09,37.63,3.73,289.1,0.0,99.13,7.9
2019-11-30 16:00:00,20.09,48.91,2.55,296.8,0.0,99.14,9.03
2019-11-30 17:00:00,17.38,54.46,3.02,306.6,0.0,99.18,8.14
2019-11-30 18:00:00,16.59,54.77,3.22,315.0,0.0,99.23,7.48
2019-11-30 19:00:00,15.9,55.33,3.36,321.5,0.0,99.27,6.99
2019-11-30 20:00:00,15.25,56.33,3.39,324.9,0.0,99.29,6.65
2019-11-30 21:00:00,14.6,57.7,3.3,326.1,0.0,99.3,6.38
2019-11-30 22:00:00,13.96,59.24,3.18,326.7,0.0,99.29,6.17
2019-11-30 23:00:00,13.38,60.78,3.13,326.1,0.0,99.26,5.99
2019-12-01 00:00:00,12.85,62.26,3.13,325.8,0.0,99.24,5.85
2019-12-01 01:00:00,12.28,64.29,3.1,326.6,0.0,99.21,5.76
2019-12-01 02:00:00,11.7,66.67,3.09,327.7,0.0,99.19,5.72
2019-12-01 03:00:00,11.17,68.7,3.03,329.2,0.0,99.2,5.66
2019-12-01 04:00:00,10.66,70.47,2.91,329.6,0.0,99.23,5.53
2019-12-01 05:00:00,10.2,71.68,2.76,328.3,0.0,99.27,5.33
2019-12-01 06:00:00,9.87,71.9,2.62,325.4,0.0,99.34,5.07
2019-12-01 07:00:00,11.96,61.82,3.1,320.6,0.0,99.41,4.9
2019-12-01 08:00:00,14.24,53.58,2.84,314.7,0.0,99.46,4.99
2019-12-01 09:00:00,17.73,44.12,2.43,310.3,0.0,99.47,5.39
2019-12-01 10:00:00,21.08,35.8,2.94,298.8,0.0,99.43,5.41
2019-12-01 11:00:00,22.64,33.39,3.52,285.8,0.0,99.34,5.74
2019-12-01 12:00:00,23.63,32.5,3.99,281.4,0.0,99.24,6.23
2019-12-01 13:00:00,24.11,31.92,4.15,282.8,0.0,99.15,6.37
2019-12-01 14:00:00,23.9,31.67,4.16,287.3,0.0,99.12,6.07
2019-12-01 15:00:00,22.86,32.7,3.99,293.6,0.0,99.12,5.64
2019-12-01 16:00:00,19.36,45.06,2.6,305.0,0.0,99.14,7.16
2019-12-01 17:00:00,16.31,50.62,2.99,315.9,0.0,99.19,6.07
2019-12-01 18:00:00,15.3,51.39,3.06,322.6,0.0,99.25,5.36
2019-12-01 19:00:00,14.45,52.48,3.06,325.8,0.0,99.31,4.89
2019-12-01 20:00:00,13.72,53.83,3.03,325.5,0.0,99.33,4.56
2019-12-01 21:00:00,13.09,54.93,2.99,322.1,0.0,99.33,4.25
2019-12-01 22:00:00,12.5,55.67,2.94,319.5,0.0,99.33,3.9
2019-12-01 23:00:00,11.94,56.16,2.92,317.6,0.0,99.31,3.52
2019-12-02 00:00:00,11.37,56.66,2.93,315.3,0.0,99.29,3.11
2019-12-02 01:00:00,10.82,57.29,2.93,312.5,0.0,99.28,2.74
2019-12-02 02:00:00,10.25,58.12,2.95,310.6,0.0,99.29,2.42
2019-12-02 03:00:00,9.7,59.24,2.99,309.7,0.0,99.28,2.15
2019-12-02 04:00:00,9.16,60.34,3.01,309.3,0.0,99.28,1.92
2019-12-02 05:00:00,8.66,61.59,3.01,308.4,0.0,99.33,1.74
2019-12-02 06:00:00,8.27,62.7,2.99,306.8,0.0,99.39,1.62
2019-12-02 07:00:00,10.51,54.96,3.87,304.8,0.0,99.45,1.87
2019-12-02 08:00:00,12.94,47.68,3.65,300.4,0.0,99.5,2.12
2019-12-02 09:00:00,16.96,37.31,3.39,299.7,0.0,99.54,2.33
2019-12-02 10:00:00,21.02,28.31,4.45,309.0,0.0,99.52,1.99
2019-12-02 11:00:00,22.61,26.31,4.43,307.9,0.0,99.44,2.34
2019-12-02 12:00:00,23.55,24.88,4.47,306.7,0.0,99.34,2.37
2019-12-02 13:00:00,23.92,24.1,4.54,306.9,0.0,99.27,2.21
2019-12-02 14:00:00,23.7,24.09,4.55,307.8,0.0,99.23,2.02
2019-12-02 15:00:00,22.77,26.05,4.14,309.0,0.0,99.21,2.32
2019-12-02 16:00:00,18.84,40.98,2.81,312.3,0.0,99.23,5.32
2019-12-02 17:00:00,15.94,46.44,3.22,315.6,0.0,99.26,4.51
2019-12-02 18:00:00,15.05,48.18,3.21,316.5,0.0,99.31,4.21
2019-12-02 19:00:00,14.3,49.61,3.13,315.1,0.0,99.35,3.95
2019-12-02 20:00:00,13.57,51.11,3.13,313.1,0.0,99.36,3.69
2019-12-02 21:00:00,12.85,52.71,3.18,310.5,0.0,99.37,3.46
2019-12-02 22:00:00,12.18,54.29,3.23,308.3,0.0,99.34,3.27
2019-12-02 23:00:00,11.54,56.03,3.25,306.0,0.0,99.3,3.1
2019-12-03 00:00:00,10.93,57.84,3.28,303.3,0.0,99.27,2.98
2019-12-03 01:00:00,10.38,59.6,3.28,300.8,0.0,99.25,2.9
2019-12-03 02:00:00,9.87,61.27,3.23,300.1,0.0,99.22,2.8
2019-12-03 03:00:00,9.35,63.05,3.17,300.5,0.0,99.22,2.71
2019-12-03 04:00:00,8.85,64.81,3.1,301.0,0.0,99.24,2.61
2019-12-03 05:00:00,8.38,66.37,3.04,302.2,0.0,99.3,2.49
2019-12-03 06:00:00,7.94,67.68,2.95,305.2,0.0,99.37,2.35
2019-12-03 07:00:00,10.36,58.15,3.21,308.9,0.0,99.42,2.52
2019-12-03 08:00:00,12.94,50.0,3.22,307.5,0.0,99.46,2.79
2019-12-03 09:00:00,16.73,40.17,2.81,301.5,0.0,99.48,3.13
2019-12-03 10:00:00,21.54,25.86,4.23,314.8,0.0,99.45,1.18
2019-12-03 11:00:00,23.32,22.08,4.38,312.5,0.0,99.37,0.51
2019-12-03 12:00:00,24.37,20.24,4.65,310.0,0.0,99.27,0.15
2019-12-03 13:00:00,24.85,19.29,5.02,311.1,0.0,99.18,-0.09
2019-12-03 14:00:00,24.61,19.3,5.01,313.1,0.0,99.12,-0.3
2019-12-03 15:00:00,23.42,21.94,4.03,313.0,0.0,99.11,0.46
2019-12-03 16:00:00,18.94,38.44,2.73,311.9,0.0,99.13,4.49
2019-12-03 17:00:00,16.14,41.66,2.92,311.7,0.0,99.16,3.16
2019-12-03 18:00:00,15.38,42.32,2.76,310.9,0.0,99.22,2.69
2019-12-03 19:00:00,14.81,42.61,2.59,306.2,0.0,99.29,2.25
2019-12-03 20:00:00,14.16,42.98,2.54,298.0,0.0,99.33,1.75
2019-12-03 21:00:00,13.34,44.31,2.6,291.4,0.0,99.36,1.42
2019-12-03 22:00:00,12.58,45.81,2.66,289.8,0.0,99.37,1.21
2019-12-03 23:00:00,11.86,47.46,2.69,293.7,0.0,99.36,1.03
2019-12-04 00:00:00,11.11,49.27,2.73,298.4,0.0,99.35,0.88
2019-12-04 01:00:00,10.32,51.42,2.82,300.0,0.0,99.35,0.75
2019-12-04 02:00:00,9.63,53.33,2.91,300.5,0.0,99.36,0.61
2019-12-04 03:00:00,9.12,54.65,2.93,300.6,0.0,99.37,0.5
2019-12-04 04:00:00,8.68,55.76,2.91,299.5,0.0,99.4,0.36
2019-12-04 05:00:00,8.32,56.45,2.83,300.5,0.0,99.47,0.19
2019-12-04 06:00:00,8.09,56.65,2.7,304.7,0.0,99.56,0.02
2019-12-04 07:00:00,10.44,53.18,2.28,313.2,0.0,99.63,1.34
2019-12-04 08:00:00,13.51,41.49,2.62,325.6,0.0,99.68,0.7
2019-12-04 09:00:00,16.6,35.87,1.85,337.5,0.0,99.71,1.46
2019-12-04 10:00:00,21.18,24.08,2.17,335.8,0.0,99.68,-0.12
2019-12-04 11:00:00,23.47,19.61,2.33,332.1,0.0,99.59,-1.01
2019-12-04 12:00:00,24.3,18.48,2.31,327.5,0.0,99.48,-1.12
2019-12-04 13:00:00,24.61,18.02,2.29,325.1,0.0,99.4,-1.2
2019-12-04 14:00:00,24.31,18.34,2.29,325.5,0.0,99.36,-1.21
2019-12-04 15:00:00,23.1,23.55,1.9,327.2,0.0,99.36,0.95
2019-12-04 16:00:00,19.68,36.67,1.77,327.9,0.0,99.38,4.43
2019-12-04 17:00:00,17.66,33.84,1.98,329.0,0.0,99.43,1.55
2019-12-04 18:00:00,16.61,34.93,2.05,332.4,0.0,99.5,1.06
2019-12-04 19:00:00,15.7,36.6,2.09,339.6,0.0,99.56,0.92
2019-12-04 20:00:00,14.79,37.78,2.17,349.6,0.0,99.59,0.53
2019-12-04 21:00:00,13.96,39.57,2.24,359.5,0.0,99.61,0.43
2019-12-04 22:00:00,13.23,41.6,2.31,6.7,0.0,99.62,0.48
2019-12-04 23:00:00,12.33,43.9,2.39,13.8,0.0,99.6,0.39
2019-12-05 00:00:00,11.63,46.19,2.42,19.8,0.0,99.57,0.48
2019-12-05 01:00:00,11.11,48.16,2.36,19.6,0.0,99.55,0.59
2019-12-05 02:00:00,10.7,49.61,2.24,19.8,0.0,99.54,0.62
2019-12-05 03:00:00,10.46,50.29,2.02,20.9,0.0,99.53,0.58
2019-12-05 04:00:00,10.49,50.09,1.69,15.1,0.0,99.59,0.55
2019-12-05 05:00:00,10.38,49.99,1.46,9.8,0.0,99.67,0.42
2019-12-05 06:00:00,10.22,50.06,1.26,18.6,0.0,99.75,0.3
2019-12-05 07:00:00,11.16,52.59,1.09,37.2,0.0,99.82,1.79
2019-12-05 08:00:00,13.22,43.94,1.28,49.1,0.0,99.87,1.24
2019-12-05 09:00:00,15.82,38.93,1.16,46.4,0.0,99.91,1.9
2019-12-05 10:00:00,19.71,28.37,1.26,61.6,0.0,99.88,0.91
2019-12-05 11:00:00,21.35,24.87,0.92,62.0,0.0,99.81,0.49
2019-12-05 12:00:00,22.41,23.53,0.62,60.9,0.0,99.72,0.6
2019-12-05 13:00:00,22.77,23.12,0.6,40.3,0.0,99.64,0.68
2019-12-05 14:00:00,22.42,24.13,0.66,27.0,0.0,99.59,0.98
2019-12-05 15:00:00,21.29,35.77,0.51,20.6,0.0,99.57,5.18
2019-12-05 16:00:00,20.18,32.19,0.47,7.3,0.0,99.57,3.01
2019-12-05 17:00:00,19.22,31.17,0.46,340.8,0.0,99.6,1.75
2019-12-05 18:00:00,18.6,32.12,0.56,323.7,0.0,99.65,1.65
2019-12-05 19:00:00,17.89,33.37,0.66,314.4,0.0,99.69,1.56
2019-12-05 20:00:00,17.22,34.97,0.64,316.9,0.0,99.7,1.6
2019-12-05 21:00:00,16.66,35.98,0.65,329.5,0.0,99.69,1.5
2019-12-05 22:00:00,15.95,37.38,0.76,343.2,0.0,99.67,1.42
2019-12-05 23:00:00,14.92,39.45,0.98,350.6,0.0,99.65,1.25
2019-12-06 00:00:00,13.62,43.01,1.18,352.7,0.0,99.63,1.28
2019-12-06 01:00:00,13.16,43.8,1.34,356.6,0.0,99.62,1.13
2019-12-06 02:00:00,12.61,44.96,1.39,1.2,0.0,99.62,1.01
2019-12-06 03:00:00,12.37,45.78,1.24,9.8,0.0,99.61,1.03
2019-12-06 04:00:00,12.42,45.86,0.87,19.5,0.0,99.62,1.11
2019-12-06 05:00:00,12.6,46.0,0.34,52.1,0.0,99.66,1.28
2019-12-06 06:00:00,12.21,46.87,0.48,148.6,0.0,99.71,1.2
2019-12-06 07:00:00,12.53,48.78,0.71,166.9,0.0,99.76,2.02
2019-12-06 08:00:00,14.38,43.35,0.84,191.7,0.0,99.81,2.07
2019-12-06 09:00:00,17.11,37.56,0.83,217.1,0.0,99.84,2.56
2019-12-06 10:00:00,20.94,31.56,0.69,156.0,0.0,99.82,3.46
2019-12-06 11:00:00,22.3,29.19,0.49,95.8,0.0,99.73,3.54
2019-12-06 12:00:00,23.21,27.43,0.87,48.3,0.0,99.62,3.44
2019-12-06 13:00:00,23.5,26.65,1.28,38.0,0.0,99.52,3.27
2019-12-06 14:00:00,23.12,27.25,1.3,38.1,0.0,99.47,3.28
2019-12-06 15:00:00,22.06,36.36,0.72,50.1,0.0,99.44,6.28
2019-12-06 16:00:00,21.06,34.45,0.31,121.6,0.0,99.43,4.76
2019-12-06 17:00:00,19.67,36.16,0.74,198.2,0.0,99.44,4.24
2019-12-06 18:00:00,18.38,39.12,1.24,217.1,0.0,99.47,4.24
2019-12-06 19:00:00,17.25,42.82,1.54,231.9,0.0,99.48,4.49
2019-12-06 20:00:00,16.3,45.58,1.64,251.9,0.0,99.5,4.54
2019-12-06 21:00:00,15.58,47.73,1.68,275.1,0.0,99.51,4.53
2019-12-06 22:00:00,14.86,49.72,1.72,300.7,0.0,99.52,4.46
2019-12-06 23:00:00,14.03,51.96,1.85,326.9,0.0,99.52,4.33
2019-12-07 00:00:00,13.25,53.94,1.98,349.8,0.0,99.51,4.15
2019-12-07 01:00:00,12.69,54.54,1.92,7.8,0.0,99.51,3.8
2019-12-07 02:00:00,12.43,55.14,1.78,23.5,0.0,99.49,3.7
2019-12-07 03:00:00,12.21,55.71,1.66,42.6,0.0,99.48,3.66
2019-12-07 04:00:00,11.83,57.25,1.67,63.0,0.0,99.49,3.68
2019-12-07 05:00:00,11.31,59.51,1.8,80.4,0.0,99.53,3.74
2019-12-07 06:00:00,10.77,62.1,1.92,93.0,0.0,99.61,3.84
2019-12-07 07:00:00,11.78,60.65,1.81,102.4,0.0,99.68,4.45
2019-12-07 08:00:00,14.86,50.95,2.21,112.0,0.0,99.73,4.83
2019-12-07 09:00:00,17.83,43.42,1.8,121.1,0.0,99.75,5.26
2019-12-07 10:00:00,21.97,33.82,2.25,126.9,0.0,99.7,5.36
2019-12-07 11:00:00,23.45,31.22,1.79,125.5,0.0,99.61,5.49
2019-12-07 12:00:00,24.25,29.66,1.23,114.9,0.0,99.49,5.45
2019-12-07 13:00:00,24.6,28.81,0.89,91.9,0.0,99.39,5.33
2019-12-07 14:00:00,24.35,29.13,0.94,71.4,0.0,99.33,5.28
2019-12-07 15:00:00,23.48,33.75,0.86,65.2,0.0,99.3,6.61
2019-12-07 16:00:00,21.82,39.2,0.61,73.9,0.0,99.3,7.27
2019-12-07 17:00:00,20.82,39.76,0.37,102.5,0.0,99.33,6.64
2019-12-07 18:00:00,20.19,41.29,0.27,171.6,0.0,99.38,6.65
2019-12-07 19:00:00,19.44,42.85,0.41,225.0,0.0,99.42,6.5
2019-12-07 20:00:00,18.76,43.84,0.59,259.3,0.0,99.45,6.25
2019-12-07 21:00:00,17.98,44.05,0.8,285.3,0.0,99.47,5.59
2019-12-07 22:00:00,16.93,46.5,1.06,310.4,0.0,99.49,5.43
2019-12-07 23:00:00,15.69,50.15,1.29,334.2,0.0,99.49,5.37
2019-12-08 00:00:00,14.99,52.26,1.5,352.4,0.0,99.47,5.33
2019-12-08 01:00:00,14.41,54.14,1.43,6.8,0.0,99.44,5.3
2019-12-08 02:00:00,13.89,55.98,1.14,15.3,0.0,99.41,5.29
2019-12-08 03:00:00,14.02,55.51,0.75,6.9,0.0,99.41,5.28
2019-12-08 04:00:00,13.74,56.55,0.58,308.7,0.0,99.44,5.28
2019-12-08 05:00:00,12.72,60.49,0.94,273.0,0.0,99.52,5.29
2019-12-08 06:00:00,12.16,62.69,1.3,268.2,0.0,99.59,5.28
2019-12-08 07:00:00,12.67,62.62,1.29,274.9,0.0,99.65,5.74
2019-12-08 08:00:00,15.0,54.12,1.51,286.2,0.0,99.69,5.84
2019-12-08 09:00:00,17.9,46.78,1.16,303.4,0.0,99.71,6.39
2019-12-08 10:00:00,22.12,37.85,0.64,353.8,0.0,99.66,7.12
2019-12-08 11:00:00,23.55,34.84,0.75,13.1,0.0,99.57,7.17
2019-12-08 12:00:00,24.37,32.98,0.95,357.0,0.0,99.46,7.09
2019-12-08 13:00:00,24.75,31.85,1.28,346.0,0.0,99.37,6.91
2019-12-08 14:00:00,24.56,31.79,1.74,343.3,0.0,99.33,6.73
2019-12-08 15:00:00,23.56,35.6,1.81,341.3,0.0,99.31,7.43
2019-12-08 16:00:00,20.65,46.35,1.62,336.0,0.0,99.3,8.71
2019-12-08 17:00:00,18.79,47.21,1.86,328.9,0.0,99.33,7.33
2019-12-08 18:00:00,17.44,50.23,2.12,324.8,0.0,99.38,6.99
2019-12-08 19:00:00,16.08,53.22,2.38,323.9,0.0,99.42,6.6
2019-12-08 20:00:00,14.99,55.32,2.48,325.9,0.0,99.44,6.14
2019-12-08 21:00:00,13.96,57.54,2.58,328.5,0.0,99.45,5.74
2019-12-08 22:00:00,13.05,59.48,2.68,330.9,0.0,99.46,5.38
2019-12-08 23:00:00,12.26,60.97,2.75,332.5,0.0,99.45,4.98
2019-12-09 00:00:00,11.58,62.02,2.8,334.9,0.0,99.45,4.57
2019-12-09 01:00:00,10.98,62.73,2.85,340.3,0.0,99.46,4.18
2019-12-09 02:00:00,10.44,63.38,2.78,348.6,0.0,99.43,3.81
2019-12-09 03:00:00,9.97,64.09,2.64,357.8,0.0,99.41,3.51
2019-12-09 04:00:00,9.65,64.82,2.41,6.7,0.0,99.41,3.37
2019-12-09 05:00:00,9.77,64.06,2.0,14.8,0.0,99.45,3.33
2019-12-09 06:00:00,10.24,61.97,1.45,29.4,0.0,99.49,3.31
2019-12-09 07:00:00,11.58,60.32,0.84,49.3,0.0,99.53,4.15
2019-12-09 08:00:00,13.53,51.67,0.24,60.3,0.0,99.6,3.81
2019-12-09 09:00:00,16.32,44.98,0.18,229.4,0.0,99.63,4.39
2019-12-09 10:00:00,21.03,34.51,0.49,194.0,0.0,99.61,4.81
2019-12-09 11:00:00,22.9,32.42,0.73,241.3,0.0,99.54,5.55
2019-12-09 12:00:00,23.7,31.34,0.77,270.0,0.0,99.43,5.78
2019-12-09 13:00:00,23.84,31.27,0.85,294.4,0.0,99.34,5.84
2019-12-09 14:00:00,23.57,31.77,1.4,305.4,0.0,99.3,5.85
2019-12-09 15:00:00,22.59,36.36,1.68,311.9,0.0,99.28,6.9
2019-12-09 16:00:00,19.15,49.28,2.1,321.0,0.0,99.28,8.27
2019-12-09 17:00:00,16.67,51.62,2.71,327.7,0.0,99.3,6.68
2019-12-09 18:00:00,15.6,53.05,2.9,334.5,0.0,99.34,6.1
2019-12-09 19:00:00,14.79,53.82,2.86,340.0,0.0,99.35,5.55
2019-12-09 20:00:00,14.22,54.18,2.69,344.1,0.0,99.35,5.1
2019-12-09 21:00:00,13.76,54.3,2.55,344.3,0.0,99.34,4.72
2019-12-09 22:00:00,13.13,55.21,2.63,339.1,0.0,99.34,4.36
2019-12-09 23:00:00,12.45,56.19,2.82,335.5,0.0,99.35,4.0
2019-12-10 00:00:00,11.9,57.0,2.85,339.9,0.0,99.33,3.68
2019-12-10 01:00:00,11.34,58.08,2.81,344.7,0.0,99.31,3.44
2019-12-10 02:00:00,10.81,59.41,2.72,348.1,0.0,99.28,3.24
2019-12-10 03:00:00,10.39,60.19,2.5,350.6,0.0,99.24,3.04
2019-12-10 04:00:00,10.26,60.06,2.16,349.3,0.0,99.2,2.9
2019-12-10 05:00:00,10.4,59.26,1.75,338.9,0.0,99.22,2.82
2019-12-10 06:00:00,10.36,59.07,1.53,316.3,0.0,99.28,2.74
2019-12-10 07:00:00,11.23,59.11,1.43,296.2,0.0,99.33,3.53
2019-12-10 08:00:00,13.65,49.23,1.97,285.9,0.0,99.38,3.22
2019-12-10 09:00:00,16.42,42.64,1.71,281.1,0.0,99.4,3.74
2019-12-10 10:00:00,20.91,31.03,2.35,288.9,0.0,99.37,3.21
2019-12-10 11:00:00,22.59,27.39,2.28,296.3,0.0,99.27,2.88
2019-12-10 12:00:00,23.4,25.5,1.99,300.6,0.0,99.14,2.57
2019-12-10 13:00:00,23.73,24.32,1.89,302.0,0.0,99.04,2.2
2019-12-10 14:00:00,23.4,24.52,1.89,306.8,0.0,98.98,2.02
2019-12-10 15:00:00,22.32,28.81,1.37,308.8,0.0,98.94,3.31
2019-12-10 16:00:00,19.97,37.4,1.17,305.6,0.0,98.91,4.93
2019-12-10 17:00:00,18.39,35.9,1.3,308.1,0.0,98.93,3.04
2019-12-10 18:00:00,17.3,38.78,1.54,310.0,0.0,98.96,3.18
2019-12-10 19:00:00,16.16,42.23,1.76,314.8,0.0,99.0,3.35
2019-12-10 20:00:00,15.08,45.18,1.98,319.7,0.0,99.03,3.32
2019-12-10 21:00:00,14.24,47.03,2.09,325.9,0.0,99.05,3.12
2019-12-10 22:00:00,13.7,48.0,2.04,334.7,0.0,99.05,2.92
2019-12-10 23:00:00,13.16,48.87,1.97,344.4,0.0,99.03,2.68
2019-12-11 00:00:00,12.66,49.63,1.88,355.7,0.0,99.02,2.44
2019-12-11 01:00:00,12.25,50.2,1.74,5.0,0.0,99.01,2.2
2019-12-11 02:00:00,11.93,50.24,1.56,16.0,0.0,99.0,1.95
2019-12-11 03:00:00,11.75,50.84,1.35,31.7,0.0,98.99,1.93
2019-12-11 04:00:00,11.41,52.23,1.16,52.7,0.0,98.99,1.99
2019-12-11 05:00:00,11.1,53.46,1.07,80.3,0.0,99.03,2.04
2019-12-11 06:00:00,11.0,54.09,1.08,103.4,0.0,99.09,2.1
2019-12-11 07:00:00,11.96,55.76,1.14,122.9,0.0,99.14,3.36
2019-12-11 08:00:00,14.05,47.38,1.47,136.1,0.0,99.19,3.04
2019-12-11 09:00:00,16.5,41.67,1.53,136.1,0.0,99.22,3.48
2019-12-11 10:00:00,20.44,32.92,2.06,141.1,0.0,99.16,3.62
2019-12-11 11:00:00,22.24,29.41,1.31,157.1,0.0,99.1,3.59
2019-12-11 12:00:00,23.18,27.2,0.76,192.9,0.0,99.03,3.3
2019-12-11 13:00:00,23.08,26.99,0.71,154.9,0.0,98.89,3.11
2019-12-11 14:00:00,22.58,28.11,0.95,228.4,0.0,98.87,3.26
2019-12-11 15:00:00,20.75,40.59,1.18,277.8,0.0,98.88,6.68
2019-12-11 16:00:00,19.05,42.52,1.52,323.6,0.0,98.87,5.98
2019-12-11 17:00:00,18.01,43.47,1.67,345.5,0.0,98.86,5.38
2019-12-11 18:00:00,17.84,42.32,1.44,5.6,0.0,98.88,4.84
2019-12-11 19:00:00,17.92,39.97,1.06,11.4,0.0,98.92,4.09
2019-12-11 20:00:00,17.47,40.11,1.07,356.3,0.0,98.97,3.77
2019-12-11 21:00:00,16.69,42.65,1.44,4.0,0.0,98.98,3.94
2019-12-11 22:00:00,15.81,45.99,1.76,16.2,0.0,98.97,4.17
2019-12-11 23:00:00,15.19,48.22,1.88,12.3,0.0,98.97,4.26
2019-12-12 00:00:00,14.56,50.49,2.06,26.6,0.0,98.93,4.34
2019-12-12 01:00:00,14.07,51.79,2.23,43.9,0.0,98.87,4.26
2019-12-12 02:00:00,13.79,52.52,2.21,43.7,0.0,98.84,4.21
2019-12-12 03:00:00,13.64,53.14,1.98,43.8,0.0,98.85,4.24
2019-12-12 04:00:00,13.54,53.71,1.81,40.7,0.0,98.88,4.28
2019-12-12 05:00:00,13.38,54.19,1.73,52.7,0.0,98.92,4.28
2019-12-12 06:00:00,13.55,53.22,1.44,70.9,0.0,98.98,4.19
2019-12-12 07:00:00,13.84,52.46,1.11,84.9,0.0,99.06,4.26
2019-12-12 08:00:00,14.13,54.74,1.19,89.5,0.0,99.09,5.07
2019-12-12 09:00:00,15.2,47.14,2.21,85.1,0.0,99.08,4.0
2019-12-12 10:00:00,16.96,41.96,2.14,119.3,0.06,99.07,3.97
2019-12-12 11:00:00,18.83,39.76,3.76,147.7,0.15,99.02,4.88
2019-12-12 12:00:00,19.58,42.6,5.15,134.1,0.27,98.88,6.52
2019-12-12 13:00:00,19.7,46.49,6.08,122.8,0.28,98.77,7.91
2019-12-12 14:00:00,18.9,53.44,6.23,115.2,0.27,98.72,9.25
2019-12-12 15:00:00,18.07,60.91,6.14,109.0,0.28,98.69,10.44
2019-12-12 16:00:00,16.86,69.84,4.97,105.3,0.16,98.7,11.35
2019-12-12 17:00:00,15.7,78.31,4.72,101.2,0.37,98.74,11.96
2019-12-12 18:00:00,15.49,82.51,5.71,97.6,1.5,98.76,12.55
2019-12-12 19:00:00,15.13,87.89,5.04,96.7,2.03,98.74,13.17
2019-12-12 20:00:00,14.61,93.52,3.6,104.3,2.15,98.82,13.61
2019-12-12 21:00:00,14.27,96.39,2.59,116.1,2.63,98.84,13.72
2019-12-12 22:00:00,14.15,97.44,2.19,133.9,1.75,98.85,13.78
2019-12-12 23:00:00,14.58,95.92,2.73,131.9,0.75,98.77,13.96
2019-12-13 00:00:00,14.17,97.23,2.88,124.7,0.34,98.66,13.76
2019-12-13 01:00:00,13.8,98.52,3.23,126.3,0.31,98.58,13.6
2019-12-13 02:00:00,13.21,100.0,2.82,127.1,0.06,98.52,13.38
2019-12-13 03:00:00,12.94,100.0,2.45,129.0,0.03,98.51,13.21
2019-12-13 04:00:00,13.14,100.0,2.25,128.9,0.02,98.5,13.16
2019-12-13 05:00:00,13.38,98.47,2.06,129.5,0.05,98.56,13.16
2019-12-13 06:00:00,13.52,97.47,2.03,127.2,0.05,98.66,13.15
2019-12-13 07:00:00,14.15,94.15,2.58,132.0,0.05,98.77,13.25
2019-12-13 08:00:00,15.22,89.94,3.24,151.2,0.18,98.86,13.61
2019-12-13 09:00:00,16.78,84.32,3.51,176.7,0.31,98.9,14.15
2019-12-13 10:00:00,18.32,77.75,3.91,201.6,0.61,98.86,14.39
2019-12-13 11:00:00,19.69,69.4,4.43,225.0,0.94,98.78,13.96
2019-12-13 12:00:00,20.5,63.08,5.03,240.1,1.38,98.68,13.27
2019-12-13 13:00:00,20.16,63.57,4.98,247.3,6.37,98.6,13.07
2019-12-13 14:00:00,19.42,68.64,4.2,257.1,4.46,98.59,13.53
2019-12-13 15:00:00,18.51,76.01,3.02,273.4,2.27,98.66,14.23
2019-12-13 16:00:00,16.92,86.64,2.18,292.9,1.34,98.77,14.7
2019-12-13 17:00:00,15.77,89.24,2.33,307.9,2.73,98.91,14.04
2019-12-13 18:00:00,14.97,89.92,2.56,315.9,2.51,99.06,13.35
2019-12-13 19:00:00,13.94,91.3,2.65,319.4,1.55,99.2,12.57
2019-12-13 20:00:00,12.64,92.91,2.66,319.7,0.46,99.31,11.55
2019-12-13 21:00:00,11.75,93.09,2.7,318.8,0.18,99.37,10.69
2019-12-13 22:00:00,11.04,92.67,2.7,318.5,0.1,99.4,9.93
2019-12-13 23:00:00,10.41,93.51,2.65,319.8,0.06,99.4,9.43
2019-12-14 00:00:00,9.83,95.0,2.58,323.7,0.03,99.41,9.1
2019-12-14 01:00:00,9.33,97.18,2.55,331.1,0.02,99.42,8.93
2019-12-14 02:00:00,8.9,99.76,2.55,341.5,0.01,99.42,8.9
2019-12-14 03:00:00,8.58,100.0,2.57,350.8,0.01,99.43,8.99
2019-12-14 04:00:00,8.29,100.0,2.56,359.1,0.01,99.47,9.14
2019-12-14 05:00:00,8.13,100.0,2.52,7.3,0.01,99.52,9.26
2019-12-14 06:00:00,8.08,100.0,2.44,15.9,0.01,99.58,9.33
2019-12-14 07:00:00,10.38,97.83,2.23,25.0,0.0,99.64,10.08
2019-12-14 08:00:00,12.84,88.01,2.26,29.2,0.0,99.71,10.93
2019-12-14 09:00:00,16.26,66.82,1.77,45.7,0.0,99.77,10.1
2019-12-14 10:00:00,18.47,52.73,1.33,87.8,0.0,99.78,8.67
2019-12-14 11:00:00,19.3,47.33,1.43,121.6,0.0,99.71,7.83
2019-12-14 12:00:00,19.69,44.76,1.52,126.2,0.0,99.61,7.37
2019-12-14 13:00:00,20.03,42.64,1.43,123.0,0.0,99.52,6.96
2019-12-14 14:00:00,19.93,41.79,1.1,121.2,0.0,99.47,6.58
2019-12-14 15:00:00,19.41,42.94,0.68,112.4,0.0,99.45,6.5
2019-12-14 16:00:00,18.21,50.01,0.23,41.4,0.0,99.45,7.57
2019-12-14 17:00:00,16.8,50.71,0.75,327.6,0.0,99.49,6.53
2019-12-14 18:00:00,15.74,53.3,1.29,322.2,0.0,99.54,6.29
2019-12-14 19:00:00,14.58,55.82,1.64,321.7,0.0,99.57,5.86
2019-12-14 20:00:00,13.33,59.32,1.99,320.7,0.0,99.6,5.59
2019-12-14 21:00:00,12.07,63.53,2.4,319.4,0.0,99.61,5.39
2019-12-14 22:00:00,11.37,65.35,2.69,322.1,0.0,99.61,5.11
2019-12-14 23:00:00,10.89,65.74,2.86,328.3,0.0,99.58,4.74
2019-12-15 00:00:00,10.54,64.53,3.01,334.5,0.0,99.56,4.16
2019-12-15 01:00:00,10.18,63.79,3.13,340.6,0.0,99.55,3.65
2019-12-15 02:00:00,9.84,63.95,3.01,344.6,0.0,99.54,3.38
2019-12-15 03:00:00,9.31,65.86,2.74,345.4,0.0,99.53,3.27
2019-12-15 04:00:00,8.95,67.2,2.51,343.6,0.0,99.53,3.23
2019-12-15 05:00:00,8.38,69.29,2.42,337.9,0.0,99.57,3.11
2019-12-15 06:00:00,7.88,70.97,2.31,328.1,0.0,99.62,2.98
2019-12-15 07:00:00,9.67,66.1,2.08,317.3,0.0,99.68,3.66
2019-12-15 08:00:00,12.0,56.74,2.52,307.9,0.0,99.73,3.72
2019-12-15 09:00:00,15.04,48.15,2.19,311.1,0.0,99.76,4.18
2019-12-15 10:00:00,18.19,38.33,2.02,324.9,0.0,99.75,3.81
2019-12-15 11:00:00,19.28,37.41,2.03,322.8,0.0,99.66,4.42
2019-12-15 12:00:00,19.92,36.46,2.34,321.8,0.0,99.54,4.63
2019-12-15 13:00:00,20.16,35.82,2.84,321.0,0.0,99.46,4.58
2019-12-15 14:00:00,19.9,36.32,3.09,321.8,0.0,99.41,4.56
2019-12-15 15:00:00,18.96,38.79,2.99,323.2,0.0,99.39,4.64
2019-12-15 16:00:00,15.8,54.53,2.21,315.2,0.0,99.41,6.65
2019-12-15 17:00:00,13.17,60.57,2.72,307.1,0.0,99.44,5.75
2019-12-15 18:00:00,12.27,63.29,2.97,303.7,0.0,99.5,5.54
2019-12-15 19:00:00,11.57,66.55,3.11,303.3,0.0,99.55,5.58
2019-12-15 20:00:00,11.03,69.24,3.29,306.3,0.0,99.58,5.63
2019-12-15 21:00:00,10.6,71.14,3.51,311.0,0.0,99.59,5.62
2019-12-15 22:00:00,10.08,73.39,3.6,316.0,0.0,99.58,5.58
2019-12-15 23:00:00,9.53,75.86,3.65,318.3,0.0,99.55,5.51
2019-12-16 00:00:00,9.03,78.01,3.73,321.5,0.0,99.51,5.42
2019-12-16 01:00:00,8.58,79.69,3.82,324.8,0.0,99.48,5.31
2019-12-16 02:00:00,8.02,82.32,3.63,322.7,0.0,99.46,5.22
2019-12-16 03:00:00,7.5,84.81,3.58,319.8,0.0,99.44,5.14
2019-12-16 04:00:00,7.0,87.46,3.39,315.7,0.0,99.45,5.09
2019-12-16 05:00:00,6.51,90.32,3.2,310.8,0.0,99.48,5.06
2019-12-16 06:00:00,6.11,92.91,3.18,305.8,0.0,99.55,5.06
2019-12-16 07:00:00,7.41,85.18,4.35,299.2,0.0,99.62,5.11
2019-12-16 08:00:00,9.5,75.45,3.67,290.1,0.0,99.69,5.41
2019-12-16 09:00:00,13.24,60.8,3.65,296.4,0.0,99.75,5.86
2019-12-16 10:00:00,15.93,51.27,3.45,300.5,0.0,99.75,5.91
2019-12-16 11:00:00,17.05,48.04,2.88,297.0,0.0,99.68,6.0
2019-12-16 12:00:00,17.77,46.02,2.58,296.0,0.0,99.59,6.03
2019-12-16 13:00:00,18.04,45.21,2.56,295.5,0.0,99.52,6.02
2019-12-16 14:00:00,17.91,45.33,2.74,297.4,0.0,99.48,5.94
2019-12-16 15:00:00,17.31,46.99,2.92,298.0,0.0,99.46,5.91
2019-12-16 16:00:00,14.58,59.12,2.31,292.7,0.0,99.48,6.7
2019-12-16 17:00:00,11.9,66.0,2.91,289.1,0.0,99.51,5.78
2019-12-16 18:00:00,11.17,67.87,3.08,289.1,0.0,99.56,5.48
2019-12-16 19:00:00,10.57,69.43,3.22,290.3,0.0,99.62,5.23
2019-12-16 20:00:00,9.97,71.0,3.26,292.7,0.0,99.66,5.0
2019-12-16 21:00:00,9.31,73.14,3.23,298.1,0.0,99.67,4.77
2019-12-16 22:00:00,8.75,74.98,3.3,302.9,0.0,99.67,4.59
2019-12-16 23:00:00,8.3,76.58,3.49,307.4,0.0,99.68,4.46
2019-12-17 00:00:00,7.84,78.73,3.68,311.7,0.0,99.7,4.39
2019-12-17 01:00:00,7.27,81.86,3.63,317.9,0.0,99.71,4.41
2019-12-17 02:00:00,6.91,84.21,3.56,324.5,0.0,99.68,4.47
2019-12-17 03:00:00,6.49,87.13,3.14,326.8,0.0,99.63,4.54
2019-12-17 04:00:00,6.52,87.26,2.93,325.3,0.0,99.62,4.59
2019-12-17 05:00:00,5.6,93.03,2.8,319.9,0.0,99.65,4.6
2019-12-17 06:00:00,5.24,95.09,2.91,315.7,0.0,99.72,4.55
2019-12-17 07:00:00,7.06,83.73,3.95,314.5,0.0,99.75,4.53
2019-12-17 08:00:00,9.19,74.11,3.49,304.6,0.0,99.81,4.85
2019-12-17 09:00:00,12.92,59.15,3.63,311.6,0.0,99.85,5.17
2019-12-17 10:00:00,15.57,49.99,3.77,317.9,0.0,99.82,5.22
2019-12-17 11:00:00,16.69,47.5,3.34,315.5,0.0,99.74,5.5
2019-12-17 12:00:00,17.49,45.51,3.11,308.9,0.0,99.63,5.63
2019-12-17 13:00:00,17.78,44.64,3.26,300.6,0.0,99.55,5.62
2019-12-17 14:00:00,17.76,44.14,3.77,303.4,0.0,99.51,5.42
2019-12-17 15:00:00,17.23,44.67,3.83,307.5,0.0,99.52,5.13
2019-12-17 16:00:00,14.27,56.64,2.62,304.9,0.0,99.54,5.81
2019-12-17 17:00:00,11.56,62.78,3.01,298.8,0.0,99.6,4.75
2019-12-17 18:00:00,10.78,64.42,3.07,295.2,0.0,99.64,4.36
2019-12-17 19:00:00,10.04,66.14,3.07,291.0,0.0,99.65,4.04
2019-12-17 20:00:00,9.27,68.7,3.15,289.5,0.0,99.66,3.84
2019-12-17 21:00:00,8.49,71.85,3.2,294.7,0.0,99.66,3.74
2019-12-17 22:00:00,7.72,75.54,3.14,301.9,0.0,99.63,3.69
2019-12-17 23:00:00,7.03,79.33,3.13,309.5,0.0,99.6,3.73
2019-12-18 00:00:00,6.41,83.27,3.1,315.3,0.0,99.58,3.8
2019-12-18 01:00:00,5.71,87.35,2.98,316.0,0.0,99.53,3.8
2019-12-18 02:00:00,5.09,90.78,2.93,311.3,0.0,99.47,3.72
2019-12-18 03:00:00,4.76,91.95,3.13,303.8,0.0,99.44,3.58
2019-12-18 04:00:00,4.58,91.81,3.42,297.5,0.0,99.45,3.39
2019-12-18 05:00:00,4.16,93.03,3.36,293.1,0.0,99.48,3.15
2019-12-18 06:00:00,3.85,93.57,3.47,290.8,0.0,99.55,2.93
2019-12-18 07:00:00,5.69,81.64,4.59,291.6,0.0,99.62,2.82
2019-12-18 08:00:00,7.93,71.08,3.69,284.8,0.0,99.69,3.05
2019-12-18 09:00:00,11.58,56.15,3.76,289.9,0.0,99.78,3.17
2019-12-18 10:00:00,14.78,42.81,4.73,304.5,0.0,99.79,2.28
2019-12-18 11:00:00,16.27,38.18,4.02,308.0,0.0,99.7,2.02
2019-12-18 12:00:00,17.3,35.24,3.55,308.7,0.0,99.58,1.84
2019-12-18 13:00:00,17.85,33.31,3.53,305.7,0.0,99.51,1.53
2019-12-18 14:00:00,17.77,33.16,3.59,303.6,0.0,99.48,1.38
2019-12-18 15:00:00,16.87,35.35,3.24,302.3,0.0,99.48,1.49
2019-12-18 16:00:00,13.47,51.31,2.14,298.1,0.0,99.51,3.62
2019-12-18 17:00:00,11.72,51.8,2.09,291.3,0.0,99.55,2.16
2019-12-18 18:00:00,11.67,50.03,1.66,281.4,0.0,99.59,1.61
2019-12-18 19:00:00,11.21,50.04,1.51,275.3,0.0,99.62,1.23
2019-12-18 20:00:00,10.65,50.96,1.4,274.1,0.0,99.66,0.95
2019-12-18 21:00:00,10.14,52.45,1.08,262.5,0.0,99.64,0.86
2019-12-18 22:00:00,9.51,54.56,1.1,259.5,0.0,99.6,0.86
2019-12-18 23:00:00,8.7,57.9,1.39,281.6,0.0,99.57,0.9
2019-12-19 00:00:00,7.3,64.0,2.01,301.6,0.0,99.57,0.98
2019-12-19 01:00:00,6.18,69.28,2.33,313.1,0.0,99.55,0.99
2019-12-19 02:00:00,5.71,71.19,2.32,318.7,0.0,99.5,0.92
2019-12-19 03:00:00,5.66,70.89,2.1,320.4,0.0,99.46,0.81
2019-12-19 04:00:00,6.05,68.47,1.66,311.1,0.0,99.43,0.71
2019-12-19 05:00:00,6.32,67.05,1.35,282.0,0.0,99.45,0.68
2019-12-19 06:00:00,5.98,69.01,1.59,259.9,0.0,99.5,0.77
2019-12-19 07:00:00,7.13,67.59,1.7,257.1,0.0,99.58,1.54
2019-12-19 08:00:00,9.57,58.12,2.04,260.1,0.0,99.66,1.77
2019-12-19 09:00:00,12.88,47.12,1.86,268.2,0.0,99.72,1.91
2019-12-19 10:00:00,15.58,38.28,1.96,283.3,0.0,99.7,1.46
2019-12-19 11:00:00,16.56,36.18,2.06,290.5,0.0,99.59,1.52
2019-12-19 12:00:00,17.18,34.66,2.24,296.0,0.0,99.49,1.48
2019-12-19 13:00:00,17.35,33.7,2.36,306.7,0.0,99.39,1.26
2019-12-19 14:00:00,17.11,33.94,2.39,309.9,0.0,99.32,1.13
2019-12-19 15:00:00,16.37,37.1,2.06,312.8,0.0,99.28,1.7
2019-12-19 16:00:00,14.17,51.17,1.52,315.3,0.0,99.27,4.23
2019-12-19 17:00:00,13.12,48.9,1.54,313.2,0.0,99.27,2.62
2019-12-19 18:00:00,12.74,48.96,1.42,311.0,0.0,99.29,2.28
2019-12-19 19:00:00,12.25,49.8,1.41,304.6,0.0,99.31,2.08
2019-12-19 20:00:00,11.66,51.32,1.53,298.1,0.0,99.33,1.96
2019-12-19 21:00:00,11.03,53.38,1.71,295.7,0.0,99.32,1.93
2019-12-19 22:00:00,10.25,55.96,1.94,298.9,0.0,99.28,1.87
2019-12-19 23:00:00,9.35,58.61,2.23,305.0,0.0,99.25,1.68
2019-12-20 00:00:00,8.65,60.43,2.39,309.2,0.0,99.21,1.45
2019-12-20 01:00:00,8.09,61.42,2.43,310.0,0.0,99.17,1.14
2019-12-20 02:00:00,7.84,61.55,2.3,308.8,0.0,99.12,0.93
2019-12-20 03:00:00,7.74,61.2,2.13,302.1,0.0,99.08,0.78
2019-12-20 04:00:00,7.7,61.97,2.07,289.5,0.0,99.09,0.89
2019-12-20 05:00:00,7.52,63.39,2.16,277.7,0.0,99.15,1.03
2019-12-20 06:00:00,7.29,64.6,2.29,270.3,0.0,99.23,1.09
2019-12-20 07:00:00,9.24,59.9,2.28,266.5,0.0,99.31,1.89
2019-12-20 08:00:00,11.4,51.41,2.48,267.5,0.0,99.38,1.75
2019-12-20 09:00:00,14.86,40.36,2.1,292.1,0.0,99.43,1.55
2019-12-20 10:00:00,17.33,33.89,2.22,312.3,0.0,99.37,1.31
2019-12-20 11:00:00,18.33,33.3,2.21,314.5,0.0,99.28,1.94
2019-12-20 12:00:00,19.13,33.0,2.25,310.5,0.0,99.18,2.52
2019-12-20 13:00:00,19.45,33.45,2.28,303.9,0.0,99.1,2.99
2019-12-20 14:00:00,19.05,35.42,2.3,295.5,0.0,99.05,3.43
2019-12-20 15:00:00,18.14,38.86,2.16,288.6,0.0,99.04,3.95
2019-12-20 16:00:00,15.7,53.97,1.51,279.1,0.0,99.05,6.39
2019-12-20 17:00:00,14.04,58.62,1.83,270.6,0.0,99.1,6.05
2019-12-20 18:00:00,13.45,61.06,1.96,270.9,0.0,99.18,6.11
2019-12-20 19:00:00,13.0,63.03,1.86,279.0,0.0,99.24,6.14
2019-12-20 20:00:00,12.64,64.33,1.84,286.8,0.0,99.26,6.1
2019-12-20 21:00:00,12.54,64.66,1.87,288.7,0.0,99.28,6.09
2019-12-20 22:00:00,12.53,64.82,1.91,289.9,0.0,99.29,6.12
2019-12-20 23:00:00,12.45,64.93,2.0,295.8,0.0,99.27,6.07
2019-12-21 00:00:00,12.29,65.26,2.1,304.1,0.0,99.24,5.99
2019-12-21 01:00:00,12.03,66.04,2.25,311.4,0.0,99.22,5.91
2019-12-21 02:00:00,11.54,67.98,2.41,317.4,0.0,99.22,5.85
2019-12-21 03:00:00,11.36,69.72,2.49,324.6,0.0,99.2,6.05
2019-12-21 04:00:00,11.27,72.28,2.52,331.0,0.0,99.21,6.48
2019-12-21 05:00:00,11.05,76.5,2.27,338.1,0.0,99.26,7.09
2019-12-21 06:00:00,10.81,80.6,1.96,345.8,0.0,99.32,7.64
2019-12-21 07:00:00,11.85,77.55,2.08,345.0,0.0,99.38,8.08
2019-12-21 08:00:00,13.28,72.11,1.78,331.4,0.0,99.46,8.4
2019-12-21 09:00:00,16.42,58.92,2.09,326.9,0.0,99.5,8.4
2019-12-21 10:00:00,19.35,47.42,2.89,325.4,0.0,99.46,7.92
2019-12-21 11:00:00,20.61,42.84,3.16,319.5,0.0,99.37,7.58
2019-12-21 12:00:00,21.45,40.02,3.23,312.0,0.0,99.26,7.32
2019-12-21 13:00:00,21.8,38.04,3.33,306.3,0.0,99.16,6.9
2019-12-21 14:00:00,21.52,37.44,3.44,301.6,0.0,99.08,6.42
2019-12-21 15:00:00,20.66,39.2,3.38,296.7,0.0,99.06,6.33
2019-12-21 16:00:00,17.25,53.81,2.49,293.4,0.0,99.08,7.84
2019-12-21 17:00:00,14.52,59.24,2.98,298.9,0.0,99.14,6.7
2019-12-21 18:00:00,13.22,61.71,3.23,308.7,0.0,99.23,6.06
2019-12-21 19:00:00,12.31,64.01,3.41,317.4,0.0,99.31,5.73
2019-12-21 20:00:00,11.55,66.41,3.57,324.2,0.0,99.38,5.55
2019-12-21 21:00:00,10.88,68.83,3.63,330.1,0.0,99.4,5.42
2019-12-21 22:00:00,10.25,71.41,3.64,335.5,0.0,99.4,5.35
2019-12-21 23:00:00,9.66,74.14,3.6,339.5,0.0,99.37,5.31
2019-12-22 00:00:00,9.06,77.05,3.46,341.1,0.0,99.36,5.29
2019-12-22 01:00:00,8.53,79.56,3.35,339.9,0.0,99.34,5.24
2019-12-22 02:00:00,8.06,81.39,3.26,337.6,0.0,99.32,5.1
2019-12-22 03:00:00,7.57,82.93,3.17,335.8,0.0,99.32,4.9
2019-12-22 04:00:00,7.08,84.52,3.11,333.4,0.0,99.34,4.67
2019-12-22 05:00:00,6.58,86.21,3.03,330.7,0.0,99.38,4.45
2019-12-22 06:00:00,6.14,87.58,2.98,328.0,0.0,99.45,4.25
2019-12-22 07:00:00,8.25,75.41,3.45,324.3,0.0,99.52,4.19
2019-12-22 08:00:00,10.6,65.66,3.59,318.7,0.0,99.59,4.46
2019-12-22 09:00:00,13.66,56.45,3.02,312.0,0.0,99.64,5.19
2019-12-22 10:00:00,17.72,41.31,4.38,320.9,0.0,99.61,4.45
2019-12-22 11:00:00,19.28,36.07,4.35,315.1,0.0,99.51,3.91
2019-12-22 12:00:00,20.17,32.55,4.43,311.9,0.0,99.38,3.24
2019-12-22 13:00:00,20.51,30.78,4.53,310.8,0.0,99.27,2.74
2019-12-22 14:00:00,20.32,30.66,4.61,311.4,0.0,99.2,2.52
2019-12-22 15:00:00,19.33,33.94,4.21,312.2,0.0,99.18,3.06
2019-12-22 16:00:00,15.47,49.8,2.88,307.7,0.0,99.17,5.06
2019-12-22 17:00:00,12.65,56.46,3.35,302.7,0.0,99.2,4.25
2019-12-22 18:00:00,11.88,58.74,3.48,300.5,0.0,99.25,4.09
2019-12-22 19:00:00,11.24,60.83,3.62,300.7,0.0,99.29,3.98
2019-12-22 20:00:00,10.58,63.34,3.69,302.8,0.0,99.32,3.94
2019-12-22 21:00:00,9.85,66.51,3.65,305.7,0.0,99.33,3.94
2019-12-22 22:00:00,9.13,69.81,3.57,308.5,0.0,99.33,3.95
2019-12-22 23:00:00,8.45,73.09,3.44,309.8,0.0,99.31,3.92
2019-12-23 00:00:00,7.84,75.71,3.32,308.5,0.0,99.28,3.84
2019-12-23 01:00:00,7.34,77.09,3.29,305.9,0.0,99.27,3.62
2019-12-23 02:00:00,6.89,77.57,3.34,301.8,0.0,99.23,3.27
2019-12-23 03:00:00,6.44,77.85,3.44,297.5,0.0,99.2,2.89
2019-12-23 04:00:00,5.97,78.89,3.53,294.6,0.0,99.21,2.6
2019-12-23 05:00:00,5.46,80.54,3.53,293.7,0.0,99.26,2.41
2019-12-23 06:00:00,4.86,83.1,3.38,294.7,0.0,99.31,2.26
2019-12-23 07:00:00,6.43,74.22,4.24,297.8,0.0,99.35,2.19
2019-12-23 08:00:00,8.66,64.47,3.45,302.0,0.0,99.4,2.37
2019-12-23 09:00:00,12.17,52.82,2.51,302.5,0.0,99.46,2.84
2019-12-23 10:00:00,17.03,33.42,4.16,322.5,0.0,99.45,0.85
2019-12-23 11:00:00,18.83,29.38,3.73,322.5,0.0,99.37,0.62
2019-12-23 12:00:00,19.86,27.11,3.19,319.7,0.0,99.26,0.41
2019-12-23 13:00:00,20.28,25.86,2.7,312.1,0.0,99.17,0.11
2019-12-23 14:00:00,20.09,25.62,2.4,310.9,0.0,99.12,-0.16
2019-12-23 15:00:00,19.05,31.42,1.8,313.9,0.0,99.1,1.63
2019-12-23 16:00:00,16.14,41.82,1.65,303.1,0.0,99.12,3.09
2019-12-23 17:00:00,14.57,38.63,1.77,294.7,0.0,99.17,0.65
2019-12-23 18:00:00,13.84,39.72,1.75,289.4,0.0,99.22,0.39
2019-12-23 19:00:00,13.22,40.55,1.7,293.2,0.0,99.28,0.12
2019-12-23 20:00:00,12.39,42.06,1.75,310.6,0.0,99.32,-0.12
2019-12-23 21:00:00,11.24,44.91,2.0,329.3,0.0,99.35,-0.27
2019-12-23 22:00:00,9.77,49.16,2.37,343.6,0.0,99.38,-0.35
2019-12-23 23:00:00,8.46,53.29,2.64,354.4,0.0,99.41,-0.47
2019-12-24 00:00:00,7.23,57.48,2.94,6.4,0.0,99.4,-0.57
2019-12-24 01:00:00,6.55,59.74,3.01,17.6,0.0,99.41,-0.69
2019-12-24 02:00:00,6.14,61.12,2.9,28.4,0.0,99.41,-0.76
2019-12-24 03:00:00,5.9,61.8,2.69,40.9,0.0,99.4,-0.83
2019-12-24 04:00:00,5.87,61.59,2.43,57.1,0.0,99.41,-0.91
2019-12-24 05:00:00,5.78,61.82,2.26,75.1,0.0,99.44,-0.93
2019-12-24 06:00:00,5.57,63.11,2.12,93.2,0.0,99.5,-0.85
2019-12-24 07:00:00,6.84,62.83,1.8,111.4,0.0,99.56,0.27
2019-12-24 08:00:00,9.82,52.41,2.02,125.7,0.0,99.63,0.57
2019-12-24 09:00:00,12.65,45.86,1.43,136.7,0.0,99.71,1.3
2019-12-24 10:00:00,16.73,31.89,1.55,141.3,0.0,99.69,-0.04
2019-12-24 11:00:00,17.93,29.37,0.58,118.8,0.0,99.59,-0.15
2019-12-24 12:00:00,18.62,28.09,0.56,13.5,0.0,99.47,-0.17
2019-12-24 13:00:00,18.9,27.44,1.3,345.7,0.0,99.39,-0.25
2019-12-24 14:00:00,18.65,28.01,1.73,338.6,0.0,99.35,-0.18
2019-12-24 15:00:00,17.69,30.84,1.63,330.6,0.0,99.33,0.29
2019-12-24 16:00:00,14.73,44.74,1.5,312.3,0.0,99.34,2.8
2019-12-24 17:00:00,12.34,46.55,1.97,304.3,0.0,99.39,1.24
2019-12-24 18:00:00,10.64,51.38,2.38,307.2,0.0,99.45,1.04
2019-12-24 19:00:00,9.07,56.01,2.77,316.5,0.0,99.5,0.78
2019-12-24 20:00:00,7.97,58.88,3.14,327.0,0.0,99.52,0.44
2019-12-24 21:00:00,7.28,60.46,3.35,336.0,0.0,99.51,0.15
2019-12-24 22:00:00,6.67,62.06,3.38,341.9,0.0,99.49,-0.06
2019-12-24 23:00:00,6.05,64.07,3.33,344.5,0.0,99.44,-0.2
2019-12-25 00:00:00,5.42,66.54,3.25,344.3,0.0,99.39,-0.28
2019-12-25 01:00:00,4.84,68.89,3.19,341.3,0.0,99.35,-0.35
2019-12-25 02:00:00,4.32,71.04,3.14,336.8,0.0,99.32,-0.42
2019-12-25 03:00:00,3.81,73.42,3.12,331.5,0.0,99.3,-0.48
2019-12-25 04:00:00,3.34,75.68,3.09,326.2,0.0,99.29,-0.51
2019-12-25 05:00:00,2.91,78.07,3.06,321.0,0.0,99.35,-0.51
2019-12-25 06:00:00,2.52,80.09,3.03,315.5,0.0,99.4,-0.52
2019-12-25 07:00:00,5.0,68.56,3.2,309.7,0.0,99.46,-0.27
2019-12-25 08:00:00,7.96,57.28,3.55,303.3,0.0,99.51,0.05
2019-12-25 09:00:00,11.55,47.6,2.92,295.8,0.0,99.56,0.84
2019-12-25 10:00:00,16.18,32.81,3.82,306.5,0.0,99.55,-0.17
2019-12-25 11:00:00,18.01,28.03,3.72,307.0,0.0,99.47,-0.72
2019-12-25 12:00:00,19.16,24.91,3.66,309.1,0.0,99.37,-1.33
2019-12-25 13:00:00,19.73,23.13,3.63,309.3,0.0,99.28,-1.85
2019-12-25 14:00:00,19.52,23.14,3.63,308.1,0.0,99.23,-2.01
2019-12-25 15:00:00,18.35,28.27,3.04,305.4,0.0,99.21,-0.37
2019-12-25 16:00:00,13.88,46.21,2.73,301.5,0.0,99.21,2.53
2019-12-25 17:00:00,10.95,49.38,3.34,302.6,0.0,99.24,0.79
2019-12-25 18:00:00,9.98,51.28,3.56,306.2,0.0,99.29,0.43
2019-12-25 19:00:00,9.18,52.91,3.65,310.7,0.0,99.34,0.11
2019-12-25 20:00:00,8.37,54.75,3.63,315.2,0.0,99.37,-0.17
2019-12-25 21:00:00,7.51,57.0,3.54,319.5,0.0,99.39,-0.43
2019-12-25 22:00:00,6.65,59.31,3.42,323.2,0.0,99.38,-0.69
2019-12-25 23:00:00,5.88,61.51,3.32,325.1,0.0,99.35,-0.93
2019-12-26 00:00:00,5.22,63.49,3.23,325.5,0.0,99.34,-1.12
2019-12-26 01:00:00,4.64,65.54,3.17,324.4,0.0,99.32,-1.24
2019-12-26 02:00:00,4.18,67.09,3.16,323.1,0.0,99.29,-1.34
2019-12-26 03:00:00,3.84,68.29,3.18,320.9,0.0,99.25,-1.44
2019-12-26 04:00:00,3.52,69.04,3.2,318.8,0.0,99.26,-1.57
2019-12-26 05:00:00,3.21,69.98,3.21,316.5,0.0,99.3,-1.69
2019-12-26 06:00:00,2.92,71.05,3.19,313.9,0.0,99.34,-1.75
2019-12-26 07:00:00,5.19,61.86,3.71,310.5,0.0,99.4,-1.5
2019-12-26 08:00:00,7.87,52.5,3.92,304.5,0.0,99.44,-1.21
2019-12-26 09:00:00,11.1,44.91,3.12,294.8,0.0,99.48,-0.37
2019-12-26 10:00:00,15.46,31.69,5.37,314.0,0.0,99.45,-1.25
2019-12-26 11:00:00,17.07,28.08,5.48,312.7,0.0,99.36,-1.5
2019-12-26 12:00:00,17.95,26.23,5.42,310.5,0.0,99.25,-1.66
2019-12-26 13:00:00,18.28,25.29,5.46,309.2,0.0,99.18,-1.85
2019-12-26 14:00:00,18.03,25.6,5.42,308.2,0.0,99.14,-1.93
2019-12-26 15:00:00,17.07,28.34,4.65,306.7,0.0,99.13,-1.39
2019-12-26 16:00:00,12.88,44.71,2.93,302.6,0.0,99.14,1.19
2019-12-26 17:00:00,9.9,50.86,3.34,300.4,0.0,99.2,0.24
2019-12-26 18:00:00,9.03,52.74,3.41,300.5,0.0,99.3,-0.08
2019-12-26 19:00:00,8.23,54.69,3.42,302.2,0.0,99.37,-0.33
2019-12-26 20:00:00,7.36,57.29,3.33,305.5,0.0,99.41,-0.49
2019-12-26 21:00:00,6.39,60.75,3.18,309.1,0.0,99.43,-0.62
2019-12-26 22:00:00,5.46,64.45,3.04,313.1,0.0,99.44,-0.68
2019-12-26 23:00:00,4.58,68.9,2.92,318.1,0.0,99.44,-0.6
2019-12-27 00:00:00,3.76,73.38,2.78,323.8,0.0,99.43,-0.52
2019-12-27 01:00:00,2.98,78.15,2.59,332.1,0.0,99.41,-0.43
2019-12-27 02:00:00,2.36,81.62,2.4,342.3,0.0,99.34,-0.43
2019-12-27 03:00:00,2.09,82.71,2.12,346.4,0.0,99.28,-0.52
2019-12-27 04:00:00,2.12,82.08,1.71,327.0,0.0,99.28,-0.58
2019-12-27 05:00:00,1.56,85.01,1.81,290.3,0.0,99.32,-0.65
2019-12-27 06:00:00,0.7,89.77,2.25,276.7,0.0,99.4,-0.76
2019-12-27 07:00:00,2.77,77.04,2.6,278.0,0.0,99.49,-0.82
2019-12-27 08:00:00,5.46,64.71,2.93,284.8,0.0,99.58,-0.64
2019-12-27 09:00:00,9.26,50.46,2.71,300.6,0.0,99.63,-0.48
2019-12-27 10:00:00,12.63,38.9,3.13,312.4,0.0,99.61,-0.95
2019-12-27 11:00:00,14.32,35.2,3.09,312.1,0.0,99.51,-0.81
2019-12-27 12:00:00,15.54,32.67,2.96,310.5,0.0,99.37,-0.76
2019-12-27 13:00:00,16.16,31.72,2.96,309.1,0.0,99.28,-0.64
2019-12-27 14:00:00,16.12,31.71,2.93,309.9,0.0,99.25,-0.67
2019-12-27 15:00:00,15.24,33.91,2.65,314.5,0.0,99.25,-0.53
2019-12-27 16:00:00,11.62,50.38,1.98,322.0,0.0,99.27,1.65
2019-12-27 17:00:00,9.38,52.46,2.2,328.2,0.0,99.31,0.17
2019-12-27 18:00:00,8.41,54.61,2.2,331.5,0.0,99.37,-0.19
2019-12-27 19:00:00,7.51,56.87,2.18,331.8,0.0,99.43,-0.45
2019-12-27 20:00:00,6.54,60.63,2.3,328.9,0.0,99.46,-0.51
2019-12-27 21:00:00,5.52,64.72,2.53,326.4,0.0,99.46,-0.58
2019-12-27 22:00:00,4.6,68.63,2.77,326.9,0.0,99.47,-0.65
2019-12-27 23:00:00,3.87,71.82,2.97,329.0,0.0,99.43,-0.72
2019-12-28 00:00:00,3.28,74.44,3.06,330.0,0.0,99.39,-0.79
2019-12-28 01:00:00,2.75,76.83,3.06,328.2,0.0,99.36,-0.88
2019-12-28 02:00:00,2.25,78.93,2.99,323.7,0.0,99.33,-1.01
2019-12-28 03:00:00,1.74,80.92,2.91,317.4,0.0,99.3,-1.16
2019-12-28 04:00:00,1.28,82.7,2.81,310.1,0.0,99.31,-1.29
2019-12-28 05:00:00,0.85,84.86,2.68,303.0,0.0,99.37,-1.37
2019-12-28 06:00:00,0.47,87.06,2.54,296.4,0.0,99.47,-1.39
2019-12-28 07:00:00,2.4,76.74,2.23,292.4,0.0,99.57,-1.21
2019-12-28 08:00:00,5.1,64.77,2.49,293.0,0.0,99.66,-0.94
2019-12-28 09:00:00,8.45,52.49,2.01,299.9,0.0,99.73,-0.7
2019-12-28 10:00:00,12.51,36.28,2.56,316.6,0.0,99.71,-1.99
2019-12-28 11:00:00,13.77,33.38,2.57,318.3,0.0,99.61,-2.0
2019-12-28 12:00:00,14.71,31.46,2.61,322.8,0.0,99.48,-2.01
2019-12-28 13:00:00,15.26,30.24,2.64,329.7,0.0,99.37,-2.06
2019-12-28 14:00:00,15.41,30.21,2.55,331.9,0.0,99.33,-1.92
2019-12-28 15:00:00,14.58,32.74,2.2,329.3,0.0,99.34,-1.57
2019-12-28 16:00:00,11.32,47.89,1.74,327.2,0.0,99.38,0.66
2019-12-28 17:00:00,9.51,46.58,1.88,331.1,0.0,99.45,-1.32
2019-12-28 18:00:00,8.82,47.44,1.79,342.1,0.0,99.54,-1.7
2019-12-28 19:00:00,8.2,48.04,1.61,357.9,0.0,99.6,-2.08
2019-12-28 20:00:00,7.65,48.82,1.46,14.3,0.0,99.62,-2.38
2019-12-28 21:00:00,6.79,51.63,1.28,30.0,0.0,99.62,-2.43
2019-12-28 22:00:00,6.25,53.41,1.12,42.1,0.0,99.61,-2.47
2019-12-28 23:00:00,6.16,53.55,0.99,45.0,0.0,99.57,-2.48
2019-12-29 00:00:00,5.53,56.1,0.97,39.1,0.0,99.54,-2.46
2019-12-29 01:00:00,4.18,61.83,1.11,30.3,0.0,99.52,-2.42
2019-12-29 02:00:00,3.57,64.53,1.41,19.1,0.0,99.5,-2.42
2019-12-29 03:00:00,2.93,67.29,1.68,8.6,0.0,99.48,-2.46
2019-12-29 04:00:00,2.31,70.11,1.87,0.6,0.0,99.49,-2.5
2019-12-29 05:00:00,1.79,72.81,2.04,354.1,0.0,99.55,-2.52
2019-12-29 06:00:00,1.35,74.97,2.15,349.0,0.0,99.63,-2.53
2019-12-29 07:00:00,2.83,69.64,1.92,345.2,0.0,99.71,-2.11
2019-12-29 08:00:00,6.09,56.47,2.19,348.1,0.0,99.78,-1.85
2019-12-29 09:00:00,9.45,46.53,1.26,4.5,0.0,99.79,-1.38
2019-12-29 10:00:00,13.61,34.49,1.19,48.4,0.0,99.73,-1.71
2019-12-29 11:00:00,15.49,30.95,1.16,71.9,0.0,99.6,-1.55
2019-12-29 12:00:00,16.9,28.25,1.13,83.4,0.0,99.46,-1.54
2019-12-29 13:00:00,17.78,26.46,1.16,86.5,0.0,99.36,-1.69
2019-12-29 14:00:00,17.87,25.98,0.93,78.8,0.0,99.3,-1.86
2019-12-29 15:00:00,17.02,30.11,0.43,54.5,0.0,99.28,-0.63
2019-12-29 16:00:00,15.24,34.02,0.4,293.4,0.0,99.29,-0.53
2019-12-29 17:00:00,13.2,35.39,1.08,283.4,0.0,99.35,-1.75
2019-12-29 18:00:00,11.31,40.94,1.75,288.0,0.0,99.43,-1.46
2019-12-29 19:00:00,9.48,46.3,2.34,295.0,0.0,99.5,-1.42
2019-12-29 20:00:00,8.02,50.98,2.6,305.8,0.0,99.54,-1.48
2019-12-29 21:00:00,6.99,54.05,2.64,321.9,0.0,99.53,-1.64
2019-12-29 22:00:00,5.84,58.14,2.76,341.2,0.0,99.48,-1.7
2019-12-29 23:00:00,4.74,62.92,2.92,355.9,0.0,99.42,-1.66
2019-12-30 00:00:00,3.99,66.47,2.92,4.5,0.0,99.35,-1.66
2019-12-30 01:00:00,3.54,68.37,2.74,8.2,0.0,99.3,-1.7
2019-12-30 02:00:00,3.42,68.72,2.45,8.5,0.0,99.26,-1.72
2019-12-30 03:00:00,3.5,68.31,2.1,6.8,0.0,99.22,-1.74
2019-12-30 04:00:00,3.55,68.06,1.81,5.7,0.0,99.21,-1.76
2019-12-30 05:00:00,3.43,68.69,1.61,5.0,0.0,99.28,-1.73
2019-12-30 06:00:00,3.11,70.55,1.5,6.5,0.0,99.39,-1.68
2019-12-30 07:00:00,4.04,68.28,1.24,14.9,0.0,99.5,-1.24
2019-12-30 08:00:00,6.6,57.7,1.29,35.5,0.0,99.61,-1.11
2019-12-30 09:00:00,9.76,48.29,1.22,81.5,0.0,99.67,-0.6
2019-12-30 10:00:00,14.09,35.28,2.39,117.6,0.0,99.65,-0.99
2019-12-30 11:00:00,16.86,29.1,3.15,126.5,0.0,99.57,-1.21
2019-12-30 12:00:00,17.94,27.23,3.21,128.3,0.0,99.47,-1.18
2019-12-30 13:00:00,18.36,25.97,3.22,126.2,0.0,99.39,-1.45
2019-12-30 14:00:00,18.07,25.98,3.17,123.7,0.0,99.36,-1.68
2019-12-30 15:00:00,16.78,31.59,2.55,123.6,0.0,99.35,-0.24
2019-12-30 16:00:00,12.42,48.49,2.46,127.1,0.0,99.36,1.86
2019-12-30 17:00:00,9.52,51.07,3.04,129.7,0.0,99.39,-0.06
2019-12-30 18:00:00,8.31,54.15,3.28,133.3,0.0,99.46,-0.37
2019-12-30 19:00:00,7.33,57.3,3.36,136.6,0.0,99.5,-0.54
2019-12-30 20:00:00,6.42,60.85,3.32,139.9,0.0,99.53,-0.55
2019-12-30 21:00:00,5.54,65.74,3.23,143.1,0.0,99.54,-0.35
2019-12-30 22:00:00,4.7,70.44,3.07,144.8,0.0,99.54,-0.18
2019-12-30 23:00:00,3.95,75.02,2.82,145.0,0.0,99.52,-0.05
2019-12-31 00:00:00,3.46,78.04,2.5,143.1,0.0,99.5,0.03
2019-12-31 01:00:00,3.2,79.69,2.18,138.9,0.0,99.49,0.04
2019-12-31 02:00:00,3.14,79.83,1.82,134.8,0.0,99.49,0.02
2019-12-31 03:00:00,3.01,80.15,1.51,131.0,0.0,99.5,-0.04
2019-12-31 04:00:00,2.65,82.03,1.38,125.9,0.0,99.52,-0.09
2019-12-31 05:00:00,2.04,85.28,1.48,122.3,0.0,99.58,-0.13
2019-12-31 06:00:00,1.29,89.82,1.72,121.2,0.0,99.66,-0.18
2019-12-31 07:00:00,2.24,84.19,1.79,122.7,0.0,99.73,-0.12
2019-12-31 08:00:00,4.75,71.49,2.16,124.1,0.0,99.79,0.06
2019-12-31 09:00:00,8.25,55.76,2.89,127.8,0.0,99.85,-0.04
2019-12-31 10:00:00,11.14,43.25,4.12,130.3,0.0,99.81,-0.85
2019-12-31 11:00:00,12.54,38.74,3.58,129.2,0.0,99.72,-1.1
2019-12-31 12:00:00,13.73,34.58,2.97,130.3,0.0,99.6,-1.58
2019-12-31 13:00:00,14.33,32.64,2.37,131.9,0.0,99.52,-1.8
2019-12-31 14:00:00,14.33,32.73,1.82,135.9,0.0,99.47,-1.78
2019-12-31 15:00:00,13.62,36.41,1.16,146.6,0.0,99.46,-1.0
2019-12-31 16:00:00,12.18,42.48,0.76,171.7,0.0,99.47,-0.22
2019-12-31 17:00:00,11.4,42.02,0.65,195.1,0.0,99.49,-1.04
2019-12-31 18:00:00,10.84,43.15,0.55,218.3,0.0,99.55,-1.17
2019-12-31 19:00:00,10.28,44.17,0.46,257.5,0.0,99.59,-1.36
2019-12-31 20:00:00,9.85,44.43,0.41,322.9,0.0,99.62,-1.65
2019-12-31 21:00:00,9.3,44.33,0.75,17.9,0.0,99.61,-2.18
2019-12-31 22:00:00,7.98,48.02,1.16,35.9,0.0,99.58,-2.27
2019-12-31 23:00:00,7.31,50.09,1.53,42.4,0.0,99.54,-2.34
2020-01-01 00:00:00,6.55,52.59,1.79,47.0,0.0,99.51,-2.38
2020-01-01 01:00:00,5.87,55.12,1.96,54.4,0.0,99.5,-2.4
2020-01-01 02:00:00,5.43,56.64,2.0,63.3,0.0,99.5,-2.43
2020-01-01 03:00:00,5.2,57.38,1.93,73.4,0.0,99.5,-2.46
2020-01-01 04:00:00,4.99,58.06,1.86,83.5,0.0,99.53,-2.51
2020-01-01 05:00:00,4.76,58.86,1.85,92.5,0.0,99.6,-2.53
2020-01-01 06:00:00,4.57,59.88,1.88,100.4,0.0,99.68,-2.49
2020-01-01 07:00:00,5.55,60.2,1.74,108.1,0.0,99.77,-1.53
2020-01-01 08:00:00,8.26,49.73,2.32,114.5,0.0,99.85,-1.58
2020-01-01 09:00:00,11.14,42.09,2.39,116.4,0.0,99.92,-1.23
2020-01-01 10:00:00,15.34,31.44,3.25,117.7,0.0,99.91,-1.44
2020-01-01 11:00:00,17.45,27.78,3.43,112.6,0.0,99.82,-1.32
2020-01-01 12:00:00,18.89,25.13,3.52,109.1,0.0,99.71,-1.45
2020-01-01 13:00:00,19.62,23.92,3.49,108.4,0.0,99.63,-1.5
2020-01-01 14:00:00,19.49,24.53,3.3,108.0,0.0,99.58,-1.28
2020-01-01 15:00:00,17.97,35.17,2.18,107.6,0.0,99.57,2.21
2020-01-01 16:00:00,14.36,46.62,2.27,108.5,0.0,99.59,3.08
2020-01-01 17:00:00,12.62,45.6,2.41,110.2,0.0,99.65,1.19
2020-01-01 18:00:00,11.85,48.25,2.42,111.4,0.0,99.75,1.29
2020-01-01 19:00:00,11.13,50.88,2.44,110.7,0.0,99.8,1.37
2020-01-01 20:00:00,10.2,54.53,2.53,106.5,0.0,99.84,1.47
2020-01-01 21:00:00,9.12,60.71,2.72,102.3,0.0,99.84,1.97
2020-01-01 22:00:00,8.08,67.79,2.92,101.7,0.0,99.82,2.52
2020-01-01 23:00:00,7.24,74.58,3.05,105.0,0.0,99.78,3.06
2020-01-02 00:00:00,6.74,79.91,3.07,108.8,0.0,99.74,3.53
2020-01-02 01:00:00,6.38,84.21,2.95,110.2,0.0,99.71,3.94
2020-01-02 02:00:00,5.99,88.69,2.77,113.0,0.0,99.67,4.29
2020-01-02 03:00:00,5.58,93.51,2.52,119.0,0.0,99.65,4.63
2020-01-02 04:00:00,5.35,97.89,2.23,121.6,0.0,99.68,5.06
2020-01-02 05:00:00,5.2,100.0,1.97,115.3,0.0,99.75,5.44
2020-01-02 06:00:00,5.07,100.0,1.72,100.1,0.0,99.83,5.69
2020-01-02 07:00:00,6.46,96.15,1.62,78.3,0.0,99.92,5.92
2020-01-02 08:00:00,9.01,82.8,1.89,69.8,0.0,99.99,6.28
2020-01-02 09:00:00,12.82,68.6,1.93,90.0,0.0,100.04,7.22
2020-01-02 10:00:00,16.78,56.19,3.21,115.3,0.0,99.98,8.05
2020-01-02 11:00:00,18.48,51.67,3.99,122.3,0.0,99.82,8.38
2020-01-02 12:00:00,19.33,49.77,4.12,123.7,0.01,99.66,8.61
2020-01-02 13:00:00,19.65,49.28,3.93,121.8,0.01,99.54,8.77
2020-01-02 14:00:00,19.58,49.67,3.28,117.2,0.0,99.48,8.82
2020-01-02 15:00:00,18.9,52.18,2.44,107.6,0.0,99.46,8.92
2020-01-02 16:00:00,16.65,61.73,1.51,94.2,0.0,99.48,9.3
2020-01-02 17:00:00,16.0,61.49,1.42,74.9,0.0,99.53,8.64
2020-01-02 18:00:00,15.65,63.1,1.44,60.1,0.0,99.58,8.69
2020-01-02 19:00:00,15.13,65.54,1.55,57.1,0.0,99.61,8.74
2020-01-02 20:00:00,14.64,67.94,1.7,62.2,0.0,99.64,8.82
2020-01-02 21:00:00,14.01,71.08,1.94,70.1,0.0,99.65,8.87
2020-01-02 22:00:00,13.34,74.54,2.19,77.4,0.01,99.63,8.95
2020-01-02 23:00:00,12.85,77.58,2.43,82.7,0.01,99.59,9.05
2020-01-03 00:00:00,12.44,80.31,2.59,85.8,0.01,99.53,9.18
2020-01-03 01:00:00,11.94,83.97,2.66,86.8,0.01,99.48,9.33
2020-01-03 02:00:00,11.05,90.22,2.74,88.3,0.01,99.42,9.53
2020-01-03 03:00:00,10.03,97.83,2.73,91.7,0.01,99.39,9.73
2020-01-03 04:00:00,9.18,100.0,2.66,96.7,0.01,99.38,9.88
2020-01-03 05:00:00,8.62,100.0,2.5,103.2,0.01,99.43,9.99
2020-01-03 06:00:00,8.32,100.0,2.29,111.0,0.01,99.49,9.96
2020-01-03 07:00:00,10.42,98.12,2.09,119.9,0.0,99.56,10.17
2020-01-03 08:00:00,12.91,85.31,2.28,128.8,0.0,99.64,10.53
2020-01-03 09:00:00,16.12,71.16,2.57,129.0,0.0,99.67,10.92
2020-01-03 10:00:00,18.37,62.36,2.09,126.4,0.0,99.61,11.08
2020-01-03 11:00:00,19.86,56.07,1.56,116.7,0.0,99.49,10.89
2020-01-03 12:00:00,20.76,51.1,1.12,96.7,0.0,99.37,10.31
2020-01-03 13:00:00,21.05,47.86,1.02,71.2,0.0,99.27,9.62
2020-01-03 14:00:00,20.8,47.42,1.18,56.7,0.0,99.21,9.24
2020-01-03 15:00:00,20.12,49.25,1.36,54.0,0.0,99.2,9.18
2020-01-03 16:00:00,18.22,58.92,1.2,65.4,0.0,99.21,10.08
2020-01-03 17:00:00,16.82,59.69,1.53,85.5,0.0,99.25,8.97
2020-01-03 18:00:00,15.94,63.25,1.81,105.3,0.0,99.3,9.0
2020-01-03 19:00:00,15.15,66.66,1.97,120.2,0.0,99.35,9.03
2020-01-03 20:00:00,14.41,70.24,2.05,132.0,0.0,99.39,9.08
2020-01-03 21:00:00,13.65,74.42,2.1,141.4,0.0,99.42,9.21
2020-01-03 22:00:00,12.91,78.85,2.12,149.3,0.0,99.42,9.36
2020-01-03 23:00:00,12.21,83.43,2.06,157.2,0.0,99.4,9.52
2020-01-04 00:00:00,11.67,87.36,1.91,166.4,0.0,99.38,9.67
2020-01-04 01:00:00,11.19,90.99,1.69,178.3,0.0,99.35,9.79
2020-01-04 02:00:00,10.83,93.64,1.39,196.7,0.0,99.3,9.87
2020-01-04 03:00:00,10.43,96.26,1.2,225.3,0.0,99.27,9.89
2020-01-04 04:00:00,9.87,99.68,1.18,252.8,0.0,99.27,9.84
2020-01-04 05:00:00,9.41,100.0,1.18,269.0,0.0,99.31,9.74
2020-01-04 06:00:00,9.19,100.0,1.16,276.9,0.0,99.35,9.6
2020-01-04 07:00:00,10.13,95.8,1.11,279.9,0.0,99.42,9.51
2020-01-04 08:00:00,12.41,82.52,1.23,274.6,0.01,99.49,9.54
2020-01-04 09:00:00,16.89,59.02,1.31,271.3,0.04,99.55,8.86
2020-01-04 10:00:00,19.46,47.26,1.99,277.5,0.02,99.52,7.98
2020-01-04 11:00:00,20.45,42.69,2.69,281.4,0.01,99.41,7.38
2020-01-04 12:00:00,21.05,39.5,3.16,285.4,0.01,99.29,6.79
2020-01-04 13:00:00,21.29,37.32,3.47,289.2,0.0,99.18,6.17
2020-01-04 14:00:00,21.03,36.18,3.62,291.9,0.0,99.12,5.49
2020-01-04 15:00:00,20.13,38.51,3.1,295.0,0.0,99.1,5.58
2020-01-04 16:00:00,16.6,53.01,2.38,300.0,0.0,99.12,6.99
2020-01-04 17:00:00,14.24,54.8,2.77,307.5,0.0,99.19,5.3
2020-01-04 18:00:00,13.22,56.31,2.98,315.8,0.0,99.27,4.75
2020-01-04 19:00:00,12.29,57.34,3.18,323.6,0.0,99.35,4.14
2020-01-04 20:00:00,11.45,58.06,3.3,331.0,0.0,99.4,3.51
2020-01-04 21:00:00,10.66,58.61,3.32,337.3,0.0,99.43,2.91
2020-01-04 22:00:00,9.92,59.63,3.25,344.1,0.0,99.42,2.47
2020-01-04 23:00:00,9.29,61.1,3.19,350.2,0.0,99.38,2.19
2020-01-05 00:00:00,8.74,62.54,3.08,356.5,0.0,99.35,2.02
2020-01-05 01:00:00,8.27,64.25,2.97,0.0,0.0,99.31,1.95
2020-01-05 02:00:00,7.89,66.21,2.79,358.8,0.0,99.27,2.0
2020-01-05 03:00:00,7.67,67.49,2.53,353.0,0.0,99.24,2.06
2020-01-05 04:00:00,7.67,67.65,2.28,338.6,0.0,99.25,2.09
2020-01-05 05:00:00,7.61,67.96,2.12,319.4,0.0,99.3,2.11
2020-01-05 06:00:00,7.37,69.11,2.08,296.8,0.0,99.34,2.12
2020-01-05 07:00:00,8.74,65.67,2.01,276.6,0.0,99.4,2.68
2020-01-05 08:00:00,11.68,54.1,3.11,265.0,0.0,99.47,2.73
2020-01-05 09:00:00,14.49,47.36,2.77,261.5,0.0,99.53,3.44
2020-01-05 10:00:00,18.7,36.3,3.24,284.0,0.0,99.5,3.49
2020-01-05 11:00:00,20.47,33.07,3.4,295.2,0.0,99.38,3.72
2020-01-05 12:00:00,21.23,31.71,3.48,300.0,0.0,99.26,3.8
2020-01-05 13:00:00,21.42,30.89,3.91,306.3,0.0,99.2,3.59
2020-01-05 14:00:00,20.84,31.61,3.81,309.8,0.0,99.16,3.4
2020-01-05 15:00:00,19.57,36.98,2.85,311.9,0.0,99.18,4.49
2020-01-05 16:00:00,16.19,51.39,2.41,315.5,0.0,99.27,6.18
2020-01-05 17:00:00,13.91,54.06,2.57,322.9,0.0,99.31,4.8
2020-01-05 18:00:00,12.93,56.5,2.71,333.4,0.0,99.4,4.51
2020-01-05 19:00:00,12.12,58.86,2.87,342.8,0.0,99.49,4.35
2020-01-05 20:00:00,11.01,61.43,2.99,353.5,0.0,99.53,3.91
2020-01-05 21:00:00,10.23,63.43,2.93,2.5,0.0,99.51,3.61
2020-01-05 22:00:00,9.63,64.94,2.74,9.5,0.0,99.47,3.39
2020-01-05 23:00:00,9.18,65.84,2.56,3.6,0.0,99.46,3.15
2020-01-06 00:00:00,8.9,65.97,2.46,354.2,0.0,99.45,2.9
2020-01-06 01:00:00,9.1,64.25,2.27,345.5,0.0,99.43,2.73
2020-01-06 02:00:00,9.27,62.26,2.06,336.2,0.0,99.37,2.45
2020-01-06 03:00:00,8.83,62.86,2.21,325.3,0.0,99.34,2.17
2020-01-06 04:00:00,8.44,63.54,2.38,318.7,0.0,99.36,1.97
2020-01-06 05:00:00,8.31,63.12,2.34,313.1,0.0,99.4,1.74
2020-01-06 06:00:00,8.25,62.23,2.16,309.4,0.0,99.42,1.48
2020-01-06 07:00:00,9.9,59.47,1.84,293.6,0.0,99.46,2.38
2020-01-06 08:00:00,12.26,48.88,2.69,280.1,0.0,99.55,1.87
2020-01-06 09:00:00,14.59,44.41,2.17,268.2,0.0,99.62,2.63
2020-01-06 10:00:00,18.39,32.98,1.89,265.7,0.0,99.58,1.86
2020-01-06 11:00:00,20.53,28.44,1.82,279.5,0.0,99.48,1.65
2020-01-06 12:00:00,21.6,27.47,1.81,301.9,0.01,99.38,2.07
2020-01-06 13:00:00,21.92,27.58,1.58,321.7,0.0,99.31,2.41
2020-01-06 14:00:00,21.58,28.7,1.38,328.0,0.0,99.28,2.68
2020-01-06 15:00:00,20.52,34.46,1.47,340.6,0.0,99.32,4.29
2020-01-06 16:00:00,17.4,50.02,2.07,17.4,0.0,99.34,6.86
2020-01-06 17:00:00,14.5,53.61,3.07,29.5,0.0,99.4,5.23
2020-01-06 18:00:00,14.5,54.22,3.72,34.0,0.0,99.46,5.35
2020-01-06 19:00:00,13.02,63.11,3.92,41.0,0.0,99.49,6.13
2020-01-06 20:00:00,12.36,72.32,4.33,45.1,0.0,99.5,7.51
2020-01-06 21:00:00,11.94,80.14,3.97,48.7,0.0,99.51,8.64
2020-01-06 22:00:00,11.57,85.59,3.21,52.8,0.0,99.49,9.26
2020-01-06 23:00:00,11.11,89.78,2.66,55.7,0.0,99.46,9.53
2020-01-07 00:00:00,11.52,88.29,2.67,57.6,0.0,99.45,9.67
2020-01-07 01:00:00,11.37,89.5,2.82,63.0,0.0,99.41,9.72
2020-01-07 02:00:00,11.04,91.43,2.8,68.8,0.03,99.36,9.72
2020-01-07 03:00:00,10.17,96.34,2.65,74.2,0.09,99.31,9.64
2020-01-07 04:00:00,9.75,98.27,2.83,82.5,0.01,99.28,9.52
2020-01-07 05:00:00,9.1,100.0,2.89,89.2,0.01,99.31,9.25
2020-01-07 06:00:00,8.71,100.0,2.8,92.0,0.03,99.38,9.02
2020-01-07 07:00:00,10.35,92.67,3.82,95.1,0.05,99.45,9.24
2020-01-07 08:00:00,12.26,84.7,3.18,100.1,0.01,99.52,9.8
2020-01-07 09:00:00,15.78,67.52,3.69,107.4,0.01,99.56,9.81
2020-01-07 10:00:00,18.65,52.65,3.72,118.9,0.0,99.5,8.81
2020-01-07 11:00:00,20.28,44.91,3.12,133.6,0.01,99.35,7.95
2020-01-07 12:00:00,21.35,40.06,2.67,144.8,0.01,99.21,7.24
2020-01-07 13:00:00,22.06,37.42,2.29,152.2,0.01,99.1,6.89
2020-01-07 14:00:00,21.86,37.79,1.64,149.5,0.03,99.02,6.84
2020-01-07 15:00:00,20.87,43.66,0.88,91.3,0.03,98.99,8.05
2020-01-07 16:00:00,18.04,58.18,2.07,40.1,0.01,99.01,9.72
2020-01-07 17:00:00,16.33,62.9,3.22,41.4,0.01,99.06,9.28
2020-01-07 18:00:00,15.45,69.64,4.55,44.0,0.01,99.12,9.95
2020-01-07 19:00:00,14.19,79.95,4.65,44.0,0.01,99.15,10.81
2020-01-07 20:00:00,13.27,87.8,4.17,48.8,0.07,99.17,11.31
2020-01-07 21:00:00,12.83,91.43,3.61,56.9,0.16,99.17,11.51
2020-01-07 22:00:00,12.54,93.6,2.83,59.9,0.15,99.15,11.56
2020-01-07 23:00:00,12.34,94.6,2.06,56.3,0.15,99.13,11.51
2020-01-08 00:00:00,12.09,95.46,1.57,52.3,0.2,99.1,11.42
2020-01-08 01:00:00,11.89,95.9,1.61,48.0,0.3,99.05,11.28
2020-01-08 02:00:00,11.75,95.81,1.89,47.8,0.47,98.99,11.12
2020-01-08 03:00:00,11.66,95.3,2.25,55.3,0.61,98.94,10.96
2020-01-08 04:00:00,11.55,94.95,2.55,65.6,0.6,98.93,10.79
2020-01-08 05:00:00,11.42,94.65,2.84,74.7,0.47,98.98,10.63
2020-01-08 06:00:00,11.27,94.6,3.05,80.9,0.34,99.05,10.46
2020-01-08 07:00:00,11.55,92.81,3.53,86.7,0.25,99.12,10.46
2020-01-08 08:00:00,12.35,89.77,3.46,92.3,1.52,99.21,10.74
2020-01-08 09:00:00,13.94,82.93,3.63,101.9,1.18,99.26,11.11
2020-01-08 10:00:00,15.84,73.86,3.92,117.3,0.7,99.21,11.22
2020-01-08 11:00:00,17.29,66.39,3.82,131.7,0.42,99.08,11.01
2020-01-08 12:00:00,17.39,65.25,3.02,145.5,0.28,98.96,10.84
2020-01-08 13:00:00,17.13,66.45,1.97,165.6,0.26,98.89,10.85
2020-01-08 14:00:00,16.83,67.79,1.0,201.7,0.17,98.86,10.88
2020-01-08 15:00:00,16.32,71.14,1.0,289.9,0.19,98.88,11.1
2020-01-08 16:00:00,15.14,81.6,1.28,319.7,0.41,98.91,12.03
2020-01-08 17:00:00,13.95,85.71,1.88,328.7,0.33,98.98,11.63
2020-01-08 18:00:00,13.24,88.93,2.34,331.7,0.28,99.08,11.49
2020-01-08 19:00:00,12.43,92.44,2.76,332.1,0.22,99.17,11.27
2020-01-08 20:00:00,11.65,95.43,3.29,330.5,0.16,99.24,10.97
2020-01-08 21:00:00,10.65,98.08,3.54,327.7,0.13,99.28,10.39
2020-01-08 22:00:00,9.79,98.54,3.71,324.0,0.12,99.29,9.59
2020-01-08 23:00:00,9.1,97.86,3.95,321.1,0.09,99.26,8.81
2020-01-09 00:00:00,8.38,97.7,3.99,317.2,0.05,99.25,8.06
2020-01-09 01:00:00,7.85,96.36,4.6,316.9,0.03,99.24,7.32
2020-01-09 02:00:00,7.12,95.94,4.56,318.4,0.03,99.21,6.53
2020-01-09 03:00:00,6.32,95.72,4.14,319.9,0.02,99.19,5.71
2020-01-09 04:00:00,5.54,96.16,3.71,320.1,0.01,99.21,4.99
2020-01-09 05:00:00,4.87,96.97,3.48,318.1,0.01,99.29,4.45
2020-01-09 06:00:00,4.36,97.93,3.43,313.9,0.0,99.38,4.09
2020-01-09 07:00:00,5.47,93.18,4.4,309.7,0.0,99.48,4.48
2020-01-09 08:00:00,7.45,87.53,3.78,306.2,0.0,99.58,5.54
2020-01-09 09:00:00,11.35,67.96,4.88,315.0,0.0,99.67,5.66
2020-01-09 10:00:00,14.27,50.94,5.55,318.6,0.0,99.65,4.27
2020-01-09 11:00:00,15.95,42.0,5.22,317.5,0.0,99.58,3.09
2020-01-09 12:00:00,17.07,35.56,4.87,316.0,0.0,99.48,1.75
2020-01-09 13:00:00,17.48,32.32,4.56,315.4,0.0,99.43,0.76
2020-01-09 14:00:00,17.25,31.41,4.32,315.7,0.0,99.4,0.17
2020-01-09 15:00:00,16.32,32.56,4.09,315.6,0.0,99.42,-0.14
2020-01-09 16:00:00,12.92,47.29,2.69,313.6,0.0,99.45,1.97
2020-01-09 17:00:00,9.69,55.45,3.11,312.3,0.0,99.5,1.25
2020-01-09 18:00:00,8.79,57.42,3.23,312.2,0.0,99.6,0.87
2020-01-09 19:00:00,8.03,59.17,3.29,312.9,0.0,99.67,0.59
2020-01-09 20:00:00,7.36,60.88,3.34,315.0,0.0,99.72,0.34
2020-01-09 21:00:00,6.7,62.74,3.38,318.5,0.0,99.73,0.12
2020-01-09 22:00:00,6.06,64.71,3.46,323.0,0.0,99.72,-0.07
2020-01-09 23:00:00,5.38,67.27,3.47,327.6,0.0,99.67,-0.19
2020-01-10 00:00:00,4.65,70.56,3.36,330.4,0.0,99.62,-0.21
2020-01-10 01:00:00,3.92,74.42,3.15,329.9,0.0,99.56,-0.19
2020-01-10 02:00:00,3.33,77.54,3.07,325.7,0.0,99.5,-0.19
2020-01-10 03:00:00,2.93,79.3,3.12,320.1,0.0,99.45,-0.26
2020-01-10 04:00:00,2.63,80.57,3.27,314.0,0.0,99.44,-0.36
2020-01-10 05:00:00,2.45,80.99,3.56,307.8,0.0,99.49,-0.47
2020-01-10 06:00:00,2.26,81.49,3.73,305.2,0.0,99.55,-0.56
2020-01-10 07:00:00,4.14,71.37,4.91,306.4,0.0,99.6,-0.55
2020-01-10 08:00:00,6.76,61.46,3.87,305.3,0.0,99.66,-0.12
2020-01-10 09:00:00,10.81,48.84,3.67,311.7,0.0,99.7,0.49
2020-01-10 10:00:00,14.74,35.45,5.0,325.1,0.0,99.66,-0.35
2020-01-10 11:00:00,16.81,29.69,4.4,321.8,0.0,99.57,-0.96
2020-01-10 12:00:00,18.28,25.51,3.68,318.6,0.0,99.44,-1.75
2020-01-10 13:00:00,19.03,23.1,3.53,313.5,0.0,99.38,-2.45
2020-01-10 14:00:00,18.8,22.99,3.76,306.6,0.0,99.38,-2.71
2020-01-10 15:00:00,17.55,26.46,3.33,305.8,0.0,99.4,-1.89
2020-01-10 16:00:00,13.26,45.2,2.46,302.5,0.0,99.44,1.66
2020-01-10 17:00:00,10.43,49.11,2.81,302.2,0.0,99.5,0.23
2020-01-10 18:00:00,9.48,51.3,2.83,308.1,0.0,99.57,-0.06
2020-01-10 19:00:00,8.49,53.29,2.81,314.6,0.0,99.61,-0.43
2020-01-10 20:00:00,7.44,55.1,2.85,319.0,0.0,99.63,-0.94
2020-01-10 21:00:00,6.52,57.05,3.0,318.2,0.0,99.65,-1.32
2020-01-10 22:00:00,5.87,58.98,3.15,321.1,0.0,99.64,-1.5
2020-01-10 23:00:00,5.18,60.77,3.27,323.8,0.0,99.61,-1.72
2020-01-11 00:00:00,4.58,62.39,3.27,328.5,0.0,99.55,-1.93
2020-01-11 01:00:00,3.95,64.01,3.21,331.0,0.0,99.51,-2.16
2020-01-11 02:00:00,3.34,65.57,3.16,331.0,0.0,99.47,-2.41
2020-01-11 03:00:00,3.02,66.0,3.05,326.5,0.0,99.45,-2.63
2020-01-11 04:00:00,2.36,67.64,3.03,320.6,0.0,99.46,-2.92
2020-01-11 05:00:00,2.03,68.16,2.94,314.2,0.0,99.51,-3.15
2020-01-11 06:00:00,2.12,66.88,2.81,307.0,0.0,99.58,-3.28
2020-01-11 07:00:00,4.89,56.32,3.23,297.7,0.0,99.65,-3.0
2020-01-11 08:00:00,7.17,48.92,2.98,284.8,0.0,99.7,-2.79
2020-01-11 09:00:00,10.08,42.9,2.34,271.0,0.0,99.74,-1.91
2020-01-11 10:00:00,14.79,28.72,3.34,291.8,0.0,99.73,-3.15
2020-01-11 11:00:00,17.26,22.97,3.62,297.6,0.0,99.65,-3.93
2020-01-11 12:00:00,18.65,21.09,3.34,300.6,0.0,99.52,-3.92
2020-01-11 13:00:00,19.54,19.93,2.82,301.4,0.0,99.41,-3.95
2020-01-11 14:00:00,19.45,20.17,2.36,297.8,0.0,99.34,-3.84
2020-01-11 15:00:00,18.35,26.8,1.76,293.4,0.0,99.31,-1.23
2020-01-11 16:00:00,15.25,38.86,1.73,289.6,0.0,99.32,1.23
2020-01-11 17:00:00,13.61,34.77,1.88,292.5,0.0,99.37,-1.64
2020-01-11 18:00:00,13.24,34.6,1.71,300.6,0.0,99.44,-2.03
2020-01-11 19:00:00,12.54,35.03,1.67,315.0,0.0,99.49,-2.45
2020-01-11 20:00:00,11.78,36.16,1.68,328.9,0.0,99.54,-2.69
2020-01-11 21:00:00,11.24,37.24,1.61,334.2,0.0,99.57,-2.76
2020-01-11 22:00:00,10.43,39.68,1.44,338.8,0.0,99.55,-2.63
2020-01-11 23:00:00,10.01,40.92,1.22,336.8,0.0,99.49,-2.6
2020-01-12 00:00:00,9.57,41.98,1.14,331.2,0.0,99.43,-2.64
2020-01-12 01:00:00,8.69,44.82,1.45,327.1,0.0,99.4,-2.57
2020-01-12 02:00:00,7.54,48.76,1.95,327.8,0.0,99.37,-2.48
2020-01-12 03:00:00,6.34,53.43,2.31,330.7,0.0,99.34,-2.37
2020-01-12 04:00:00,5.85,55.09,2.33,332.9,0.0,99.32,-2.39
2020-01-12 05:00:00,5.98,54.1,2.02,330.6,0.0,99.35,-2.53
2020-01-12 06:00:00,6.41,51.71,1.63,317.2,0.0,99.38,-2.73
2020-01-12 07:00:00,8.0,53.5,1.27,294.1,0.0,99.41,-0.87
2020-01-12 08:00:00,10.76,41.11,1.49,264.6,0.0,99.43,-1.89
2020-01-12 09:00:00,13.73,35.94,1.55,242.8,0.0,99.45,-1.05
2020-01-12 10:00:00,17.79,26.29,2.08,235.2,0.0,99.39,-1.77
2020-01-12 11:00:00,19.94,22.69,2.51,239.3,0.0,99.28,-1.95
2020-01-12 12:00:00,21.37,20.68,2.69,247.7,0.0,99.12,-2.01
2020-01-12 13:00:00,22.14,19.53,2.84,260.1,0.0,99.01,-2.14
2020-01-12 14:00:00,22.03,19.65,2.66,270.2,0.0,98.94,-2.16
2020-01-12 15:00:00,20.84,25.43,1.49,271.2,0.0,98.91,0.24
2020-01-12 16:00:00,18.99,29.53,0.67,258.0,0.0,98.9,0.64
2020-01-12 17:00:00,17.78,25.81,0.39,188.7,0.0,98.95,-2.08
2020-01-12 18:00:00,16.29,28.21,0.99,140.3,0.0,99.03,-2.12
2020-01-12 19:00:00,14.03,35.02,1.81,134.6,0.0,99.08,-1.14
2020-01-12 20:00:00,12.13,40.33,2.45,133.2,0.0,99.09,-0.91
2020-01-12 21:00:00,10.61,45.34,2.86,133.9,0.0,99.08,-0.71
2020-01-12 22:00:00,9.57,48.45,3.08,136.6,0.0,99.02,-0.73
2020-01-12 23:00:00,8.82,51.06,3.18,140.5,0.0,98.93,-0.73
2020-01-13 00:00:00,8.18,52.99,3.18,143.8,0.0,98.85,-0.8
2020-01-13 01:00:00,7.63,54.83,3.11,144.4,0.0,98.8,-0.84
2020-01-13 02:00:00,7.15,56.63,2.96,144.8,0.0,98.74,-0.85
2020-01-13 03:00:00,6.74,58.21,2.86,143.0,0.0,98.68,-0.86
2020-01-13 04:00:00,6.39,59.94,2.81,140.5,0.0,98.64,-0.8
2020-01-13 05:00:00,6.16,61.59,2.78,140.2,0.0,98.67,-0.63
2020-01-13 06:00:00,6.02,63.41,2.79,144.5,0.0,98.74,-0.39
2020-01-13 07:00:00,8.69,56.93,3.01,152.5,0.0,98.81,0.65
2020-01-13 08:00:00,11.65,47.77,3.83,153.6,0.0,98.87,0.97
2020-01-13 09:00:00,15.17,41.19,3.56,148.7,0.0,98.9,2.1
2020-01-13 10:00:00,19.43,30.68,4.8,159.6,0.0,98.88,1.77
2020-01-13 11:00:00,22.3,26.51,5.23,168.6,0.0,98.77,2.16
2020-01-13 12:00:00,23.92,27.82,5.36,175.2,0.0,98.63,4.22
2020-01-13 13:00:00,24.8,31.03,5.2,176.4,0.0,98.51,6.54
2020-01-13 14:00:00,25.07,35.2,4.97,173.4,0.0,98.44,8.63
2020-01-13 15:00:00,24.01,43.52,3.6,166.5,0.0,98.4,10.86
2020-01-13 16:00:00,20.67,56.67,2.72,159.6,0.0,98.42,11.77
2020-01-13 17:00:00,18.96,63.36,2.41,171.6,0.01,98.51,11.87
2020-01-13 18:00:00,17.84,72.3,1.7,217.6,0.02,98.66,12.82
2020-01-13 19:00:00,16.62,82.62,1.92,275.7,0.04,98.82,13.68
2020-01-13 20:00:00,15.73,88.07,3.34,308.6,0.06,98.92,13.78
2020-01-13 21:00:00,14.83,90.67,4.03,336.3,0.07,98.98,13.34
2020-01-13 22:00:00,14.15,92.56,4.14,350.0,0.05,99.04,12.98
2020-01-13 23:00:00,13.67,93.99,3.72,357.1,0.03,99.05,12.74
2020-01-14 00:00:00,13.23,94.65,3.1,3.1,0.01,99.05,12.41
2020-01-14 01:00:00,12.5,95.9,2.36,13.2,0.0,99.03,11.87
2020-01-14 02:00:00,11.72,95.55,1.93,25.5,0.0,98.99,11.06
2020-01-14 03:00:00,11.14,95.12,1.65,35.6,0.0,98.99,10.41
2020-01-14 04:00:00,10.48,96.06,1.68,49.1,0.0,99.0,9.91
2020-01-14 05:00:00,9.86,97.47,1.76,60.7,0.0,99.07,9.49
2020-01-14 06:00:00,9.14,99.66,1.77,71.9,0.0,99.14,9.11
2020-01-14 07:00:00,11.04,90.08,1.51,87.7,0.0,99.2,9.51
2020-01-14 08:00:00,13.33,77.41,1.88,102.0,0.0,99.25,9.49
2020-01-14 09:00:00,15.66,65.36,2.26,106.7,0.0,99.28,9.21
2020-01-14 10:00:00,17.73,56.9,2.1,112.1,0.0,99.26,9.1
2020-01-14 11:00:00,19.55,47.87,1.66,117.6,0.0,99.16,8.24
2020-01-14 12:00:00,20.5,42.98,1.09,138.7,0.0,99.03,7.52
2020-01-14 13:00:00,20.89,41.02,0.91,191.4,0.0,98.93,7.2
2020-01-14 14:00:00,20.95,40.79,1.36,235.5,0.0,98.88,7.16
2020-01-14 15:00:00,20.31,42.9,1.96,261.8,0.0,98.88,7.32
2020-01-14 16:00:00,17.35,56.64,2.11,278.2,0.0,98.9,8.66
2020-01-14 17:00:00,14.74,61.59,2.89,287.7,0.0,98.95,7.47
2020-01-14 18:00:00,13.94,62.64,3.26,296.6,0.0,99.04,6.97
2020-01-14 19:00:00,13.32,63.21,3.82,303.7,0.0,99.13,6.51
2020-01-14 20:00:00,12.54,64.6,3.83,310.6,0.0,99.19,6.08
2020-01-14 21:00:00,11.57,67.14,3.54,317.7,0.0,99.21,5.72
2020-01-14 22:00:00,10.7,69.91,3.36,326.4,0.0,99.22,5.46
2020-01-14 23:00:00,9.87,73.62,3.22,336.4,0.0,99.2,5.41
2020-01-15 00:00:00,9.07,79.04,3.07,344.9,0.0,99.17,5.64
2020-01-15 01:00:00,8.32,85.59,2.93,350.2,0.0,99.15,6.06
2020-01-15 02:00:00,7.69,91.74,2.76,350.6,0.0,99.13,6.45
2020-01-15 03:00:00,7.24,96.14,2.64,348.6,0.0,99.11,6.69
2020-01-15 04:00:00,6.94,98.64,2.53,344.4,0.0,99.13,6.77
2020-01-15 05:00:00,6.67,100.0,2.4,339.8,0.0,99.2,6.71
2020-01-15 06:00:00,6.34,100.0,2.32,338.5,0.0,99.29,6.58
2020-01-15 07:00:00,8.56,86.81,2.79,340.5,0.0,99.36,6.52
2020-01-15 08:00:00,10.92,75.1,2.32,345.5,0.0,99.41,6.72
2020-01-15 09:00:00,14.92,58.19,1.49,2.7,0.0,99.44,6.8
2020-01-15 10:00:00,19.23,42.56,0.67,77.0,0.0,99.41,6.23
2020-01-15 11:00:00,20.89,38.61,0.63,128.5,0.0,99.29,6.31
2020-01-15 12:00:00,21.63,37.03,0.56,157.1,0.0,99.15,6.36
2020-01-15 13:00:00,21.9,36.45,0.57,209.3,0.0,99.05,6.38
2020-01-15 14:00:00,21.83,36.71,0.8,247.3,0.0,99.0,6.41
2020-01-15 15:00:00,21.17,38.91,1.06,283.6,0.0,98.99,6.68
2020-01-15 16:00:00,18.32,53.41,1.54,318.4,0.0,99.0,8.7
2020-01-15 17:00:00,15.24,58.51,2.49,334.1,0.0,99.04,7.18
2020-01-15 18:00:00,14.01,61.42,2.9,345.4,0.0,99.12,6.74
2020-01-15 19:00:00,13.18,63.31,2.98,355.0,0.0,99.19,6.38
2020-01-15 20:00:00,12.43,64.98,3.13,2.6,0.0,99.22,6.05
2020-01-15 21:00:00,11.85,66.25,3.63,6.3,0.0,99.21,5.78
2020-01-15 22:00:00,11.34,68.24,4.43,2.5,0.0,99.14,5.71
2020-01-15 23:00:00,9.94,76.34,2.7,352.8,0.0,99.14,6.0
2020-01-16 00:00:00,9.96,79.64,1.63,6.0,0.02,99.19,6.62
2020-01-16 01:00:00,9.91,83.13,1.78,349.0,0.12,99.17,7.21
2020-01-16 02:00:00,9.76,86.79,1.95,345.5,0.32,99.11,7.68
2020-01-16 03:00:00,9.86,88.26,2.78,342.9,0.22,99.07,8.03
2020-01-16 04:00:00,9.94,89.7,3.32,343.0,0.06,99.05,8.34
2020-01-16 05:00:00,9.87,91.33,3.5,336.2,0.07,99.09,8.54
2020-01-16 06:00:00,9.77,92.43,3.68,330.5,0.13,99.2,8.64
2020-01-16 07:00:00,10.33,90.89,4.14,337.6,0.08,99.3,8.92
2020-01-16 08:00:00,11.53,87.34,3.88,349.6,0.06,99.36,9.52
2020-01-16 09:00:00,13.44,76.66,3.52,15.5,0.01,99.39,9.45
2020-01-16 10:00:00,14.96,67.58,3.4,40.7,0.02,99.35,9.06
2020-01-16 11:00:00,16.15,62.72,3.33,55.9,0.1,99.25,9.06
2020-01-16 12:00:00,16.59,62.06,3.21,57.4,0.15,99.09,9.32
2020-01-16 13:00:00,16.77,62.17,3.29,50.1,0.19,98.95,9.51
2020-01-16 14:00:00,16.72,63.14,3.4,42.4,0.15,98.87,9.71
2020-01-16 15:00:00,16.15,66.22,3.29,38.1,0.08,98.82,9.87
2020-01-16 16:00:00,14.83,74.5,2.07,39.9,0.05,98.83,10.37
2020-01-16 17:00:00,13.69,82.37,1.76,38.8,0.07,98.88,10.77
2020-01-16 18:00:00,13.16,87.75,1.49,3.8,0.07,98.98,11.2
2020-01-16 19:00:00,12.63,91.77,2.27,317.7,0.08,99.06,11.36
2020-01-16 20:00:00,12.17,94.18,2.87,310.6,0.1,99.1,11.28
2020-01-16 21:00:00,11.96,94.71,3.01,319.3,0.15,99.1,11.15
2020-01-16 22:00:00,11.75,95.33,2.46,332.2,0.24,99.08,11.05
2020-01-16 23:00:00,11.41,96.52,2.1,345.1,0.52,99.04,10.9
2020-01-17 00:00:00,10.86,98.49,2.15,349.8,0.88,98.99,10.65
2020-01-17 01:00:00,9.78,100.0,2.45,344.6,1.15,98.95,10.11
2020-01-17 02:00:00,9.29,100.0,2.54,335.1,1.21,98.93,9.75
2020-01-17 03:00:00,8.99,100.0,2.57,326.7,1.21,98.94,9.44
2020-01-17 04:00:00,8.85,100.0,2.47,322.4,1.04,98.97,9.2
2020-01-17 05:00:00,8.5,100.0,2.37,324.1,0.83,99.02,8.87
2020-01-17 06:00:00,8.01,100.0,2.32,328.8,0.66,99.12,8.45
2020-01-17 07:00:00,10.13,95.49,2.18,335.7,0.51,99.23,9.47
2020-01-17 08:00:00,12.2,86.08,2.4,345.3,0.02,99.31,9.96
2020-01-17 09:00:00,14.42,72.2,2.8,349.5,0.01,99.37,9.51
2020-01-17 10:00:00,16.54,59.65,3.09,342.9,0.01,99.37,8.68
2020-01-17 11:00:00,18.1,52.34,3.14,333.4,0.0,99.31,8.23
2020-01-17 12:00:00,19.01,48.67,3.13,324.9,0.0,99.21,7.99
2020-01-17 13:00:00,19.36,46.95,3.15,316.9,0.0,99.12,7.77
2020-01-17 14:00:00,19.31,46.22,3.22,311.7,0.0,99.07,7.51
2020-01-17 15:00:00,18.62,47.52,3.18,312.7,0.0,99.06,7.28
2020-01-17 16:00:00,16.16,60.6,2.16,318.9,0.0,99.09,8.56
2020-01-17 17:00:00,13.28,66.92,2.61,330.1,0.0,99.17,7.29
2020-01-17 18:00:00,12.31,69.73,2.81,342.0,0.0,99.26,6.96
2020-01-17 19:00:00,11.67,72.21,2.88,353.6,0.0,99.33,6.86
2020-01-17 20:00:00,11.75,72.33,2.73,4.2,0.0,99.39,6.96
2020-01-17 21:00:00,11.1,75.17,2.73,12.3,0.0,99.41,6.89
2020-01-17 22:00:00,10.2,79.05,2.75,19.8,0.0,99.41,6.77
2020-01-17 23:00:00,9.86,80.97,2.67,26.7,0.0,99.37,6.78
2020-01-18 00:00:00,9.32,84.46,2.64,32.5,0.0,99.32,6.85
2020-01-18 01:00:00,8.79,88.07,2.55,36.4,0.0,99.29,6.95
2020-01-18 02:00:00,8.57,90.07,2.33,36.6,0.0,99.26,7.07
2020-01-18 03:00:00,8.7,89.97,1.98,33.0,0.0,99.24,7.18
2020-01-18 04:00:00,8.92,89.07,1.6,25.9,0.0,99.26,7.25
2020-01-18 05:00:00,8.81,89.92,1.3,16.5,0.0,99.31,7.28
2020-01-18 06:00:00,8.52,91.77,1.22,7.1,0.0,99.38,7.29
2020-01-18 07:00:00,10.02,83.78,1.27,355.9,0.0,99.44,7.42
2020-01-18 08:00:00,12.51,72.06,1.51,348.2,0.0,99.52,7.64
2020-01-18 09:00:00,16.59,53.03,1.53,343.7,0.0,99.58,7.01
2020-01-18 10:00:00,18.79,44.62,1.85,337.0,0.0,99.57,6.52
2020-01-18 11:00:00,19.8,41.25,2.09,334.5,0.0,99.49,6.3
2020-01-18 12:00:00,20.39,39.0,2.24,330.9,0.0,99.38,6.02
2020-01-18 13:00:00,20.54,37.82,2.37,326.7,0.0,99.29,5.7
2020-01-18 14:00:00,20.15,38.12,2.54,323.5,0.0,99.25,5.48
2020-01-18 15:00:00,19.22,39.95,2.72,323.2,0.0,99.24,5.32
2020-01-18 16:00:00,16.19,54.91,2.14,326.8,0.0,99.25,7.13
2020-01-18 17:00:00,13.17,61.22,2.7,333.8,0.0,99.3,5.9
2020-01-18 18:00:00,12.17,64.08,2.91,341.1,0.0,99.38,5.61
2020-01-18 19:00:00,11.36,67.29,2.97,347.2,0.0,99.44,5.55
2020-01-18 20:00:00,10.61,70.52,2.97,351.9,0.0,99.49,5.49
2020-01-18 21:00:00,9.89,73.49,2.92,355.7,0.0,99.51,5.4
2020-01-18 22:00:00,9.2,76.43,2.85,357.0,0.0,99.5,5.31
2020-01-18 23:00:00,8.54,79.46,2.78,356.1,0.0,99.46,5.23
2020-01-19 00:00:00,7.9,82.67,2.71,353.0,0.0,99.44,5.17
2020-01-19 01:00:00,7.3,85.63,2.66,349.4,0.0,99.4,5.09
2020-01-19 02:00:00,6.73,88.37,2.6,343.9,0.0,99.35,4.96
2020-01-19 03:00:00,6.17,90.82,2.56,335.5,0.0,99.33,4.82
2020-01-19 04:00:00,5.67,93.33,2.56,326.8,0.0,99.34,4.7
2020-01-19 05:00:00,5.2,95.93,2.55,318.8,0.0,99.38,4.62
2020-01-19 06:00:00,4.85,97.82,2.57,312.0,0.0,99.45,4.56
2020-01-19 07:00:00,7.02,84.23,3.67,305.7,0.0,99.52,4.58
2020-01-19 08:00:00,9.42,72.96,3.36,301.6,0.0,99.6,4.84
2020-01-19 09:00:00,13.63,55.24,3.71,306.8,0.0,99.66,4.85
2020-01-19 10:00:00,16.8,43.97,4.23,308.3,0.0,99.65,4.5
2020-01-19 11:00:00,18.31,39.11,4.25,308.1,0.0,99.57,4.18
2020-01-19 12:00:00,19.3,35.37,4.24,308.9,0.0,99.45,3.64
2020-01-19 13:00:00,19.8,32.95,4.13,310.5,0.0,99.35,3.09
2020-01-19 14:00:00,19.57,32.07,3.82,310.6,0.0,99.28,2.49
2020-01-19 15:00:00,18.51,34.41,3.51,307.9,0.0,99.27,2.55
2020-01-19 16:00:00,14.88,50.57,2.51,305.0,0.0,99.29,4.74
2020-01-19 17:00:00,11.57,57.8,3.06,306.8,0.0,99.34,3.59
2020-01-19 18:00:00,10.52,60.78,3.15,310.4,0.0,99.41,3.29
2020-01-19 19:00:00,9.86,63.44,3.16,315.6,0.0,99.49,3.29
2020-01-19 20:00:00,9.55,65.86,3.13,321.9,0.0,99.52,3.51
2020-01-19 21:00:00,8.47,71.69,3.08,326.1,0.0,99.51,3.67
2020-01-19 22:00:00,7.58,77.37,3.03,328.4,0.0,99.48,3.9
2020-01-19 23:00:00,6.94,82.56,3.0,329.1,0.0,99.44,4.19
2020-01-20 00:00:00,6.36,87.37,2.94,328.4,0.0,99.4,4.44
2020-01-20 01:00:00,5.86,91.43,2.91,324.8,0.0,99.35,4.6
2020-01-20 02:00:00,5.4,95.24,2.91,320.0,0.0,99.3,4.71
2020-01-20 03:00:00,4.99,98.68,2.94,316.2,0.0,99.26,4.83
2020-01-20 04:00:00,4.62,100.0,2.96,314.6,0.0,99.26,4.94
2020-01-20 05:00:00,4.24,100.0,2.94,314.4,0.0,99.31,5.03
2020-01-20 06:00:00,3.94,100.0,2.84,314.9,0.0,99.37,5.1
2020-01-20 07:00:00,6.41,91.89,3.66,314.8,0.0,99.43,5.21
2020-01-20 08:00:00,8.93,79.21,2.42,306.6,0.0,99.48,5.55
2020-01-20 09:00:00,13.36,58.94,2.38,315.2,0.0,99.51,5.53
2020-01-20 10:00:00,16.65,44.59,2.66,310.9,0.0,99.53,4.56
2020-01-20 11:00:00,18.04,39.58,2.11,298.6,0.0,99.45,4.13
2020-01-20 12:00:00,18.84,36.29,1.83,288.1,0.0,99.35,3.6
2020-01-20 13:00:00,18.64,35.31,1.69,278.5,0.0,99.27,3.03
2020-01-20 14:00:00,18.3,35.08,1.78,278.1,0.0,99.23,2.65
2020-01-20 15:00:00,17.34,40.0,1.85,284.7,0.0,99.26,3.62
2020-01-20 16:00:00,15.09,55.43,1.71,293.9,0.0,99.28,6.26
2020-01-20 17:00:00,13.15,55.23,2.07,299.9,0.0,99.32,4.38
2020-01-20 18:00:00,12.23,56.81,2.14,307.0,0.0,99.38,3.94
2020-01-20 19:00:00,11.32,59.77,2.32,320.4,0.0,99.44,3.82
2020-01-20 20:00:00,10.58,62.81,2.5,337.4,0.0,99.47,3.82
2020-01-20 21:00:00,10.16,64.72,2.63,353.0,0.0,99.47,3.85
2020-01-20 22:00:00,9.91,66.07,2.68,6.2,0.0,99.46,3.89
2020-01-20 23:00:00,9.8,66.79,2.66,18.6,0.0,99.42,3.94
2020-01-21 00:00:00,9.57,67.53,2.67,29.2,0.0,99.36,3.89
2020-01-21 01:00:00,9.28,68.16,2.57,37.4,0.0,99.33,3.74
2020-01-21 02:00:00,9.07,67.87,2.38,43.6,0.0,99.29,3.46
2020-01-21 03:00:00,8.75,67.51,2.25,46.4,0.0,99.26,3.1
2020-01-21 04:00:00,7.94,68.8,2.32,49.0,0.0,99.26,2.6
2020-01-21 05:00:00,6.97,70.71,2.25,57.5,0.0,99.34,2.06
2020-01-21 06:00:00,6.72,70.56,2.12,76.9,0.0,99.44,1.79
2020-01-21 07:00:00,9.04,62.51,1.96,99.1,0.0,99.54,2.28
2020-01-21 08:00:00,11.59,52.52,1.91,108.9,0.0,99.62,2.25
2020-01-21 09:00:00,15.69,39.7,2.13,127.0,0.0,99.66,2.04
2020-01-21 10:00:00,18.02,33.85,2.28,134.3,0.0,99.63,1.88
2020-01-21 11:00:00,19.32,31.18,2.24,137.9,0.0,99.56,1.88
2020-01-21 12:00:00,20.16,29.56,2.1,144.5,0.0,99.43,1.87
2020-01-21 13:00:00,20.48,29.08,1.7,153.1,0.0,99.33,1.91
2020-01-21 14:00:00,20.29,29.54,1.21,162.8,0.0,99.29,1.96
2020-01-21 15:00:00,19.55,31.35,0.73,169.0,0.0,99.28,2.13
2020-01-21 16:00:00,18.15,38.57,0.19,122.0,0.0,99.32,3.83
2020-01-21 17:00:00,16.46,38.96,0.81,42.5,0.0,99.39,2.46
2020-01-21 18:00:00,14.59,43.98,1.53,42.9,0.0,99.5,2.5
2020-01-21 19:00:00,12.91,48.78,2.19,44.1,0.0,99.58,2.4
2020-01-21 20:00:00,11.45,52.68,2.62,45.0,0.0,99.65,2.12
2020-01-21 21:00:00,10.42,55.16,2.92,48.9,0.0,99.66,1.83
2020-01-21 22:00:00,9.65,57.14,3.02,52.4,0.0,99.66,1.6
2020-01-21 23:00:00,9.08,58.68,2.9,56.8,0.0,99.65,1.43
2020-01-22 00:00:00,8.72,59.41,2.67,61.6,0.0,99.63,1.29
2020-01-22 01:00:00,8.58,59.23,2.43,65.7,0.0,99.58,1.08
2020-01-22 02:00:00,9.01,56.12,1.9,64.1,0.0,99.53,0.75
2020-01-22 03:00:00,9.21,54.81,1.23,44.3,0.0,99.51,0.59
2020-01-22 04:00:00,9.19,55.03,1.1,1.0,0.0,99.53,0.61
2020-01-22 05:00:00,8.03,60.61,1.66,335.1,0.0,99.59,0.87
2020-01-22 06:00:00,6.75,68.47,2.27,330.7,0.0,99.66,1.32
2020-01-22 07:00:00,8.74,65.75,2.56,330.5,0.0,99.72,2.66
2020-01-22 08:00:00,11.61,57.45,3.2,329.2,0.0,99.79,3.48
2020-01-22 09:00:00,15.25,46.15,3.03,324.9,0.0,99.83,3.74
2020-01-22 10:00:00,18.69,33.77,3.58,322.8,0.0,99.81,2.46
2020-01-22 11:00:00,20.15,31.55,3.73,317.7,0.0,99.72,2.78
2020-01-22 12:00:00,21.09,30.12,4.02,311.7,0.0,99.6,2.93
2020-01-22 13:00:00,21.47,29.27,4.46,307.4,0.0,99.48,2.86
2020-01-22 14:00:00,21.2,29.55,4.84,305.5,0.0,99.43,2.77
2020-01-22 15:00:00,20.14,32.08,4.74,304.9,0.0,99.4,3.0
2020-01-22 16:00:00,16.65,44.88,3.15,304.6,0.0,99.43,4.66
2020-01-22 17:00:00,13.17,53.36,3.47,309.5,0.0,99.47,3.94
2020-01-22 18:00:00,12.3,55.1,3.68,314.6,0.0,99.57,3.56
2020-01-22 19:00:00,11.51,57.15,3.78,318.6,0.0,99.64,3.37
2020-01-22 20:00:00,10.67,60.19,3.84,319.8,0.0,99.65,3.3
2020-01-22 21:00:00,9.94,63.33,3.98,318.8,0.0,99.66,3.34
2020-01-22 22:00:00,9.2,67.1,4.02,317.0,0.0,99.63,3.45
2020-01-22 23:00:00,8.57,70.41,4.21,314.5,0.0,99.59,3.52
2020-01-23 00:00:00,8.05,73.21,4.51,313.0,0.0,99.55,3.57
2020-01-23 01:00:00,7.42,76.86,4.57,311.2,0.0,99.51,3.65
2020-01-23 02:00:00,6.8,80.8,4.54,310.8,0.0,99.46,3.78
2020-01-23 03:00:00,6.15,85.31,4.33,311.5,0.0,99.42,3.9
2020-01-23 04:00:00,5.58,89.43,4.2,311.1,0.0,99.4,4.0
2020-01-23 05:00:00,5.13,92.48,4.21,308.8,0.0,99.43,4.04
2020-01-23 06:00:00,4.83,94.31,4.31,306.1,0.0,99.5,4.03
2020-01-23 07:00:00,6.39,84.67,5.21,301.3,0.0,99.54,4.02
2020-01-23 08:00:00,9.43,69.8,4.72,294.1,0.0,99.58,4.21
2020-01-23 09:00:00,14.26,50.07,6.46,306.5,0.0,99.63,4.03
2020-01-23 10:00:00,17.65,37.16,7.94,313.8,0.0,99.62,2.89
2020-01-23 11:00:00,19.27,31.77,7.72,309.8,0.0,99.53,2.09
2020-01-23 12:00:00,20.2,28.47,7.8,306.7,0.0,99.43,1.38
2020-01-23 13:00:00,20.5,27.01,8.1,305.7,0.0,99.35,0.89
2020-01-23 14:00:00,20.16,27.3,8.02,307.2,0.0,99.3,0.75
2020-01-23 15:00:00,19.09,29.16,7.37,309.5,0.0,99.26,0.75
2020-01-23 16:00:00,16.31,36.46,4.96,308.8,0.0,99.26,1.42
2020-01-23 17:00:00,12.11,48.91,3.87,306.5,0.0,99.31,1.73
2020-01-23 18:00:00,10.87,52.27,3.86,304.8,0.0,99.37,1.51
2020-01-23 19:00:00,9.66,56.05,3.7,300.9,0.0,99.43,1.34
2020-01-23 20:00:00,8.85,58.1,3.81,297.4,0.0,99.47,1.1
2020-01-23 21:00:00,8.38,58.97,4.09,294.7,0.0,99.49,0.84
2020-01-23 22:00:00,8.04,59.31,4.52,293.2,0.0,99.48,0.62
2020-01-23 23:00:00,7.62,60.41,4.77,292.8,0.0,99.45,0.46
2020-01-24 00:00:00,7.11,62.06,4.86,294.0,0.0,99.42,0.37
2020-01-24 01:00:00,6.52,64.44,4.77,296.8,0.0,99.38,0.31
2020-01-24 02:00:00,5.89,67.09,4.69,298.8,0.0,99.31,0.27
2020-01-24 03:00:00,5.24,69.98,4.64,299.4,0.0,99.26,0.24
2020-01-24 04:00:00,4.66,72.66,4.65,298.7,0.0,99.24,0.18
2020-01-24 05:00:00,4.14,74.79,4.62,295.8,0.0,99.26,0.09
2020-01-24 06:00:00,3.76,76.25,4.75,291.2,0.0,99.29,-0.02
2020-01-24 07:00:00,5.32,68.38,5.52,285.3,0.0,99.32,-0.01
2020-01-24 08:00:00,8.43,56.67,4.75,278.0,0.0,99.34,0.37
2020-01-24 09:00:00,13.51,40.75,5.11,286.0,0.0,99.37,0.45
2020-01-24 10:00:00,17.94,27.43,7.18,304.5,0.0,99.34,-1.06
2020-01-24 11:00:00,20.09,22.75,6.73,304.4,0.0,99.27,-1.79
2020-01-24 12:00:00,21.59,19.86,6.28,302.2,0.0,99.17,-2.35
2020-01-24 13:00:00,22.35,18.59,6.02,299.8,0.0,99.07,-2.59
2020-01-24 14:00:00,22.29,18.59,5.88,298.4,0.0,99.01,-2.66
2020-01-24 15:00:00,21.17,21.6,5.11,297.0,0.0,98.97,-1.58
2020-01-24 16:00:00,16.73,36.56,3.18,293.2,0.0,98.97,1.83
2020-01-24 17:00:00,12.7,43.89,3.63,292.9,0.0,99.01,0.75
2020-01-24 18:00:00,11.57,45.81,3.69,295.9,0.0,99.1,0.33
2020-01-24 19:00:00,10.63,47.82,3.68,299.5,0.0,99.21,0.07
2020-01-24 20:00:00,9.68,50.34,3.59,304.6,0.0,99.28,-0.13
2020-01-24 21:00:00,8.71,53.05,3.49,310.4,0.0,99.31,-0.28
2020-01-24 22:00:00,7.86,55.77,3.37,316.8,0.0,99.34,-0.42
2020-01-24 23:00:00,7.06,58.28,3.25,321.9,0.0,99.34,-0.55
2020-01-25 00:00:00,6.32,60.63,3.11,326.2,0.0,99.3,-0.71
2020-01-25 01:00:00,5.7,62.57,2.94,330.5,0.0,99.25,-0.86
2020-01-25 02:00:00,5.24,64.2,2.71,334.9,0.0,99.19,-0.95
2020-01-25 03:00:00,4.91,65.31,2.49,336.3,0.0,99.16,-1.01
2020-01-25 04:00:00,4.62,66.66,2.35,332.3,0.0,99.18,-1.02
2020-01-25 05:00:00,4.29,68.47,2.27,326.3,0.0,99.26,-0.97
2020-01-25 06:00:00,4.09,69.9,2.19,320.9,0.0,99.37,-0.87
2020-01-25 07:00:00,6.84,60.85,2.16,314.4,0.0,99.48,-0.15
2020-01-25 08:00:00,9.63,51.18,1.88,303.9,0.0,99.55,0.08
2020-01-25 09:00:00,14.07,38.38,1.6,303.0,0.0,99.58,0.13
2020-01-25 10:00:00,18.64,24.82,2.73,325.7,0.0,99.54,-1.81
2020-01-25 11:00:00,20.13,22.39,2.44,327.5,0.0,99.43,-1.96
2020-01-25 12:00:00,21.05,21.51,2.29,325.1,0.0,99.29,-1.74
2020-01-25 13:00:00,21.34,21.17,2.53,321.7,0.0,99.2,-1.69
2020-01-25 14:00:00,20.94,21.88,3.24,324.7,0.0,99.13,-1.61
2020-01-25 15:00:00,19.84,25.74,3.05,334.2,0.0,99.1,-0.37
2020-01-25 16:00:00,16.61,43.67,2.07,340.5,0.0,99.1,4.19
2020-01-25 17:00:00,14.19,45.36,2.35,332.7,0.0,99.14,2.58
2020-01-25 18:00:00,12.61,48.03,2.69,328.2,0.0,99.2,1.91
2020-01-25 19:00:00,11.47,50.88,2.99,332.5,0.0,99.26,1.69
2020-01-25 20:00:00,10.71,52.42,3.07,342.4,0.0,99.3,1.4
2020-01-25 21:00:00,10.15,53.65,3.05,352.6,0.0,99.29,1.19
2020-01-25 22:00:00,9.65,54.79,2.94,0.8,0.0,99.25,1.01
2020-01-25 23:00:00,9.32,55.44,2.78,6.4,0.0,99.18,0.88
2020-01-26 00:00:00,9.19,55.77,2.6,6.4,0.0,99.14,0.84
2020-01-26 01:00:00,8.77,56.1,2.56,357.1,0.0,99.12,0.54
2020-01-26 02:00:00,8.37,57.62,2.57,351.0,0.0,99.08,0.5
2020-01-26 03:00:00,7.94,59.02,2.54,349.4,0.0,99.06,0.43
2020-01-26 04:00:00,7.53,60.24,2.51,345.5,0.0,99.07,0.36
2020-01-26 05:00:00,7.28,61.01,2.44,342.1,0.0,99.13,0.29
2020-01-26 06:00:00,7.52,59.76,2.15,335.2,0.0,99.2,0.24
2020-01-26 07:00:00,10.11,56.09,1.72,317.6,0.0,99.26,1.76
2020-01-26 08:00:00,12.86,44.74,1.78,292.5,0.0,99.32,1.15
2020-01-26 09:00:00,16.78,39.57,2.17,289.1,0.0,99.34,2.94
2020-01-26 10:00:00,20.47,37.92,3.78,298.9,0.0,99.32,5.68
2020-01-26 11:00:00,21.68,37.06,4.1,293.3,0.0,99.21,6.43
2020-01-26 12:00:00,22.51,36.47,4.19,288.7,0.0,99.09,6.93
2020-01-26 13:00:00,22.97,36.44,4.25,286.7,0.0,99.0,7.33
2020-01-26 14:00:00,22.87,37.32,4.17,288.6,0.0,98.95,7.59
2020-01-26 15:00:00,21.97,40.43,3.65,294.2,0.0,98.92,7.95
2020-01-26 16:00:00,18.64,54.65,2.3,308.1,0.0,98.91,9.34
2020-01-26 17:00:00,15.72,60.12,2.53,327.8,0.0,98.94,8.03
2020-01-26 18:00:00,14.52,64.31,2.65,344.2,0.0,99.0,7.89
2020-01-26 19:00:00,13.53,68.32,2.69,354.2,0.0,99.06,7.84
2020-01-26 20:00:00,12.68,71.71,2.67,0.2,0.0,99.09,7.73
2020-01-26 21:00:00,11.98,73.96,2.59,5.1,0.0,99.09,7.51
2020-01-26 22:00:00,11.57,74.7,2.38,7.0,0.0,99.08,7.26
2020-01-26 23:00:00,11.48,73.73,2.05,7.9,0.0,99.05,6.97
2020-01-27 00:00:00,11.61,71.55,1.63,13.9,0.0,98.99,6.66
2020-01-27 01:00:00,11.42,70.89,1.19,24.4,0.0,98.92,6.36
2020-01-27 02:00:00,11.77,68.31,0.92,36.1,0.0,98.87,6.15
2020-01-27 03:00:00,11.51,68.89,0.79,51.7,0.0,98.82,6.03
2020-01-27 04:00:00,11.12,70.22,0.8,67.9,0.0,98.83,5.93
2020-01-27 05:00:00,10.62,72.26,0.94,77.1,0.0,98.88,5.87
2020-01-27 06:00:00,9.82,75.89,1.08,75.6,0.0,98.94,5.81
2020-01-27 07:00:00,11.52,69.19,1.36,79.4,0.0,99.0,6.11
2020-01-27 08:00:00,13.93,59.9,1.62,95.3,0.0,99.04,6.29
2020-01-27 09:00:00,17.44,49.84,1.68,118.1,0.0,99.07,6.89
2020-01-27 10:00:00,21.64,37.71,2.02,140.4,0.0,99.06,6.63
2020-01-27 11:00:00,23.17,33.33,2.46,153.2,0.0,98.97,6.19
2020-01-27 12:00:00,23.74,31.35,3.48,157.6,0.0,98.85,5.82
2020-01-27 13:00:00,23.7,30.69,4.67,157.9,0.01,98.72,5.48
2020-01-27 14:00:00,22.91,32.62,5.03,160.0,0.05,98.65,5.66
2020-01-27 15:00:00,21.19,40.79,3.53,160.6,0.08,98.65,7.36
2020-01-27 16:00:00,18.74,55.26,2.04,139.4,0.05,98.66,9.62
2020-01-27 17:00:00,16.86,59.85,2.48,106.9,0.04,98.68,9.04
2020-01-27 18:00:00,16.22,61.68,2.82,85.9,0.05,98.72,8.88
2020-01-27 19:00:00,15.83,63.45,3.24,71.1,0.04,98.78,8.93
2020-01-27 20:00:00,15.45,65.04,3.94,64.1,0.01,98.83,8.93
2020-01-27 21:00:00,14.98,66.67,4.25,64.8,0.02,98.83,8.86
2020-01-27 22:00:00,14.49,68.32,4.57,69.4,0.05,98.81,8.75
2020-01-27 23:00:00,13.85,70.19,4.52,74.9,0.04,98.76,8.54
2020-01-28 00:00:00,13.26,71.55,4.6,80.5,0.04,98.71,8.25
2020-01-28 01:00:00,12.63,73.87,4.56,84.7,0.13,98.63,8.12
2020-01-28 02:00:00,12.05,77.36,3.86,86.7,0.33,98.57,8.24
2020-01-28 03:00:00,11.6,81.17,3.06,87.0,0.46,98.54,8.52
2020-01-28 04:00:00,11.19,85.07,2.4,86.2,0.26,98.56,8.8
2020-01-28 05:00:00,10.87,88.17,2.23,87.2,0.16,98.62,9.01
2020-01-28 06:00:00,10.68,89.98,2.44,89.5,0.3,98.72,9.13
2020-01-28 07:00:00,10.98,88.75,3.14,96.8,0.43,98.79,9.23
2020-01-28 08:00:00,11.8,85.14,3.39,105.2,0.56,98.86,9.41
2020-01-28 09:00:00,12.88,77.86,3.65,110.0,0.35,98.92,9.13
2020-01-28 10:00:00,13.81,73.76,4.13,107.9,0.54,98.89,9.24
2020-01-28 11:00:00,15.2,67.91,4.82,109.0,0.72,98.81,9.34
2020-01-28 12:00:00,16.88,61.02,5.25,116.4,0.63,98.71,9.35
2020-01-28 13:00:00,18.19,56.8,4.82,127.3,0.25,98.63,9.52
2020-01-28 14:00:00,18.88,56.16,3.67,137.9,0.1,98.56,9.99
2020-01-28 15:00:00,18.75,59.73,2.2,146.9,0.05,98.54,10.79
2020-01-28 16:00:00,17.69,67.1,0.94,130.3,0.05,98.56,11.51
2020-01-28 17:00:00,16.71,65.51,0.98,75.8,0.06,98.63,10.25
2020-01-28 18:00:00,15.48,70.77,1.49,58.8,0.08,98.74,10.22
2020-01-28 19:00:00,14.73,74.99,1.88,56.5,0.09,98.84,10.37
2020-01-28 20:00:00,14.42,77.61,1.86,62.9,0.1,98.9,10.59
2020-01-28 21:00:00,14.32,78.72,1.59,68.6,0.1,98.94,10.7
2020-01-28 22:00:00,14.25,79.77,1.08,67.7,0.09,98.95,10.83
2020-01-28 23:00:00,14.2,80.51,0.63,31.4,0.09,98.94,10.93
2020-01-29 00:00:00,13.29,85.11,0.95,340.2,0.1,98.94,10.88
2020-01-29 01:00:00,12.03,90.54,1.58,330.8,0.09,98.94,10.56
2020-01-29 02:00:00,10.86,95.3,1.96,334.3,0.08,98.95,10.16
2020-01-29 03:00:00,10.07,98.57,2.09,343.0,0.07,98.98,9.87
2020-01-29 04:00:00,9.55,100.0,2.04,356.6,0.05,99.03,9.72
2020-01-29 05:00:00,9.35,100.0,1.87,14.0,0.03,99.1,9.76
2020-01-29 06:00:00,9.5,100.0,1.59,33.2,0.01,99.2,9.9
2020-01-29 07:00:00,11.66,96.33,1.35,57.1,0.01,99.29,11.12
2020-01-29 08:00:00,14.24,85.02,1.35,56.2,0.09,99.36,11.79
2020-01-29 09:00:00,16.95,64.54,1.71,13.2,0.3,99.41,10.24
2020-01-29 10:00:00,18.92,49.26,1.73,347.3,0.19,99.41,8.08
2020-01-29 11:00:00,20.15,41.18,1.77,323.7,0.11,99.35,6.59
2020-01-29 12:00:00,20.94,36.76,2.0,310.9,0.07,99.27,5.64
2020-01-29 13:00:00,21.26,34.02,2.29,309.5,0.03,99.2,4.82
2020-01-29 14:00:00,21.1,32.88,2.58,309.5,0.01,99.17,4.18
2020-01-29 15:00:00,20.25,33.32,2.84,311.0,0.0,99.18,3.64
2020-01-29 16:00:00,17.25,49.79,2.16,314.6,0.0,99.22,6.64
2020-01-29 17:00:00,13.58,57.15,2.84,320.7,0.0,99.29,5.29
2020-01-29 18:00:00,12.44,59.54,3.05,329.2,0.0,99.37,4.82
2020-01-29 19:00:00,11.57,62.05,3.1,337.2,0.0,99.43,4.59
2020-01-29 20:00:00,10.82,64.5,3.14,343.0,0.0,99.47,4.44
2020-01-29 21:00:00,10.17,67.37,3.17,346.7,0.0,99.48,4.43
2020-01-29 22:00:00,9.56,70.45,3.18,348.2,0.0,99.48,4.49
2020-01-29 23:00:00,8.96,73.76,3.16,347.6,0.0,99.46,4.56
2020-01-30 00:00:00,8.4,77.04,3.14,345.4,0.0,99.45,4.65
2020-01-30 01:00:00,7.9,80.59,3.15,343.6,0.0,99.44,4.78
2020-01-30 02:00:00,7.37,84.45,3.08,343.0,0.0,99.4,4.95
2020-01-30 03:00:00,6.81,88.85,2.98,343.4,0.0,99.36,5.13
2020-01-30 04:00:00,6.29,93.09,2.91,341.6,0.0,99.36,5.28
2020-01-30 05:00:00,5.81,96.96,2.86,335.6,0.0,99.4,5.39
2020-01-30 06:00:00,5.61,98.72,2.79,327.3,0.0,99.46,5.46
2020-01-30 07:00:00,8.51,81.81,3.87,318.0,0.0,99.52,5.61
2020-01-30 08:00:00,11.44,69.03,3.19,301.4,0.0,99.58,5.99
2020-01-30 09:00:00,16.25,46.04,5.1,310.9,0.0,99.62,4.65
2020-01-30 10:00:00,18.62,36.81,5.88,311.7,0.0,99.6,3.62
2020-01-30 11:00:00,19.72,33.44,5.95,310.1,0.0,99.51,3.23
2020-01-30 12:00:00,20.39,31.18,5.98,309.7,0.0,99.4,2.82
2020-01-30 13:00:00,20.62,29.67,5.88,310.8,0.0,99.29,2.31
2020-01-30 14:00:00,20.3,29.31,5.68,311.6,0.0,99.23,1.86
2020-01-30 15:00:00,19.28,30.79,5.37,311.8,0.0,99.22,1.68
2020-01-30 16:00:00,16.51,40.63,3.44,311.7,0.0,99.22,3.1
2020-01-30 17:00:00,12.47,53.0,3.22,312.6,0.0,99.25,3.19
2020-01-30 18:00:00,11.32,56.02,3.27,315.5,0.0,99.3,2.9
2020-01-30 19:00:00,10.41,58.67,3.25,318.6,0.0,99.35,2.68
2020-01-30 20:00:00,9.58,61.1,3.25,321.1,0.0,99.36,2.46
2020-01-30 21:00:00,8.85,63.47,3.23,322.9,0.0,99.33,2.31
2020-01-30 22:00:00,8.16,66.33,3.2,325.2,0.0,99.29,2.29
2020-01-30 23:00:00,7.52,69.56,3.16,328.1,0.0,99.25,2.34
2020-01-31 00:00:00,6.93,73.04,3.11,331.4,0.0,99.2,2.46
2020-01-31 01:00:00,6.38,76.97,3.05,333.1,0.0,99.14,2.65
2020-01-31 02:00:00,5.93,80.72,3.05,330.1,0.0,99.1,2.89
2020-01-31 03:00:00,5.5,84.55,3.02,326.2,0.0,99.07,3.12
2020-01-31 04:00:00,5.08,88.14,2.99,322.2,0.0,99.07,3.3
2020-01-31 05:00:00,4.68,91.41,2.94,317.2,0.0,99.1,3.43
2020-01-31 06:00:00,4.54,92.93,2.84,312.0,0.0,99.17,3.5
2020-01-31 07:00:00,7.82,74.88,3.42,308.2,0.0,99.23,3.67
2020-01-31 08:00:00,10.67,63.79,2.65,301.9,0.0,99.28,4.11
2020-01-31 09:00:00,15.27,45.95,3.32,298.2,0.0,99.33,3.72
2020-01-31 10:00:00,18.13,35.34,4.34,293.1,0.0,99.32,2.6
2020-01-31 11:00:00,19.26,32.33,4.21,288.4,0.0,99.23,2.34
2020-01-31 12:00:00,20.03,30.24,4.15,285.2,0.0,99.12,2.06
2020-01-31 13:00:00,20.38,28.91,4.01,284.6,0.0,99.03,1.74
2020-01-31 14:00:00,20.14,28.72,3.79,286.6,0.0,98.98,1.45
2020-01-31 15:00:00,19.14,30.41,3.35,289.4,0.0,98.97,1.38
2020-01-31 16:00:00,16.11,46.76,1.97,300.9,0.0,98.98,4.68
2020-01-31 17:00:00,13.31,49.22,2.09,321.8,0.0,99.03,2.91
2020-01-31 18:00:00,12.22,51.68,2.13,339.3,0.0,99.1,2.59
2020-01-31 19:00:00,11.4,53.65,2.09,349.8,0.0,99.17,2.37
2020-01-31 20:00:00,10.9,54.4,1.99,352.8,0.0,99.22,2.1
2020-01-31 21:00:00,10.49,55.66,1.89,351.5,0.0,99.22,2.03
2020-01-31 22:00:00,10.01,57.47,1.86,352.0,0.0,99.22,2.02
2020-01-31 23:00:00,9.49,59.37,1.84,351.9,0.0,99.2,2.01
2020-02-01 00:00:00,9.06,61.1,1.76,350.5,0.0,99.18,2.0
2020-02-01 01:00:00,8.71,62.68,1.65,343.1,0.0,99.15,2.01
2020-02-01 02:00:00,8.2,64.88,1.45,335.2,0.0,99.13,2.01
2020-02-01 03:00:00,7.68,67.22,1.25,326.1,0.0,99.13,2.02
2020-02-01 04:00:00,7.38,68.64,1.16,309.7,0.0,99.17,2.01
2020-02-01 05:00:00,7.05,69.95,1.14,289.4,0.0,99.25,1.97
2020-02-01 06:00:00,6.66,71.6,1.26,270.9,0.0,99.36,1.91
2020-02-01 07:00:00,8.59,64.82,1.42,259.5,0.0,99.46,2.35
2020-02-01 08:00:00,11.21,54.78,1.49,254.0,0.0,99.55,2.46
2020-02-01 09:00:00,15.69,40.75,1.57,270.7,0.0,99.61,2.41
2020-02-01 10:00:00,18.53,34.04,1.98,297.7,0.0,99.61,2.43
2020-02-01 11:00:00,19.74,31.75,2.27,303.5,0.0,99.55,2.51
2020-02-01 12:00:00,20.47,30.07,2.64,302.0,0.0,99.49,2.38
2020-02-01 13:00:00,20.73,29.06,3.12,302.2,0.0,99.45,2.13
2020-02-01 14:00:00,20.44,28.98,3.4,305.0,0.0,99.42,1.82
2020-02-01 15:00:00,19.54,30.43,3.46,310.0,0.0,99.41,1.72
2020-02-01 16:00:00,16.39,45.71,2.37,321.0,0.0,99.43,4.65
2020-02-01 17:00:00,12.87,52.92,2.88,337.1,0.0,99.47,3.52
2020-02-01 18:00:00,11.72,55.28,3.11,349.3,0.0,99.56,3.09
2020-02-01 19:00:00,10.85,57.63,3.19,356.2,0.0,99.64,2.85
2020-02-01 20:00:00,10.04,59.82,3.17,358.2,0.0,99.68,2.63
2020-02-01 21:00:00,9.3,61.92,3.13,357.6,0.0,99.69,2.4
2020-02-01 22:00:00,8.6,64.33,3.11,356.5,0.0,99.65,2.26
2020-02-01 23:00:00,7.92,67.04,3.08,354.6,0.0,99.6,2.2
2020-02-02 00:00:00,7.27,69.9,3.02,350.7,0.0,99.57,2.17
2020-02-02 01:00:00,6.64,72.97,2.97,344.6,0.0,99.53,2.18
2020-02-02 02:00:00,6.05,76.15,2.96,337.9,0.0,99.51,2.2
2020-02-02 03:00:00,5.52,79.17,2.97,332.9,0.0,99.5,2.21
2020-02-02 04:00:00,5.05,81.81,2.98,329.8,0.0,99.51,2.23
2020-02-02 05:00:00,4.58,84.58,2.98,328.9,0.0,99.56,2.24
2020-02-02 06:00:00,4.35,86.21,2.93,326.1,0.0,99.63,2.28
2020-02-02 07:00:00,7.29,71.15,4.03,321.3,0.0,99.7,2.44
2020-02-02 08:00:00,10.1,60.92,3.4,310.9,0.0,99.76,2.92
2020-02-02 09:00:00,14.62,44.69,4.7,314.1,0.0,99.79,2.73
2020-02-02 10:00:00,17.38,35.36,5.42,317.5,0.0,99.75,1.94
2020-02-02 11:00:00,19.05,31.53,5.06,318.1,0.0,99.68,1.81
2020-02-02 12:00:00,20.29,28.96,4.61,317.6,0.0,99.56,1.69
2020-02-02 13:00:00,20.96,27.56,4.07,313.7,0.0,99.45,1.57
2020-02-02 14:00:00,20.86,27.53,4.09,308.0,0.0,99.41,1.47
2020-02-02 15:00:00,19.91,29.87,3.95,301.6,0.0,99.41,1.78
2020-02-02 16:00:00,16.55,44.91,2.6,298.4,0.0,99.42,4.55
2020-02-02 17:00:00,12.52,54.79,3.09,299.1,0.0,99.46,3.71
2020-02-02 18:00:00,11.33,58.49,3.2,306.5,0.0,99.53,3.52
2020-02-02 19:00:00,10.48,62.58,3.24,316.8,0.0,99.63,3.68
2020-02-02 20:00:00,9.66,67.87,3.2,325.8,0.0,99.69,4.03
2020-02-02 21:00:00,8.91,72.38,3.16,332.3,0.0,99.7,4.25
2020-02-02 22:00:00,8.18,76.49,3.06,334.7,0.0,99.7,4.31
2020-02-02 23:00:00,7.47,79.94,2.97,337.8,0.0,99.65,4.26
2020-02-03 00:00:00,6.86,83.0,2.84,338.0,0.0,99.62,4.19
2020-02-03 01:00:00,6.33,85.56,2.75,335.8,0.0,99.58,4.12
2020-02-03 02:00:00,5.92,87.47,2.63,330.6,0.0,99.55,4.03
2020-02-03 03:00:00,5.56,88.91,2.47,329.6,0.0,99.46,3.92
2020-02-03 04:00:00,5.14,91.18,2.43,322.7,0.0,99.46,3.84
2020-02-03 05:00:00,4.48,95.19,2.55,317.5,0.0,99.54,3.79
2020-02-03 06:00:00,4.31,95.97,2.4,317.5,0.0,99.57,3.74
2020-02-03 07:00:00,7.38,78.09,2.35,309.3,0.0,99.63,3.84
2020-02-03 08:00:00,10.3,65.16,2.35,294.9,0.0,99.7,4.07
2020-02-03 09:00:00,14.88,46.37,2.87,299.2,0.0,99.73,3.5
2020-02-03 10:00:00,17.93,33.44,3.53,300.9,0.0,99.71,1.66
2020-02-03 11:00:00,19.43,28.86,3.34,292.5,0.0,99.6,0.89
2020-02-03 12:00:00,20.47,26.1,3.18,287.8,0.0,99.47,0.39
2020-02-03 13:00:00,21.06,24.44,3.0,285.1,0.0,99.36,0.0
2020-02-03 14:00:00,20.91,23.81,2.76,286.0,0.0,99.28,-0.47
2020-02-03 15:00:00,19.97,25.84,2.3,289.3,0.0,99.25,-0.18
2020-02-03 16:00:00,17.19,39.49,1.51,291.0,0.0,99.24,3.24
2020-02-03 17:00:00,14.84,37.63,1.46,299.5,0.0,99.28,0.54
2020-02-03 18:00:00,13.9,38.72,1.4,322.6,0.0,99.35,0.09
2020-02-03 19:00:00,12.96,40.76,1.52,348.2,0.0,99.4,-0.03
2020-02-03 20:00:00,11.97,43.28,1.92,8.4,0.0,99.42,-0.11
2020-02-03 21:00:00,10.62,47.34,2.27,22.0,0.0,99.42,-0.11
2020-02-03 22:00:00,9.31,51.68,2.55,34.3,0.0,99.42,-0.11
2020-02-03 23:00:00,8.17,55.95,2.76,42.4,0.0,99.39,-0.08
2020-02-04 00:00:00,7.27,59.64,2.88,49.8,0.0,99.37,-0.04
2020-02-04 01:00:00,6.57,63.37,2.91,55.5,0.0,99.32,0.14
2020-02-04 02:00:00,5.99,66.95,2.86,56.3,0.0,99.28,0.35
2020-02-04 03:00:00,5.48,70.21,2.78,59.3,0.0,99.24,0.5
2020-02-04 04:00:00,5.08,72.73,2.67,65.4,0.0,99.24,0.62
2020-02-04 05:00:00,4.84,74.37,2.52,75.7,0.0,99.28,0.71
2020-02-04 06:00:00,4.83,74.64,2.34,92.4,0.0,99.34,0.72
2020-02-04 07:00:00,7.87,62.64,2.29,112.1,0.0,99.39,1.2
2020-02-04 08:00:00,10.71,52.25,2.23,126.0,0.0,99.44,1.35
2020-02-04 09:00:00,15.23,38.61,2.5,139.5,0.0,99.47,1.25
2020-02-04 10:00:00,18.61,30.18,2.63,146.3,0.0,99.45,0.83
2020-02-04 11:00:00,20.01,28.25,2.07,144.6,0.0,99.37,1.12
2020-02-04 12:00:00,20.91,27.02,1.56,145.7,0.0,99.26,1.27
2020-02-04 13:00:00,21.29,26.56,0.98,159.2,0.0,99.18,1.35
2020-02-04 14:00:00,21.17,26.81,0.5,202.4,0.0,99.13,1.38
2020-02-04 15:00:00,20.51,28.64,0.54,275.3,0.0,99.13,1.73
2020-02-04 16:00:00,18.91,35.92,0.65,327.5,0.0,99.17,3.42
2020-02-04 17:00:00,16.79,36.84,1.1,6.3,0.0,99.22,1.99
2020-02-04 18:00:00,15.09,41.85,1.7,24.6,0.0,99.31,2.27
2020-02-04 19:00:00,13.56,46.34,2.27,31.9,0.0,99.37,2.3
2020-02-04 20:00:00,11.94,51.33,2.76,33.9,0.0,99.41,2.25
2020-02-04 21:00:00,10.78,54.95,3.1,31.9,0.0,99.43,2.11
2020-02-04 22:00:00,9.97,57.49,3.24,27.4,0.0,99.43,1.99
2020-02-04 23:00:00,9.28,59.54,3.22,21.5,0.0,99.43,1.84
2020-02-05 00:00:00,8.61,61.58,3.18,15.9,0.0,99.42,1.69
2020-02-05 01:00:00,7.99,63.61,3.18,10.9,0.0,99.38,1.54
2020-02-05 02:00:00,7.31,66.14,3.03,5.5,0.0,99.34,1.43
2020-02-05 03:00:00,6.61,68.88,2.86,359.0,0.0,99.31,1.34
2020-02-05 04:00:00,6.02,71.06,2.75,353.1,0.0,99.3,1.2
2020-02-05 05:00:00,5.57,72.44,2.67,347.7,0.0,99.3,1.05
2020-02-05 06:00:00,5.49,72.52,2.49,336.6,0.0,99.34,0.96
2020-02-05 07:00:00,8.65,59.98,2.7,317.3,0.0,99.41,1.36
2020-02-05 08:00:00,11.37,51.44,2.56,302.4,0.0,99.47,1.76
2020-02-05 09:00:00,15.9,38.66,2.92,308.6,0.0,99.48,1.88
2020-02-05 10:00:00,19.12,31.54,3.66,308.8,0.0,99.45,1.88
2020-02-05 11:00:00,20.57,30.11,3.8,299.7,0.0,99.38,2.49
2020-02-05 12:00:00,21.41,29.31,4.11,293.2,0.0,99.27,2.84
2020-02-05 13:00:00,21.7,28.29,4.36,291.4,0.0,99.19,2.59
2020-02-05 14:00:00,21.34,28.03,4.67,291.5,0.0,99.16,2.15
2020-02-05 15:00:00,20.32,29.31,4.84,293.0,0.0,99.14,1.9
2020-02-05 16:00:00,17.51,39.21,3.26,298.8,0.0,99.15,3.49
2020-02-05 17:00:00,13.53,50.02,3.27,309.8,0.0,99.17,3.35
2020-02-05 18:00:00,12.78,51.27,3.39,318.6,0.0,99.23,3.0
2020-02-05 19:00:00,12.35,52.22,3.43,325.6,0.0,99.28,2.86
2020-02-05 20:00:00,11.6,54.18,3.45,330.7,0.0,99.3,2.69
2020-02-05 21:00:00,10.23,58.08,3.45,335.9,0.0,99.32,2.39
2020-02-05 22:00:00,9.33,60.88,3.42,339.8,0.0,99.29,2.19
2020-02-05 23:00:00,8.48,63.74,3.29,342.0,0.0,99.26,2.04
2020-02-06 00:00:00,7.68,67.0,3.14,342.0,0.0,99.25,1.95
2020-02-06 01:00:00,6.97,69.98,3.04,340.8,0.0,99.2,1.88
2020-02-06 02:00:00,6.27,73.07,2.89,337.4,0.0,99.15,1.83
2020-02-06 03:00:00,5.64,76.13,2.8,332.2,0.0,99.12,1.78
2020-02-06 04:00:00,5.16,78.53,2.73,326.2,0.0,99.12,1.76
2020-02-06 05:00:00,4.82,80.46,2.61,318.6,0.0,99.17,1.76
2020-02-06 06:00:00,4.89,80.12,2.43,309.0,0.0,99.24,1.78
2020-02-06 07:00:00,8.39,64.6,2.46,297.6,0.0,99.32,2.13
2020-02-06 08:00:00,11.27,55.07,2.01,288.5,0.0,99.38,2.61
2020-02-06 09:00:00,15.66,42.45,2.19,297.5,0.0,99.42,2.96
2020-02-06 10:00:00,18.1,35.44,2.66,294.2,0.0,99.41,2.63
2020-02-06 11:00:00,19.27,32.49,2.63,284.5,0.0,99.34,2.42
2020-02-06 12:00:00,20.0,30.61,2.44,280.2,0.0,99.24,2.21
2020-02-06 13:00:00,20.32,29.58,2.22,283.5,0.0,99.16,2.02
2020-02-06 14:00:00,20.18,29.49,2.03,289.0,0.0,99.12,1.87
2020-02-06 15:00:00,19.52,30.23,1.73,296.4,0.0,99.11,1.62
2020-02-06 16:00:00,17.4,42.19,1.13,322.2,0.0,99.12,4.31
2020-02-06 17:00:00,15.0,43.34,1.54,358.5,0.0,99.17,2.63
2020-02-06 18:00:00,13.45,47.54,2.0,15.1,0.0,99.25,2.54
2020-02-06 19:00:00,12.28,50.59,2.27,26.5,0.0,99.32,2.35
2020-02-06 20:00:00,11.16,53.78,2.54,32.9,0.0,99.37,2.16
2020-02-06 21:00:00,10.1,57.09,2.83,34.5,0.0,99.39,2.0
2020-02-06 22:00:00,9.25,60.04,3.08,32.7,0.0,99.39,1.92
2020-02-06 23:00:00,8.61,62.83,3.25,30.9,0.0,99.38,1.95
2020-02-07 00:00:00,8.11,65.29,3.32,31.6,0.0,99.38,2.01
2020-02-07 01:00:00,7.63,67.76,3.3,33.6,0.0,99.36,2.08
2020-02-07 02:00:00,7.09,70.45,3.19,34.1,0.0,99.34,2.11
2020-02-07 03:00:00,6.54,73.16,2.96,33.4,0.0,99.33,2.1
2020-02-07 04:00:00,6.36,73.93,2.6,34.4,0.0,99.35,2.07
2020-02-07 05:00:00,6.81,71.38,2.08,39.3,0.0,99.4,2.01
2020-02-07 06:00:00,7.63,67.07,1.4,48.8,0.0,99.47,1.94
2020-02-07 07:00:00,9.92,60.49,0.64,67.0,0.0,99.56,2.65
2020-02-07 08:00:00,12.35,51.62,0.11,116.6,0.0,99.63,2.71
2020-02-07 09:00:00,16.63,37.9,0.82,287.1,0.0,99.68,2.24
2020-02-07 10:00:00,19.52,28.79,2.34,300.5,0.0,99.68,0.94
2020-02-07 11:00:00,20.48,26.98,3.03,306.3,0.0,99.61,0.87
2020-02-07 12:00:00,20.95,26.12,3.6,311.6,0.0,99.51,0.83
2020-02-07 13:00:00,20.96,26.15,4.08,317.7,0.0,99.43,0.84
2020-02-07 14:00:00,20.56,26.33,4.41,322.3,0.0,99.38,0.62
2020-02-07 15:00:00,19.53,28.27,4.53,326.2,0.0,99.37,0.71
2020-02-07 16:00:00,16.78,38.68,3.07,331.4,0.0,99.41,2.65
2020-02-07 17:00:00,12.77,50.24,3.15,337.4,0.0,99.47,2.71
2020-02-07 18:00:00,11.56,52.82,3.21,339.6,0.0,99.55,2.29
2020-02-07 19:00:00,10.6,55.34,3.17,339.3,0.0,99.62,2.05
2020-02-07 20:00:00,9.79,57.27,3.18,339.6,0.0,99.66,1.78
2020-02-07 21:00:00,9.09,59.07,3.18,341.1,0.0,99.67,1.55
2020-02-07 22:00:00,8.39,61.06,3.14,341.8,0.0,99.65,1.34
2020-02-07 23:00:00,7.69,63.56,3.07,341.4,0.0,99.61,1.25
2020-02-08 00:00:00,7.01,66.72,3.0,340.5,0.0,99.57,1.28
2020-02-08 01:00:00,6.37,70.03,2.95,338.7,0.0,99.54,1.34
2020-02-08 02:00:00,5.77,73.66,2.9,335.6,0.0,99.5,1.45
2020-02-08 03:00:00,5.23,77.19,2.89,331.9,0.0,99.5,1.59
2020-02-08 04:00:00,4.77,80.47,2.88,329.1,0.0,99.52,1.72
2020-02-08 05:00:00,4.36,83.44,2.87,327.4,0.0,99.59,1.84
2020-02-08 06:00:00,4.34,84.38,2.77,324.5,0.0,99.66,1.95
2020-02-08 07:00:00,7.75,67.76,3.5,318.0,0.0,99.73,2.19
2020-02-08 08:00:00,10.67,57.67,2.98,306.4,0.0,99.8,2.69
2020-02-08 09:00:00,15.4,42.89,3.37,309.6,0.0,99.84,2.86
2020-02-08 10:00:00,18.72,32.61,3.92,314.7,0.0,99.85,1.98
2020-02-08 11:00:00,20.28,28.78,4.07,313.9,0.0,99.8,1.59
2020-02-08 12:00:00,21.27,26.61,4.39,315.6,0.0,99.7,1.35
2020-02-08 13:00:00,21.72,25.37,4.71,319.0,0.0,99.61,1.08
2020-02-08 14:00:00,21.49,25.65,4.65,323.0,0.0,99.56,1.02
2020-02-08 15:00:00,20.57,27.86,4.17,326.0,0.0,99.54,1.4
2020-02-08 16:00:00,17.35,42.75,2.53,326.1,0.0,99.56,4.55
2020-02-08 17:00:00,13.37,51.9,2.91,325.9,0.0,99.6,3.72
2020-02-08 18:00:00,12.12,55.14,3.02,328.0,0.0,99.68,3.41
2020-02-08 19:00:00,11.18,58.49,3.09,328.4,0.0,99.77,3.37
2020-02-08 20:00:00,10.33,62.57,3.23,327.8,0.0,99.82,3.52
2020-02-08 21:00:00,9.63,66.5,3.28,331.8,0.0,99.82,3.71
2020-02-08 22:00:00,8.88,69.5,3.2,341.1,0.0,99.77,3.64
2020-02-08 23:00:00,8.06,72.84,3.09,348.4,0.0,99.71,3.52
2020-02-09 00:00:00,7.3,76.36,2.97,349.3,0.0,99.65,3.43
2020-02-09 01:00:00,6.66,79.11,2.88,344.7,0.0,99.62,3.32
2020-02-09 02:00:00,6.09,81.26,2.82,339.0,0.0,99.61,3.14
2020-02-09 03:00:00,5.58,82.96,2.79,334.1,0.0,99.62,2.93
2020-02-09 04:00:00,5.1,84.73,2.8,329.9,0.0,99.66,2.76
2020-02-09 05:00:00,4.68,86.38,2.75,327.0,0.0,99.73,2.61
2020-02-09 06:00:00,4.7,85.58,2.57,322.9,0.0,99.81,2.52
2020-02-09 07:00:00,8.33,67.41,2.55,316.0,0.0,99.87,2.66
2020-02-09 08:00:00,11.31,56.65,2.01,301.6,0.0,99.92,3.04
2020-02-09 09:00:00,16.06,42.21,2.19,300.2,0.0,99.95,3.24
2020-02-09 10:00:00,19.82,30.76,2.73,310.4,0.0,99.95,2.11
2020-02-09 11:00:00,21.42,26.91,2.6,307.4,0.0,99.87,1.64
2020-02-09 12:00:00,22.46,24.58,2.71,307.0,0.0,99.77,1.25
2020-02-09 13:00:00,22.97,23.13,2.96,310.6,0.0,99.68,0.85
2020-02-09 14:00:00,22.74,22.58,3.27,314.8,0.0,99.63,0.31
2020-02-09 15:00:00,21.84,24.39,3.18,317.7,0.0,99.6,0.62
2020-02-09 16:00:00,18.21,41.42,2.34,321.1,0.0,99.61,4.85
2020-02-09 17:00:00,14.52,45.59,2.84,325.5,0.0,99.64,2.95
2020-02-09 18:00:00,13.27,47.27,2.93,330.4,0.0,99.69,2.3
2020-02-09 19:00:00,12.46,48.43,2.89,334.8,0.0,99.72,1.91
2020-02-09 20:00:00,11.85,48.93,2.74,339.1,0.0,99.72,1.49
2020-02-09 21:00:00,11.11,50.28,2.68,342.4,0.0,99.69,1.17
2020-02-09 22:00:00,10.19,52.8,2.72,344.2,0.0,99.65,1.01
2020-02-09 23:00:00,9.3,55.75,2.76,344.5,0.0,99.6,0.95
2020-02-10 00:00:00,8.63,58.73,2.74,343.2,0.0,99.55,1.02
2020-02-10 01:00:00,7.97,61.53,2.65,340.4,0.0,99.48,1.07
2020-02-10 02:00:00,7.17,65.58,2.67,336.1,0.0,99.43,1.18
2020-02-10 03:00:00,6.5,69.47,2.71,331.8,0.0,99.39,1.34
2020-02-10 04:00:00,5.96,72.97,2.74,326.6,0.0,99.4,1.52
2020-02-10 05:00:00,5.57,75.88,2.76,319.1,0.0,99.45,1.68
2020-02-10 06:00:00,5.59,76.35,2.77,310.8,0.0,99.52,1.79
2020-02-10 07:00:00,9.47,60.63,3.12,304.1,0.0,99.6,2.26
2020-02-10 08:00:00,12.42,51.4,2.77,295.0,0.0,99.66,2.7
2020-02-10 09:00:00,16.75,39.87,2.69,290.7,0.0,99.69,3.05
2020-02-10 10:00:00,20.15,30.33,3.49,294.2,0.0,99.69,2.22
2020-02-10 11:00:00,21.49,27.29,3.53,288.2,0.0,99.64,1.91
2020-02-10 12:00:00,22.29,25.61,3.37,285.6,0.0,99.55,1.7
2020-02-10 13:00:00,22.59,24.72,2.95,285.7,0.0,99.45,1.45
2020-02-10 14:00:00,22.34,24.55,2.47,286.7,0.0,99.39,1.14
2020-02-10 15:00:00,21.46,25.96,2.11,288.8,0.0,99.37,1.16
2020-02-10 16:00:00,18.71,40.5,1.55,301.0,0.0,99.38,4.89
2020-02-10 17:00:00,16.01,40.46,1.81,320.2,0.0,99.42,2.57
2020-02-10 18:00:00,14.45,43.79,2.08,334.4,0.0,99.49,2.27
2020-02-10 19:00:00,13.06,47.44,2.32,342.0,0.0,99.56,2.13
2020-02-10 20:00:00,12.11,49.6,2.41,346.1,0.0,99.58,1.92
2020-02-10 21:00:00,11.61,50.45,2.34,349.4,0.0,99.57,1.7
2020-02-10 22:00:00,11.24,50.85,2.23,352.3,0.0,99.55,1.47
2020-02-10 23:00:00,10.91,51.35,2.11,355.1,0.0,99.52,1.31
2020-02-11 00:00:00,10.57,52.77,1.99,355.1,0.0,99.5,1.34
2020-02-11 01:00:00,10.35,53.65,1.78,356.5,0.0,99.44,1.4
2020-02-11 02:00:00,9.67,56.37,1.56,359.3,0.0,99.37,1.45
2020-02-11 03:00:00,9.22,58.49,1.38,355.0,0.0,99.33,1.52
2020-02-11 04:00:00,8.67,61.0,1.31,340.9,0.0,99.34,1.59
2020-02-11 05:00:00,7.85,64.68,1.43,324.1,0.0,99.41,1.64
2020-02-11 06:00:00,7.62,65.92,1.65,308.1,0.0,99.5,1.7
2020-02-11 07:00:00,9.63,60.51,1.87,296.7,0.0,99.6,2.4
2020-02-11 08:00:00,12.31,51.13,1.85,288.6,0.0,99.7,2.51
2020-02-11 09:00:00,16.8,38.93,2.04,280.4,0.0,99.75,2.78
2020-02-11 10:00:00,19.79,32.2,2.52,283.5,0.0,99.75,2.74
2020-02-11 11:00:00,21.36,29.53,2.78,286.3,0.0,99.69,2.88
2020-02-11 12:00:00,22.45,27.54,2.77,291.6,0.0,99.58,2.84
2020-02-11 13:00:00,23.09,26.35,2.61,298.3,0.0,99.47,2.77
2020-02-11 14:00:00,23.08,26.01,2.7,301.5,0.0,99.42,2.58
2020-02-11 15:00:00,22.3,27.8,2.82,302.6,0.0,99.4,2.84
2020-02-11 16:00:00,18.97,44.27,2.14,309.5,0.0,99.42,6.5
2020-02-11 17:00:00,15.61,47.52,2.54,321.2,0.0,99.44,4.5
2020-02-11 18:00:00,14.24,49.89,2.69,331.6,0.0,99.51,3.96
2020-02-11 19:00:00,13.09,52.86,2.88,336.9,0.0,99.59,3.72
2020-02-11 20:00:00,12.13,55.43,3.0,341.0,0.0,99.66,3.49
2020-02-11 21:00:00,11.37,57.35,2.99,345.1,0.0,99.68,3.27
2020-02-11 22:00:00,10.85,58.26,2.79,347.8,0.0,99.67,3.02
2020-02-11 23:00:00,10.47,59.36,2.57,345.4,0.0,99.64,2.9
2020-02-12 00:00:00,9.96,61.26,2.48,339.4,0.0,99.6,2.87
2020-02-12 01:00:00,9.28,64.1,2.47,332.5,0.0,99.55,2.87
2020-02-12 02:00:00,8.64,66.89,2.46,325.3,0.0,99.49,2.86
2020-02-12 03:00:00,8.11,69.32,2.46,317.0,0.0,99.46,2.85
2020-02-12 04:00:00,7.52,72.17,2.56,305.9,0.0,99.47,2.85
2020-02-12 05:00:00,7.02,74.56,2.75,296.4,0.0,99.51,2.83
2020-02-12 06:00:00,7.12,73.94,2.81,290.0,0.0,99.58,2.82
2020-02-12 07:00:00,10.79,58.84,3.66,284.6,0.0,99.64,3.1
2020-02-12 08:00:00,13.81,49.68,3.51,278.2,0.0,99.7,3.51
2020-02-12 09:00:00,18.54,37.04,4.01,283.4,0.0,99.72,3.62
2020-02-12 10:00:00,22.09,28.9,4.82,291.4,0.0,99.68,3.2
2020-02-12 11:00:00,23.99,25.57,4.95,291.4,0.0,99.59,3.12
2020-02-12 12:00:00,25.48,23.07,5.2,292.9,0.0,99.46,2.93
2020-02-12 13:00:00,26.37,21.68,5.45,295.9,0.0,99.34,2.78
2020-02-12 14:00:00,26.22,21.99,5.65,300.7,0.0,99.26,2.86
2020-02-12 15:00:00,25.08,24.57,5.39,304.2,0.0,99.22,3.47
2020-02-12 16:00:00,21.56,36.11,3.28,303.5,0.0,99.22,5.91
2020-02-12 17:00:00,17.35,45.81,3.42,301.7,0.0,99.24,5.58
2020-02-12 18:00:00,16.11,48.28,3.59,300.9,0.0,99.28,5.23
2020-02-12 19:00:00,15.33,50.96,3.72,300.1,0.0,99.33,5.27
2020-02-12 20:00:00,14.6,54.2,3.79,297.2,0.0,99.36,5.48
2020-02-12 21:00:00,14.02,57.08,3.92,294.1,0.0,99.38,5.68
2020-02-12 22:00:00,13.53,59.33,4.13,294.5,0.0,99.36,5.79
2020-02-12 23:00:00,13.06,61.27,4.33,296.7,0.0,99.34,5.81
2020-02-13 00:00:00,12.58,62.99,4.48,300.2,0.0,99.31,5.75
2020-02-13 01:00:00,12.09,65.01,4.52,303.9,0.0,99.25,5.74
2020-02-13 02:00:00,11.68,67.56,4.64,305.9,0.0,99.18,5.89
2020-02-13 03:00:00,11.38,70.53,4.8,305.5,0.0,99.15,6.24
2020-02-13 04:00:00,11.17,74.15,5.0,302.8,0.0,99.16,6.75
2020-02-13 05:00:00,10.95,77.81,4.97,299.2,0.0,99.2,7.25
2020-02-13 06:00:00,10.97,79.69,5.23,294.4,0.0,99.26,7.63
2020-02-13 07:00:00,12.91,71.87,5.63,287.1,0.0,99.33,7.98
2020-02-13 08:00:00,16.4,59.94,4.99,280.4,0.0,99.38,8.63
2020-02-13 09:00:00,21.15,47.18,5.77,289.2,0.0,99.38,9.49
2020-02-13 10:00:00,25.02,37.97,6.75,295.4,0.0,99.34,9.74
2020-02-13 11:00:00,27.78,30.37,7.2,297.0,0.0,99.23,8.83
2020-02-13 12:00:00,29.28,25.28,7.37,296.8,0.0,99.09,7.42
2020-02-13 13:00:00,29.71,23.68,7.54,296.1,0.0,98.96,6.82
2020-02-13 14:00:00,29.38,23.92,7.37,295.0,0.0,98.87,6.69
2020-02-13 15:00:00,28.21,26.25,6.77,293.5,0.0,98.83,7.06
2020-02-13 16:00:00,25.21,34.26,4.48,290.1,0.0,98.83,8.37
2020-02-13 17:00:00,20.43,46.39,3.76,287.2,0.0,98.9,8.58
2020-02-13 18:00:00,19.24,48.51,4.19,289.4,0.0,98.99,8.15
2020-02-13 19:00:00,18.39,50.08,4.53,293.7,0.0,99.07,7.84
2020-02-13 20:00:00,17.56,51.45,4.94,299.2,0.0,99.11,7.46
2020-02-13 21:00:00,16.67,53.1,5.1,304.2,0.0,99.12,7.11
2020-02-13 22:00:00,15.79,55.71,5.08,307.6,0.0,99.08,6.98
2020-02-13 23:00:00,15.02,58.68,5.11,308.1,0.0,99.02,7.02
2020-02-14 00:00:00,14.36,61.68,5.25,306.7,0.0,98.97,7.12
2020-02-14 01:00:00,13.79,64.56,5.42,305.2,0.0,98.89,7.25
2020-02-14 02:00:00,13.28,67.11,5.42,303.5,0.0,98.83,7.31
2020-02-14 03:00:00,12.86,68.53,5.5,301.2,0.0,98.79,7.25
2020-02-14 04:00:00,12.4,69.86,5.57,298.6,0.0,98.8,7.07
2020-02-14 05:00:00,11.88,71.31,5.68,295.6,0.0,98.84,6.88
2020-02-14 06:00:00,11.62,71.55,5.86,292.4,0.0,98.9,6.67
2020-02-14 07:00:00,13.38,63.26,6.22,288.0,0.0,98.95,6.58
2020-02-14 08:00:00,16.81,51.74,5.74,283.2,0.0,98.98,6.86
2020-02-14 09:00:00,21.67,37.0,7.99,300.2,0.0,99.0,6.38
2020-02-14 10:00:00,24.28,30.91,8.61,303.9,0.0,98.97,6.06
2020-02-14 11:00:00,25.62,28.32,8.61,303.5,0.0,98.9,5.98
2020-02-14 12:00:00,26.43,26.47,8.7,304.0,0.0,98.81,5.67
2020-02-14 13:00:00,26.74,25.25,8.65,304.7,0.0,98.73,5.26
2020-02-14 14:00:00,26.55,24.53,8.51,304.8,0.0,98.68,4.68
2020-02-14 15:00:00,25.62,24.67,8.17,304.7,0.0,98.68,3.99
2020-02-14 16:00:00,23.55,27.44,6.52,304.3,0.0,98.71,3.73
2020-02-14 17:00:00,19.26,36.27,4.7,304.0,0.0,98.75,3.96
2020-02-14 18:00:00,17.59,39.29,4.87,305.0,0.0,98.84,3.61
2020-02-14 19:00:00,16.42,41.41,4.97,305.6,0.0,98.91,3.31
2020-02-14 20:00:00,15.04,44.52,4.66,305.2,0.0,98.96,3.08
2020-02-14 21:00:00,13.27,49.53,3.95,302.2,0.0,98.97,2.96
2020-02-14 22:00:00,12.07,52.33,3.74,299.0,0.0,98.94,2.65
2020-02-14 23:00:00,11.16,54.24,3.71,297.3,0.0,98.9,2.29
2020-02-15 00:00:00,10.39,55.69,3.77,297.0,0.0,98.85,1.95
2020-02-15 01:00:00,9.73,57.0,3.94,297.1,0.0,98.79,1.63
2020-02-15 02:00:00,9.08,58.56,3.98,295.9,0.0,98.74,1.39
2020-02-15 03:00:00,8.5,60.18,4.06,293.8,0.0,98.72,1.22
2020-02-15 04:00:00,8.1,61.41,4.25,292.0,0.0,98.74,1.11
2020-02-15 05:00:00,7.71,62.8,4.29,290.5,0.0,98.79,1.06
2020-02-15 06:00:00,7.84,62.14,4.59,288.6,0.0,98.86,1.03
2020-02-15 07:00:00,10.27,53.28,5.05,284.4,0.0,98.94,1.18
2020-02-15 08:00:00,13.94,43.85,4.22,277.2,0.0,99.01,1.84
2020-02-15 09:00:00,19.11,31.36,5.47,290.3,0.0,99.05,1.74
2020-02-15 10:00:00,22.96,23.06,7.15,305.2,0.0,99.05,0.8
2020-02-15 11:00:00,24.82,20.7,6.79,307.5,0.0,98.98,0.86
2020-02-15 12:00:00,26.08,18.77,6.49,308.2,0.0,98.88,0.52
2020-02-15 13:00:00,26.79,17.04,6.31,308.6,0.0,98.79,-0.22
2020-02-15 14:00:00,26.86,15.94,6.19,308.3,0.0,98.74,-1.08
2020-02-15 15:00:00,26.09,16.21,5.7,306.9,0.0,98.74,-1.45
2020-02-15 16:00:00,22.41,26.27,3.38,303.4,0.0,98.77,2.06
2020-02-15 17:00:00,17.15,35.47,3.62,300.0,0.0,98.84,1.77
2020-02-15 18:00:00,15.46,37.12,3.71,298.3,0.0,98.94,0.91
2020-02-15 19:00:00,14.29,38.41,3.73,299.0,0.0,99.04,0.35
2020-02-15 20:00:00,13.22,39.85,3.7,302.2,0.0,99.1,-0.09
2020-02-15 21:00:00,12.23,41.75,3.61,304.7,0.0,99.13,-0.37
2020-02-15 22:00:00,11.32,43.63,3.54,307.2,0.0,99.14,-0.57
2020-02-15 23:00:00,10.5,45.58,3.49,310.9,0.0,99.13,-0.72
2020-02-16 00:00:00,9.75,47.78,3.45,315.0,0.0,99.11,-0.77
2020-02-16 01:00:00,9.08,50.52,3.38,316.7,0.0,99.07,-0.64
2020-02-16 02:00:00,8.46,53.81,3.3,315.0,0.0,99.03,-0.36
2020-02-16 03:00:00,7.9,57.37,3.23,310.7,0.0,99.02,0.01
2020-02-16 04:00:00,7.4,61.07,3.18,306.7,0.0,99.03,0.38
2020-02-16 05:00:00,6.95,64.28,3.15,302.9,0.0,99.08,0.66
2020-02-16 06:00:00,7.22,64.4,3.03,299.9,0.0,99.15,0.95
2020-02-16 07:00:00,11.1,50.45,4.16,297.5,0.0,99.25,1.2
2020-02-16 08:00:00,14.3,42.3,2.92,293.4,0.0,99.32,1.65
2020-02-16 09:00:00,19.05,31.58,2.52,300.0,0.0,99.38,1.78
2020-02-16 10:00:00,23.77,19.27,4.6,321.1,0.0,99.38,-1.04
2020-02-16 11:00:00,26.01,15.11,5.19,323.2,0.0,99.33,-2.46
2020-02-16 12:00:00,27.08,13.99,4.94,322.7,0.0,99.25,-2.6
2020-02-16 13:00:00,27.58,13.54,4.73,323.7,0.0,99.17,-2.66
2020-02-16 14:00:00,27.62,13.41,4.71,324.0,0.0,99.12,-2.74
2020-02-16 15:00:00,26.81,14.83,4.45,323.6,0.0,99.11,-2.06
2020-02-16 16:00:00,22.9,29.0,2.79,324.8,0.0,99.12,3.83
2020-02-16 17:00:00,18.03,35.81,3.28,326.5,0.0,99.17,2.69
2020-02-16 18:00:00,16.53,37.04,3.29,328.4,0.0,99.24,1.85
2020-02-16 19:00:00,15.6,38.17,3.18,330.5,0.0,99.31,1.43
2020-02-16 20:00:00,14.72,39.37,3.05,332.7,0.0,99.35,1.07
2020-02-16 21:00:00,13.81,40.76,2.93,335.6,0.0,99.37,0.75
2020-02-16 22:00:00,12.96,42.13,2.8,338.7,0.0,99.37,0.45
2020-02-16 23:00:00,12.22,43.44,2.64,341.9,0.0,99.35,0.17
2020-02-17 00:00:00,11.58,44.37,2.44,343.3,0.0,99.32,-0.14
2020-02-17 01:00:00,10.95,45.75,2.26,342.2,0.0,99.28,-0.29
2020-02-17 02:00:00,10.28,47.57,2.17,333.2,0.0,99.24,-0.37
2020-02-17 03:00:00,9.53,49.75,2.26,318.4,0.0,99.23,-0.42
2020-02-17 04:00:00,8.61,52.67,2.51,305.6,0.0,99.25,-0.48
2020-02-17 05:00:00,7.79,55.27,2.8,294.9,0.0,99.3,-0.58
2020-02-17 06:00:00,7.9,55.79,2.98,288.0,0.0,99.38,-0.36
2020-02-17 07:00:00,12.53,42.49,3.7,284.6,0.0,99.45,0.16
2020-02-17 08:00:00,15.92,34.75,3.37,281.5,0.0,99.5,0.4
2020-02-17 09:00:00,20.74,26.4,3.34,286.2,0.0,99.52,0.77
2020-02-17 10:00:00,25.16,17.41,5.1,302.7,0.0,99.51,-1.24
2020-02-17 11:00:00,26.72,15.14,5.43,304.7,0.0,99.44,-1.87
2020-02-17 12:00:00,27.56,13.79,5.47,305.7,0.0,99.33,-2.43
2020-02-17 13:00:00,27.83,12.97,5.41,307.0,0.0,99.25,-3.04
2020-02-17 14:00:00,27.53,12.8,5.45,308.4,0.0,99.19,-3.42
2020-02-17 15:00:00,26.53,13.89,5.19,310.2,0.0,99.18,-3.12
2020-02-17 16:00:00,22.63,25.22,3.21,313.7,0.0,99.18,1.65
2020-02-17 17:00:00,17.41,33.98,3.63,317.8,0.0,99.2,1.42
2020-02-17 18:00:00,15.7,35.95,3.76,319.5,0.0,99.26,0.68
2020-02-17 19:00:00,14.55,37.59,3.76,320.4,0.0,99.32,0.26
2020-02-17 20:00:00,13.43,39.3,3.74,321.5,0.0,99.34,-0.12
2020-02-17 21:00:00,12.36,41.05,3.7,324.1,0.0,99.35,-0.49
2020-02-17 22:00:00,11.33,42.97,3.63,327.7,0.0,99.31,-0.77
2020-02-17 23:00:00,10.37,45.28,3.53,331.0,0.0,99.27,-0.92
2020-02-18 00:00:00,9.5,47.97,3.43,333.0,0.0,99.21,-0.95
2020-02-18 01:00:00,8.76,50.4,3.34,329.8,0.0,99.15,-0.93
2020-02-18 02:00:00,8.15,52.51,3.29,324.3,0.0,99.11,-0.97
2020-02-18 03:00:00,7.65,54.02,3.27,317.2,0.0,99.1,-1.03
2020-02-18 04:00:00,7.25,55.21,3.28,309.6,0.0,99.12,-1.09
2020-02-18 05:00:00,6.87,56.37,3.26,303.5,0.0,99.15,-1.17
2020-02-18 06:00:00,7.22,55.98,3.06,299.6,0.0,99.17,-0.93
2020-02-18 07:00:00,11.64,42.52,3.65,293.3,0.0,99.21,-0.63
2020-02-18 08:00:00,14.8,35.82,3.07,283.0,0.0,99.24,-0.17
2020-02-18 09:00:00,19.76,26.59,3.27,284.5,0.0,99.25,0.02
2020-02-18 10:00:00,24.14,17.29,5.07,299.6,0.0,99.23,-2.12
2020-02-18 11:00:00,25.92,15.35,5.46,296.1,0.0,99.17,-2.28
2020-02-18 12:00:00,27.0,14.3,5.78,294.9,0.0,99.09,-2.39
2020-02-18 13:00:00,27.47,13.65,5.77,294.2,0.0,99.01,-2.64
2020-02-18 14:00:00,27.38,13.36,5.7,293.4,0.0,98.95,-2.97
2020-02-18 15:00:00,26.55,14.3,5.3,294.3,0.0,98.9,-2.73
2020-02-18 16:00:00,22.74,26.24,3.09,297.6,0.0,98.87,2.3
2020-02-18 17:00:00,17.71,34.87,3.43,302.5,0.0,98.87,2.03
2020-02-18 18:00:00,16.3,36.27,3.34,307.2,0.0,98.91,1.34
2020-02-18 19:00:00,15.59,36.9,3.15,309.9,0.0,98.96,0.96
2020-02-18 20:00:00,15.16,37.22,2.93,313.6,0.0,99.0,0.7
2020-02-18 21:00:00,14.72,37.07,2.69,317.7,0.0,99.04,0.25
2020-02-18 22:00:00,14.63,36.15,2.31,321.3,0.0,99.04,-0.2
2020-02-18 23:00:00,14.5,34.44,1.81,329.5,0.0,99.03,-0.99
2020-02-19 00:00:00,15.01,32.57,1.23,350.2,0.0,99.0,-1.28
2020-02-19 01:00:00,15.22,32.76,0.64,23.8,0.0,98.97,-1.05
2020-02-19 02:00:00,14.46,34.2,0.8,86.4,0.0,98.92,-1.1
2020-02-19 03:00:00,12.54,39.28,1.4,110.1,0.0,98.88,-0.92
2020-02-19 04:00:00,11.27,42.72,2.02,120.6,0.0,98.88,-0.9
2020-02-19 05:00:00,9.65,47.75,2.59,126.8,0.0,98.92,-0.87
2020-02-19 06:00:00,8.93,51.67,2.99,130.0,0.0,98.97,-0.47
2020-02-19 07:00:00,13.36,40.4,3.57,132.0,0.0,99.06,0.2
2020-02-19 08:00:00,16.59,33.0,3.51,130.3,0.0,99.12,0.29
2020-02-19 09:00:00,21.0,25.43,3.83,132.8,0.0,99.15,0.5
2020-02-19 10:00:00,25.35,17.1,5.16,143.7,0.0,99.14,-1.32
2020-02-19 11:00:00,27.4,14.62,5.1,146.0,0.0,99.07,-1.8
2020-02-19 12:00:00,28.19,13.95,4.97,147.0,0.0,98.97,-1.78
2020-02-19 13:00:00,28.22,14.04,4.94,147.3,0.0,98.89,-1.7
2020-02-19 14:00:00,28.25,14.17,5.04,146.1,0.0,98.82,-1.55
2020-02-19 15:00:00,27.28,15.99,4.79,142.0,0.0,98.8,-0.7
2020-02-19 16:00:00,23.57,27.44,3.13,131.4,0.0,98.82,3.68
2020-02-19 17:00:00,19.14,35.08,3.66,122.6,0.0,98.85,3.39
2020-02-19 18:00:00,18.09,35.81,4.11,118.2,0.0,98.91,2.75
2020-02-19 19:00:00,17.65,36.61,4.51,115.9,0.0,98.98,2.67
2020-02-19 20:00:00,16.08,40.99,4.31,115.6,0.0,99.03,2.88
2020-02-19 21:00:00,14.98,44.27,4.29,115.5,0.0,99.06,2.95
2020-02-19 22:00:00,14.6,45.84,4.43,114.7,0.0,99.05,3.09
2020-02-19 23:00:00,14.64,46.38,4.79,112.1,0.0,99.02,3.29
2020-02-20 00:00:00,14.24,48.65,4.83,109.0,0.0,98.99,3.61
2020-02-20 01:00:00,13.79,51.58,4.78,105.9,0.0,98.95,4.02
2020-02-20 02:00:00,13.44,54.39,4.75,106.0,0.0,98.92,4.45
2020-02-20 03:00:00,12.67,58.37,4.5,108.8,0.0,98.9,4.74
2020-02-20 04:00:00,11.94,61.36,4.63,113.0,0.0,98.91,4.79
2020-02-20 05:00:00,11.69,62.52,5.0,118.7,0.0,98.95,4.8
2020-02-20 06:00:00,11.95,61.5,5.4,123.5,0.0,99.01,4.82
2020-02-20 07:00:00,13.81,54.98,5.78,124.9,0.0,99.07,4.96
2020-02-20 08:00:00,16.81,46.18,5.39,123.2,0.0,99.1,5.22
2020-02-20 09:00:00,20.8,35.15,6.57,128.2,0.0,99.1,4.89
2020-02-20 10:00:00,24.26,26.91,7.85,131.2,0.0,99.05,4.07
2020-02-20 11:00:00,26.81,21.58,8.45,132.8,0.0,98.97,3.08
2020-02-20 12:00:00,28.16,19.51,8.5,133.4,0.0,98.87,2.76
2020-02-20 13:00:00,28.66,19.02,8.45,134.6,0.0,98.79,2.83
2020-02-20 14:00:00,28.43,19.63,8.1,135.7,0.0,98.73,3.1
2020-02-20 15:00:00,27.57,21.36,7.22,135.6,0.0,98.71,3.56
2020-02-20 16:00:00,25.07,27.48,4.61,131.6,0.0,98.71,5.05
2020-02-20 17:00:00,20.83,37.97,3.71,122.7,0.0,98.75,6.02
2020-02-20 18:00:00,20.03,38.57,4.5,117.7,0.0,98.82,5.52
2020-02-20 19:00:00,19.72,38.32,5.59,115.3,0.0,98.9,5.15
2020-02-20 20:00:00,18.74,40.76,5.41,112.3,0.0,98.95,5.18
2020-02-20 21:00:00,17.11,46.39,4.2,107.7,0.01,98.99,5.55
2020-02-20 22:00:00,15.97,52.61,3.44,111.6,0.22,99.05,6.32
2020-02-20 23:00:00,15.38,60.66,3.68,117.5,1.52,99.14,7.86
2020-02-21 00:00:00,14.67,68.5,5.18,99.9,3.59,99.12,8.97
2020-02-21 01:00:00,13.56,76.26,6.19,85.0,1.65,98.99,9.49
2020-02-21 02:00:00,13.06,81.3,5.51,82.3,0.2,98.99,9.97
2020-02-21 03:00:00,12.89,83.36,5.6,77.2,0.08,98.97,10.17
2020-02-21 04:00:00,12.92,83.43,6.25,70.3,0.39,98.99,10.21
2020-02-21 05:00:00,12.89,84.49,6.19,63.9,0.65,99.05,10.36
2020-02-21 06:00:00,12.84,87.48,5.41,56.6,0.47,99.11,10.84
2020-02-21 07:00:00,13.7,86.6,5.45,52.8,0.49,99.19,11.52
2020-02-21 08:00:00,15.44,79.63,6.16,57.6,0.6,99.29,11.97
2020-02-21 09:00:00,17.53,67.22,6.89,69.6,0.45,99.34,11.4
2020-02-21 10:00:00,19.63,54.93,7.26,82.0,0.16,99.36,10.34
2020-02-21 11:00:00,21.69,46.28,6.93,91.2,0.07,99.3,9.66
2020-02-21 12:00:00,23.27,41.28,6.0,96.3,0.06,99.18,9.41
2020-02-21 13:00:00,24.25,38.51,5.0,101.0,0.06,99.09,9.24
2020-02-21 14:00:00,24.43,37.72,3.89,98.6,0.09,99.05,9.11
2020-02-21 15:00:00,23.85,39.65,2.89,76.0,0.02,99.06,9.32
2020-02-21 16:00:00,21.52,53.93,2.49,39.3,0.02,99.11,11.78
2020-02-21 17:00:00,18.85,60.18,3.38,26.6,0.01,99.19,10.99
2020-02-21 18:00:00,18.29,62.1,3.81,28.9,0.0,99.3,10.94
2020-02-21 19:00:00,17.66,64.84,4.46,37.9,0.0,99.41,10.99
2020-02-21 20:00:00,16.74,68.37,4.37,49.3,0.0,99.5,10.92
2020-02-21 21:00:00,15.27,74.05,3.53,57.6,0.0,99.55,10.71
2020-02-21 22:00:00,14.14,78.58,3.23,62.6,0.0,99.56,10.5
2020-02-21 23:00:00,13.2,83.75,3.09,63.5,0.0,99.56,10.53
2020-02-22 00:00:00,12.4,89.34,3.09,63.3,0.0,99.54,10.73
2020-02-22 01:00:00,11.71,94.85,3.08,62.5,0.01,99.51,10.95
2020-02-22 02:00:00,11.06,99.73,2.8,57.4,0.02,99.5,11.04
2020-02-22 03:00:00,10.64,100.0,2.62,52.3,0.02,99.52,10.91
2020-02-22 04:00:00,10.4,100.0,2.57,52.4,0.01,99.56,10.67
2020-02-22 05:00:00,10.14,100.0,2.49,56.9,0.01,99.63,10.41
2020-02-22 06:00:00,10.51,98.69,2.39,60.6,0.0,99.73,10.31
2020-02-22 07:00:00,12.91,86.32,3.09,60.8,0.0,99.82,10.68
2020-02-22 08:00:00,15.8,73.68,2.91,76.3,0.0,99.89,11.11
2020-02-22 09:00:00,19.68,53.95,3.56,94.8,0.0,99.9,10.13
2020-02-22 10:00:00,22.13,46.63,3.78,96.5,0.0,99.88,10.21
2020-02-22 11:00:00,23.39,44.54,3.75,91.5,0.0,99.79,10.66
2020-02-22 12:00:00,23.79,44.29,3.7,85.2,0.0,99.67,10.94
2020-02-22 13:00:00,23.4,45.85,3.53,80.2,0.0,99.58,11.11
2020-02-22 14:00:00,23.38,46.1,3.33,77.0,0.0,99.51,11.17
2020-02-22 15:00:00,22.92,47.21,2.93,74.8,0.0,99.48,11.11
2020-02-22 16:00:00,21.74,53.84,1.89,72.4,0.0,99.5,12.0
2020-02-22 17:00:00,19.62,60.88,1.71,75.4,0.0,99.52,11.88
2020-02-22 18:00:00,19.07,60.66,1.65,79.5,0.0,99.57,11.31
2020-02-22 19:00:00,18.89,60.64,1.42,84.7,0.0,99.6,11.16
2020-02-22 20:00:00,18.58,61.39,1.08,87.9,0.0,99.61,11.04
2020-02-22 21:00:00,18.27,62.14,0.81,83.6,0.0,99.6,10.92
2020-02-22 22:00:00,17.89,63.0,0.72,59.9,0.0,99.57,10.78
2020-02-22 23:00:00,17.08,65.79,0.96,32.7,0.0,99.53,10.65
2020-02-23 00:00:00,15.62,71.47,1.27,20.7,0.0,99.5,10.5
2020-02-23 01:00:00,15.08,72.86,1.52,12.6,0.0,99.46,10.27
2020-02-23 02:00:00,14.58,73.98,1.53,5.3,0.0,99.43,10.02
2020-02-23 03:00:00,14.3,74.15,1.39,358.4,0.0,99.4,9.78
2020-02-23 04:00:00,13.83,75.25,1.21,352.9,0.0,99.41,9.55
2020-02-23 05:00:00,13.78,74.41,1.08,355.8,0.0,99.44,9.34
2020-02-23 06:00:00,14.25,71.52,0.93,4.9,0.0,99.48,9.21
2020-02-23 07:00:00,16.09,64.35,0.71,13.1,0.0,99.53,9.4
2020-02-23 08:00:00,19.13,54.08,0.33,38.9,0.0,99.58,9.65
2020-02-23 09:00:00,23.39,42.59,1.1,111.4,0.03,99.6,9.99
2020-02-23 10:00:00,25.12,39.02,1.11,127.3,0.05,99.57,10.23
2020-02-23 11:00:00,26.18,36.53,0.74,138.3,0.05,99.5,10.19
2020-02-23 12:00:00,26.82,34.92,0.22,108.4,0.06,99.4,10.07
2020-02-23 13:00:00,27.0,34.07,0.61,18.1,0.05,99.3,9.87
2020-02-23 14:00:00,26.44,34.78,1.39,19.0,0.04,99.24,9.69
2020-02-23 15:00:00,25.48,37.04,2.19,22.6,0.01,99.2,9.78
2020-02-23 16:00:00,23.72,46.9,1.87,24.9,0.0,99.2,11.71
2020-02-23 17:00:00,20.46,57.16,2.34,25.8,0.0,99.22,11.73
2020-02-23 18:00:00,18.87,60.15,2.61,26.4,0.0,99.27,11.0
2020-02-23 19:00:00,17.9,63.03,2.66,27.3,0.0,99.32,10.8
2020-02-23 20:00:00,17.05,66.45,2.72,29.3,0.0,99.35,10.79
2020-02-23 21:00:00,16.34,69.34,2.77,32.0,0.0,99.35,10.75
2020-02-23 22:00:00,15.72,71.86,2.83,34.5,0.0,99.31,10.69
2020-02-23 23:00:00,15.15,74.22,2.87,36.1,0.0,99.26,10.63
2020-02-24 00:00:00,14.54,76.86,2.83,35.7,0.0,99.2,10.56
2020-02-24 01:00:00,13.89,79.92,2.71,32.6,0.0,99.13,10.51
2020-02-24 02:00:00,13.23,83.18,2.5,26.7,0.0,99.09,10.46
2020-02-24 03:00:00,12.87,84.82,2.1,13.5,0.0,99.06,10.41
2020-02-24 04:00:00,12.88,84.68,1.74,347.4,0.0,99.08,10.39
2020-02-24 05:00:00,12.41,87.48,1.79,318.8,0.0,99.12,10.42
2020-02-24 06:00:00,12.42,87.91,1.89,304.4,0.0,99.18,10.52
2020-02-24 07:00:00,15.52,72.55,2.61,299.6,0.0,99.24,10.65
2020-02-24 08:00:00,19.08,57.94,2.49,310.6,0.0,99.27,10.64
2020-02-24 09:00:00,23.36,42.31,3.29,327.7,0.0,99.28,9.85
2020-02-24 10:00:00,25.23,37.51,3.47,329.7,0.0,99.24,9.75
2020-02-24 11:00:00,26.43,34.63,3.62,330.2,0.0,99.15,9.6
2020-02-24 12:00:00,27.14,32.51,3.79,329.6,0.0,99.02,9.3
2020-02-24 13:00:00,27.38,31.11,4.0,328.3,0.0,98.9,8.85
2020-02-24 14:00:00,27.11,30.36,4.16,327.0,0.0,98.82,8.26
2020-02-24 15:00:00,26.24,30.78,4.17,326.7,0.0,98.79,7.7
2020-02-24 16:00:00,24.29,36.6,3.12,327.0,0.0,98.79,8.53
2020-02-24 17:00:00,19.92,49.95,2.87,326.1,0.0,98.85,9.19
2020-02-24 18:00:00,18.36,52.11,3.15,325.4,0.0,98.92,8.38
2020-02-24 19:00:00,17.55,53.39,3.24,324.5,0.0,99.01,8.01
2020-02-24 20:00:00,16.87,55.11,3.33,324.5,0.0,99.05,7.83
2020-02-24 21:00:00,16.29,57.02,3.43,325.9,0.0,99.07,7.8
2020-02-24 22:00:00,15.76,59.24,3.54,328.3,0.0,99.05,7.86
2020-02-24 23:00:00,15.19,61.61,3.6,331.1,0.0,99.02,7.89
2020-02-25 00:00:00,14.51,64.34,3.52,333.4,0.0,98.98,7.9
2020-02-25 01:00:00,13.77,67.57,3.33,335.1,0.0,98.93,7.91
2020-02-25 02:00:00,13.02,71.13,3.02,337.0,0.0,98.88,7.94
2020-02-25 03:00:00,12.29,75.05,2.78,338.2,0.0,98.86,8.03
2020-02-25 04:00:00,11.67,79.0,2.64,337.5,0.0,98.88,8.17
2020-02-25 05:00:00,11.16,82.49,2.5,333.8,0.0,98.95,8.31
2020-02-25 06:00:00,11.64,80.67,2.08,328.1,0.0,99.04,8.46
2020-02-25 07:00:00,14.79,66.57,2.31,318.9,0.0,99.13,8.66
2020-02-25 08:00:00,17.93,56.23,1.55,306.4,0.0,99.2,9.12
2020-02-25 09:00:00,22.91,38.64,2.44,325.2,0.0,99.22,8.11
2020-02-25 10:00:00,24.84,33.64,2.76,320.7,0.05,99.2,7.78
2020-02-25 11:00:00,25.83,31.88,3.09,317.8,0.2,99.12,7.88
2020-02-25 12:00:00,26.43,30.86,3.08,320.8,0.15,98.97,7.91
2020-02-25 13:00:00,26.65,30.37,2.97,326.0,0.1,98.82,7.87
2020-02-25 14:00:00,26.51,30.24,3.4,325.0,0.06,98.76,7.67
2020-02-25 15:00:00,25.9,30.9,4.25,321.3,0.01,98.8,7.46
2020-02-25 16:00:00,23.94,38.24,3.17,322.3,0.0,98.84,8.86
2020-02-25 17:00:00,19.84,51.43,2.81,329.0,0.0,98.86,9.56
2020-02-25 18:00:00,18.37,53.93,2.93,335.4,0.0,98.89,8.91
2020-02-25 19:00:00,17.55,55.5,2.93,338.0,0.0,98.97,8.57
2020-02-25 20:00:00,16.8,56.99,2.84,340.5,0.0,99.03,8.26
2020-02-25 21:00:00,16.13,58.22,2.7,345.0,0.0,99.08,7.96
2020-02-25 22:00:00,15.51,59.5,2.56,355.1,0.0,99.09,7.68
2020-02-25 23:00:00,14.89,61.82,2.4,9.6,0.0,99.08,7.66
2020-02-26 00:00:00,14.51,64.11,2.12,28.7,0.0,99.07,7.84
2020-02-26 01:00:00,13.76,69.01,2.08,50.3,0.0,99.06,8.2
2020-02-26 02:00:00,13.01,75.3,2.21,68.8,0.0,99.04,8.77
2020-02-26 03:00:00,12.24,83.06,2.3,88.0,0.0,99.02,9.48
2020-02-26 04:00:00,11.5,91.65,2.39,106.3,0.0,99.04,10.21
2020-02-26 05:00:00,10.98,99.01,2.41,121.5,0.0,99.1,10.86
2020-02-26 06:00:00,11.47,98.92,2.27,137.9,0.0,99.14,11.34
2020-02-26 07:00:00,14.57,82.51,3.02,150.9,0.0,99.18,11.65
2020-02-26 08:00:00,17.92,67.27,2.22,160.8,0.0,99.21,11.79
2020-02-26 09:00:00,22.65,44.07,0.37,218.4,0.0,99.2,9.81
2020-02-26 10:00:00,25.65,34.07,2.42,326.1,0.0,99.17,8.68
2020-02-26 11:00:00,26.86,31.34,3.3,325.1,0.0,99.1,8.51
2020-02-26 12:00:00,27.63,29.29,3.8,323.9,0.0,99.0,8.18
2020-02-26 13:00:00,27.95,27.96,3.86,323.8,0.0,98.9,7.76
2020-02-26 14:00:00,27.61,27.95,3.57,321.8,0.0,98.84,7.48
2020-02-26 15:00:00,26.78,29.17,3.59,319.3,0.0,98.87,7.39
2020-02-26 16:00:00,24.39,41.06,2.14,326.8,0.0,98.91,10.26
2020-02-26 17:00:00,21.15,48.23,2.1,354.5,0.0,98.95,9.81
2020-02-26 18:00:00,19.82,49.74,2.19,22.8,0.0,99.03,9.03
2020-02-26 19:00:00,18.53,53.44,2.41,49.7,0.0,99.11,8.91
2020-02-26 20:00:00,17.39,56.8,2.65,71.5,0.0,99.15,8.77
2020-02-26 21:00:00,16.46,59.85,2.78,85.7,0.0,99.18,8.68
2020-02-26 22:00:00,15.68,63.17,2.83,98.3,0.0,99.18,8.73
2020-02-26 23:00:00,15.22,65.52,2.77,109.0,0.0,99.19,8.84
2020-02-27 00:00:00,14.63,68.62,2.76,115.3,0.0,99.18,8.96
2020-02-27 01:00:00,13.86,73.0,2.71,119.1,0.0,99.14,9.12
2020-02-27 02:00:00,12.91,78.82,2.63,116.0,0.0,99.11,9.35
2020-02-27 03:00:00,12.24,83.99,2.6,110.7,0.0,99.07,9.63
2020-02-27 04:00:00,11.75,88.69,2.48,111.8,0.0,99.07,9.96
2020-02-27 05:00:00,11.09,94.5,2.3,113.0,0.0,99.13,10.26
2020-02-27 06:00:00,11.99,90.43,2.34,117.8,0.0,99.17,10.5
2020-02-27 07:00:00,14.1,79.79,3.17,126.4,0.0,99.23,10.69
2020-02-27 08:00:00,15.38,74.41,2.39,135.7,0.0,99.28,10.88
2020-02-27 09:00:00,17.51,65.7,2.34,152.2,0.0,99.31,11.04
2020-02-27 10:00:00,20.65,53.5,3.06,163.3,0.0,99.31,10.9
2020-02-27 11:00:00,23.99,41.13,3.0,161.9,0.0,99.23,10.01
2020-02-27 12:00:00,26.32,34.06,2.31,150.4,0.0,99.11,9.27
2020-02-27 13:00:00,27.32,30.95,1.78,127.5,0.0,99.0,8.72
2020-02-27 14:00:00,27.49,29.8,1.32,102.2,0.0,98.92,8.3
2020-02-27 15:00:00,26.86,30.29,1.01,69.8,0.0,98.89,8.01
2020-02-27 16:00:00,24.73,42.5,1.23,57.0,0.0,98.89,11.04
2020-02-27 17:00:00,20.49,50.94,2.42,62.4,0.0,98.91,9.98
2020-02-27 18:00:00,18.5,55.3,3.09,69.3,0.0,98.95,9.4
2020-02-27 19:00:00,17.74,58.59,3.3,77.2,0.0,99.01,9.55
2020-02-27 20:00:00,17.2,61.61,3.63,85.6,0.0,99.06,9.8
2020-02-27 21:00:00,16.64,65.35,3.95,92.6,0.0,99.08,10.14
2020-02-27 22:00:00,15.84,70.35,3.92,98.2,0.0,99.07,10.48
2020-02-27 23:00:00,15.32,74.34,3.96,102.7,0.0,99.05,10.81
2020-02-28 00:00:00,14.76,78.56,3.79,105.6,0.0,99.02,11.1
2020-02-28 01:00:00,14.23,82.51,3.54,107.9,0.0,98.97,11.33
2020-02-28 02:00:00,13.77,85.97,3.53,108.2,0.0,98.92,11.48
2020-02-28 03:00:00,13.21,89.97,3.56,106.5,0.0,98.9,11.62
2020-02-28 04:00:00,12.41,95.36,3.44,103.3,0.0,98.89,11.71
2020-02-28 05:00:00,11.92,98.18,3.57,100.3,0.0,98.93,11.67
2020-02-28 06:00:00,12.2,95.0,4.28,99.6,0.0,98.98,11.46
2020-02-28 07:00:00,14.26,82.42,4.44,100.2,0.0,99.05,11.33
2020-02-28 08:00:00,17.82,64.23,4.8,116.6,0.0,99.12,10.99
2020-02-28 09:00:00,21.41,49.48,5.88,134.7,0.0,99.15,10.43
2020-02-28 10:00:00,24.2,40.47,6.07,141.5,0.0,99.12,9.96
2020-02-28 11:00:00,26.15,35.4,5.85,145.1,0.0,99.05,9.7
2020-02-28 12:00:00,27.81,31.66,5.52,147.4,0.0,98.95,9.47
2020-02-28 13:00:00,28.64,29.69,5.11,148.0,0.0,98.83,9.24
2020-02-28 14:00:00,28.54,29.6,4.74,144.8,0.0,98.75,9.13
2020-02-28 15:00:00,27.72,31.25,4.56,139.7,0.0,98.72,9.21
2020-02-28 16:00:00,25.59,38.54,3.29,133.4,0.0,98.74,10.46
2020-02-28 17:00:00,21.46,50.87,3.04,121.8,0.0,98.79,10.9
2020-02-28 18:00:00,20.43,52.8,3.64,114.9,0.0,98.85,10.5
2020-02-28 19:00:00,19.82,54.94,4.18,112.2,0.0,98.93,10.54
2020-02-28 20:00:00,19.2,57.78,4.24,113.5,0.0,99.0,10.71
2020-02-28 21:00:00,18.7,60.21,4.4,113.7,0.0,99.03,10.86
2020-02-28 22:00:00,18.04,63.57,4.25,108.6,0.0,99.0,11.05
2020-02-28 23:00:00,17.62,65.88,4.29,106.2,0.0,98.96,11.2
2020-02-29 00:00:00,17.42,66.75,4.57,103.3,0.0,98.9,11.21
2020-02-29 01:00:00,16.91,69.54,4.81,95.1,0.0,98.81,11.34
2020-02-29 02:00:00,16.18,74.09,4.28,93.1,0.0,98.76,11.59
2020-02-29 03:00:00,14.76,82.74,3.15,99.9,0.0,98.76,11.87
2020-02-29 04:00:00,13.9,88.59,2.87,108.5,0.0,98.79,12.07
2020-02-29 05:00:00,13.51,90.7,2.92,112.8,0.0,98.82,12.04
2020-02-29 06:00:00,14.12,86.15,3.31,119.7,0.0,98.88,11.86
2020-02-29 07:00:00,16.76,71.79,4.0,127.9,0.0,98.96,11.66
2020-02-29 08:00:00,20.14,56.98,3.89,132.9,0.15,99.02,11.37
2020-02-29 09:00:00,23.27,46.4,4.24,134.6,0.37,99.04,11.17
2020-02-29 10:00:00,24.94,42.42,4.03,132.1,0.62,99.03,11.33
2020-02-29 11:00:00,26.42,39.57,3.73,134.5,0.74,98.97,11.61
2020-02-29 12:00:00,27.19,38.48,3.51,145.3,0.76,98.89,11.87
2020-02-29 13:00:00,26.7,40.57,3.45,151.7,0.8,98.82,12.23
2020-02-29 14:00:00,26.13,42.94,3.57,139.3,0.65,98.75,12.58
2020-02-29 15:00:00,25.67,44.9,3.92,120.8,0.41,98.68,12.85
2020-02-29 16:00:00,23.94,57.32,2.82,109.9,0.3,98.68,15.0
2020-02-29 17:00:00,20.61,71.25,2.85,98.1,0.29,98.71,15.25
2020-02-29 18:00:00,19.68,72.63,3.57,88.9,0.1,98.74,14.65
2020-02-29 19:00:00,19.38,72.85,4.67,85.8,0.04,98.79,14.41
2020-02-29 20:00:00,18.78,75.68,5.05,85.2,0.01,98.87,14.43
2020-02-29 21:00:00,18.1,80.31,5.14,82.1,0.01,98.92,14.68
2020-02-29 22:00:00,17.42,85.35,5.11,77.7,0.03,98.95,14.97
2020-02-29 23:00:00,16.71,90.85,4.82,73.4,0.11,98.95,15.24
2020-03-01 00:00:00,16.27,93.93,4.39,72.6,0.28,98.94,15.31
2020-03-01 01:00:00,16.11,94.52,4.31,79.7,0.36,98.91,15.26
2020-03-01 02:00:00,15.84,95.32,3.97,85.5,0.22,98.85,15.13
2020-03-01 03:00:00,15.54,96.26,3.45,88.5,0.14,98.82,14.97
2020-03-01 04:00:00,15.12,97.44,2.82,92.2,0.01,98.83,14.75
2020-03-01 05:00:00,14.87,97.4,2.59,98.7,0.0,98.88,14.49
2020-03-01 06:00:00,15.17,96.6,2.34,106.4,0.01,98.94,14.65
2020-03-01 07:00:00,16.63,91.71,2.13,115.2,0.0,99.03,15.3
2020-03-01 08:00:00,19.15,78.16,2.28,129.5,0.0,99.09,15.28
2020-03-01 09:00:00,22.85,53.98,3.17,138.8,0.0,99.12,13.08
2020-03-01 10:00:00,25.03,45.31,2.38,145.8,0.0,99.11,12.4
2020-03-01 11:00:00,26.57,40.57,1.3,152.4,0.0,99.06,12.11
2020-03-01 12:00:00,27.48,37.27,0.32,171.1,0.0,98.97,11.65
2020-03-01 13:00:00,28.12,34.13,0.54,319.5,0.0,98.88,10.87
2020-03-01 14:00:00,28.22,32.59,1.07,335.1,0.0,98.81,10.27
2020-03-01 15:00:00,27.64,33.15,1.47,344.6,0.0,98.77,10.03
2020-03-01 16:00:00,26.23,38.6,1.58,350.5,0.0,98.78,11.01
2020-03-01 17:00:00,22.55,52.38,2.04,356.9,0.0,98.81,12.31
2020-03-01 18:00:00,20.7,54.32,2.6,1.3,0.0,98.87,11.18
2020-03-01 19:00:00,19.79,56.07,2.83,3.9,0.0,98.94,10.8
2020-03-01 20:00:00,19.0,57.91,2.88,4.6,0.0,98.97,10.57
2020-03-01 21:00:00,18.2,59.84,2.87,4.0,0.0,98.99,10.3
2020-03-01 22:00:00,17.45,61.78,2.85,2.0,0.0,98.98,10.07
2020-03-01 23:00:00,16.72,64.11,2.87,0.4,0.0,98.95,9.93
2020-03-02 00:00:00,16.07,66.8,2.89,359.8,0.0,98.93,9.94
2020-03-02 01:00:00,15.46,69.8,2.91,0.6,0.0,98.89,10.0
2020-03-02 02:00:00,14.77,73.23,2.8,3.5,0.0,98.87,10.06
2020-03-02 03:00:00,14.16,76.37,2.57,7.4,0.0,98.86,10.09
2020-03-02 04:00:00,14.25,75.95,2.24,10.6,0.0,98.89,10.09
2020-03-02 05:00:00,14.12,76.33,1.9,14.0,0.0,98.94,10.05
2020-03-02 06:00:00,14.93,72.58,1.32,19.0,0.0,99.0,10.08
2020-03-02 07:00:00,17.14,63.15,0.39,32.5,0.0,99.08,10.11
2020-03-02 08:00:00,20.61,51.65,0.57,224.3,0.0,99.14,10.34
2020-03-02 09:00:00,24.7,39.54,1.14,273.0,0.0,99.15,10.05
2020-03-02 10:00:00,26.63,35.93,1.55,277.4,0.0,99.11,10.34
2020-03-02 11:00:00,27.91,33.64,1.78,282.0,0.0,99.04,10.48
2020-03-02 12:00:00,28.7,32.1,1.92,286.9,0.0,98.93,10.47
2020-03-02 13:00:00,29.0,31.36,2.02,293.3,0.0,98.83,10.36
2020-03-02 14:00:00,28.85,31.21,2.02,299.7,0.0,98.75,10.17
2020-03-02 15:00:00,28.18,31.65,1.87,305.0,0.0,98.7,9.79
2020-03-02 16:00:00,26.72,36.93,1.49,313.9,0.0,98.69,10.78
2020-03-02 17:00:00,23.87,47.47,1.57,334.7,0.0,98.7,12.02
2020-03-02 18:00:00,22.07,50.07,2.02,351.2,0.0,98.76,11.22
2020-03-02 19:00:00,20.69,53.11,2.33,0.5,0.0,98.83,10.83
2020-03-02 20:00:00,19.57,55.5,2.54,6.8,0.0,98.9,10.46
2020-03-02 21:00:00,18.68,57.44,2.67,12.5,0.0,98.92,10.15
2020-03-02 22:00:00,17.93,59.14,2.75,18.0,0.0,98.92,9.86
2020-03-02 23:00:00,17.24,60.71,2.8,22.3,0.0,98.89,9.62
2020-03-03 00:00:00,16.62,62.46,2.82,25.4,0.0,98.85,9.44
2020-03-03 01:00:00,16.05,64.4,2.82,27.2,0.0,98.82,9.36
2020-03-03 02:00:00,15.51,66.37,2.75,27.0,0.0,98.78,9.31
2020-03-03 03:00:00,14.94,68.55,2.65,25.5,0.0,98.75,9.24
2020-03-03 04:00:00,14.47,70.28,2.51,23.5,0.0,98.75,9.15
2020-03-03 05:00:00,14.18,71.25,2.26,20.4,0.0,98.78,9.08
2020-03-03 06:00:00,15.03,68.21,1.8,15.1,0.0,98.83,9.25
2020-03-03 07:00:00,18.2,56.62,1.61,2.5,0.0,98.9,9.48
2020-03-03 08:00:00,21.43,47.48,1.14,340.0,0.0,98.95,9.83
2020-03-03 09:00:00,25.8,35.07,1.93,304.4,0.0,98.96,9.24
2020-03-03 10:00:00,27.57,31.37,2.63,293.5,0.0,98.93,9.14
2020-03-03 11:00:00,28.65,29.12,3.07,291.0,0.0,98.84,8.96
2020-03-03 12:00:00,29.34,27.33,3.38,294.3,0.0,98.74,8.62
2020-03-03 13:00:00,29.61,25.94,3.56,299.4,0.0,98.63,8.08
2020-03-03 14:00:00,29.36,25.25,3.5,304.9,0.0,98.56,7.47
2020-03-03 15:00:00,28.48,25.92,3.22,309.6,0.0,98.53,7.12
2020-03-03 16:00:00,26.66,31.8,2.36,317.9,0.0,98.53,8.47
2020-03-03 17:00:00,22.33,46.8,2.32,339.8,0.0,98.57,10.43
2020-03-03 18:00:00,20.38,48.71,2.7,354.7,0.0,98.63,9.26
2020-03-03 19:00:00,19.34,50.52,2.85,4.6,0.0,98.7,8.83
2020-03-03 20:00:00,18.5,52.08,2.9,9.9,0.0,98.75,8.52
2020-03-03 21:00:00,17.78,53.5,2.89,12.0,0.0,98.76,8.24
2020-03-03 22:00:00,17.14,54.81,2.89,13.0,0.0,98.75,8.01
2020-03-03 23:00:00,16.54,56.09,2.88,13.7,0.0,98.72,7.79
2020-03-04 00:00:00,15.96,57.41,2.82,16.9,0.0,98.7,7.6
2020-03-04 01:00:00,15.35,59.04,2.81,20.8,0.0,98.65,7.41
2020-03-04 02:00:00,14.79,60.53,2.79,26.4,0.0,98.62,7.26
2020-03-04 03:00:00,14.33,61.77,2.67,34.9,0.0,98.61,7.12
2020-03-04 04:00:00,14.03,62.7,2.45,45.2,0.0,98.63,7.07
2020-03-04 05:00:00,14.0,62.67,2.17,58.6,0.0,98.69,7.03
2020-03-04 06:00:00,14.84,61.54,1.82,77.6,0.0,98.76,7.55
2020-03-04 07:00:00,18.13,50.47,2.07,101.1,0.0,98.82,7.71
2020-03-04 08:00:00,20.88,43.65,1.95,121.8,0.0,98.88,8.1
2020-03-04 09:00:00,25.27,32.2,2.58,157.7,0.0,98.88,7.51
2020-03-04 10:00:00,27.46,28.67,3.18,173.5,0.01,98.85,7.71
2020-03-04 11:00:00,28.69,27.83,3.41,176.1,0.01,98.76,8.32
2020-03-04 12:00:00,29.57,27.51,3.34,174.2,0.01,98.63,8.91
2020-03-04 13:00:00,29.85,27.6,3.32,172.6,0.02,98.51,9.2
2020-03-04 14:00:00,29.4,28.76,3.2,172.8,0.01,98.44,9.43
2020-03-04 15:00:00,28.09,31.81,3.06,172.1,0.02,98.42,9.8
2020-03-04 16:00:00,26.34,40.69,2.12,170.0,0.02,98.45,11.91
2020-03-04 17:00:00,23.55,53.03,2.12,169.4,0.05,98.5,13.46
2020-03-04 18:00:00,22.11,57.62,2.34,170.9,0.11,98.58,13.38
2020-03-04 19:00:00,21.11,63.32,2.4,173.8,0.25,98.67,13.89
2020-03-04 20:00:00,20.09,69.74,2.38,174.5,0.58,98.75,14.41
2020-03-04 21:00:00,18.94,76.53,2.33,171.1,0.95,98.8,14.74
2020-03-04 22:00:00,18.6,81.1,2.0,159.8,1.07,98.81,15.32
2020-03-04 23:00:00,18.1,85.34,1.8,131.8,1.05,98.8,15.63
2020-03-05 00:00:00,17.29,89.14,2.08,98.8,0.79,98.76,15.51
2020-03-05 01:00:00,16.35,92.56,2.74,79.5,0.42,98.71,15.17
2020-03-05 02:00:00,15.68,95.16,2.94,76.6,0.15,98.67,14.93
2020-03-05 03:00:00,15.08,97.04,2.77,80.6,0.05,98.64,14.64
2020-03-05 04:00:00,14.67,97.86,2.76,85.8,0.01,98.64,14.36
2020-03-05 05:00:00,14.28,98.36,2.68,90.2,0.0,98.66,14.04
2020-03-05 06:00:00,14.68,96.56,3.28,95.1,0.0,98.71,14.16
2020-03-05 07:00:00,16.16,92.38,3.79,100.7,0.0,98.77,14.95
2020-03-05 08:00:00,19.07,78.21,3.94,111.1,0.14,98.84,15.21
2020-03-05 09:00:00,22.93,56.26,4.43,125.3,0.27,98.85,13.78
2020-03-05 10:00:00,25.29,46.67,4.6,139.3,0.35,98.81,13.09
2020-03-05 11:00:00,26.31,43.4,4.77,142.7,0.45,98.73,12.91
2020-03-05 12:00:00,26.72,41.96,4.85,140.6,0.43,98.62,12.76
2020-03-05 13:00:00,26.79,41.21,4.85,137.0,0.42,98.52,12.54
2020-03-05 14:00:00,26.61,41.16,4.58,135.2,0.4,98.45,12.38
2020-03-05 15:00:00,25.83,43.14,4.07,133.6,0.41,98.42,12.39
2020-03-05 16:00:00,24.09,55.26,2.34,127.4,0.46,98.43,14.55
2020-03-05 17:00:00,21.8,68.64,2.14,112.8,0.26,98.47,15.8
2020-03-05 18:00:00,20.75,70.57,2.42,101.7,0.27,98.52,15.24
2020-03-05 19:00:00,19.99,71.47,2.76,96.9,0.18,98.6,14.71
2020-03-05 20:00:00,19.56,71.65,3.65,98.8,0.21,98.64,14.33
2020-03-05 21:00:00,19.08,73.26,5.09,103.9,0.24,98.64,14.22
2020-03-05 22:00:00,18.25,77.01,5.6,107.7,0.13,98.63,14.18
2020-03-05 23:00:00,17.35,80.55,5.49,109.6,0.1,98.63,14.0
2020-03-06 00:00:00,16.44,84.74,4.65,106.3,0.11,98.61,13.89
2020-03-06 01:00:00,15.7,88.44,4.25,98.1,0.09,98.55,13.82
2020-03-06 02:00:00,15.28,89.97,4.18,91.5,0.12,98.47,13.67
2020-03-06 03:00:00,14.95,90.83,4.13,86.9,0.08,98.42,13.49
2020-03-06 04:00:00,14.72,91.44,4.08,84.9,0.33,98.41,13.37
2020-03-06 05:00:00,14.76,90.49,4.13,89.2,0.52,98.45,13.24
2020-03-06 06:00:00,15.23,88.39,4.82,99.9,4.41,98.51,13.35
2020-03-06 07:00:00,15.6,90.19,5.19,96.1,9.67,98.59,14.01
2020-03-06 08:00:00,16.74,88.42,6.2,98.1,1.0,98.64,14.85
2020-03-06 09:00:00,18.91,77.05,7.78,102.4,0.36,98.65,14.83
2020-03-06 10:00:00,21.26,64.62,8.64,113.2,0.54,98.62,14.36
2020-03-06 11:00:00,22.7,59.08,8.88,126.1,0.71,98.54,14.33
2020-03-06 12:00:00,23.33,56.16,8.6,133.3,0.36,98.44,14.14
2020-03-06 13:00:00,23.56,53.26,7.9,138.0,0.24,98.38,13.53
2020-03-06 14:00:00,23.45,52.23,6.23,138.5,0.35,98.33,13.13
2020-03-06 15:00:00,22.61,59.37,3.9,120.5,0.93,98.28,14.3
2020-03-06 16:00:00,20.85,72.97,3.74,105.3,3.09,98.23,15.85
2020-03-06 17:00:00,18.7,86.34,3.98,136.3,7.44,98.32,16.4
2020-03-06 18:00:00,17.69,92.63,3.56,174.8,4.46,98.42,16.51
2020-03-06 19:00:00,16.41,96.13,2.16,213.8,1.63,98.44,15.81
2020-03-06 20:00:00,15.53,97.68,1.59,231.6,0.53,98.49,15.17
2020-03-06 21:00:00,15.75,95.99,1.02,216.2,0.51,98.61,15.13
2020-03-06 22:00:00,15.64,94.01,0.75,203.5,0.34,98.69,14.7
2020-03-06 23:00:00,15.3,93.04,0.6,170.4,0.14,98.71,14.21
2020-03-07 00:00:00,14.71,94.08,0.73,147.8,0.06,98.67,13.8
2020-03-07 01:00:00,13.97,96.22,0.9,151.4,0.03,98.65,13.4
2020-03-07 02:00:00,13.34,97.9,1.23,152.4,0.01,98.65,13.04
2020-03-07 03:00:00,12.86,99.16,1.56,150.5,0.0,98.69,12.76
2020-03-07 04:00:00,12.48,99.98,1.75,144.3,0.0,98.75,12.51
2020-03-07 05:00:00,12.04,100.0,2.0,134.4,0.01,98.83,12.2
2020-03-07 06:00:00,12.94,99.4,2.09,126.4,0.02,98.92,12.87
2020-03-07 07:00:00,15.81,92.34,3.41,123.4,0.02,99.01,14.6
2020-03-07 08:00:00,18.19,76.61,4.01,132.4,0.0,99.1,14.02
2020-03-07 09:00:00,20.53,55.05,4.03,149.9,0.0,99.15,11.21
2020-03-07 10:00:00,22.05,46.04,3.69,165.2,0.0,99.16,9.95
2020-03-07 11:00:00,23.13,41.82,3.41,178.0,0.0,99.1,9.48
2020-03-07 12:00:00,23.9,39.1,3.23,188.4,0.0,99.03,9.19
2020-03-07 13:00:00,24.27,37.74,3.19,197.7,0.0,98.96,8.98
2020-03-07 14:00:00,24.14,37.6,3.06,205.4,0.0,98.92,8.82
2020-03-07 15:00:00,23.55,38.41,2.71,213.1,0.0,98.91,8.6
2020-03-07 16:00:00,22.47,42.24,2.07,222.1,0.0,98.94,9.04
2020-03-07 17:00:00,20.12,52.49,1.21,238.1,0.0,98.99,10.11
2020-03-07 18:00:00,19.32,51.11,0.82,282.0,0.0,99.05,8.99
2020-03-07 19:00:00,18.32,53.78,0.94,332.9,0.0,99.14,8.81
2020-03-07 20:00:00,17.28,56.67,1.23,351.1,0.0,99.21,8.62
2020-03-07 21:00:00,16.44,59.55,1.43,352.0,0.0,99.26,8.58
2020-03-07 22:00:00,15.5,63.24,1.57,352.7,0.0,99.27,8.58
2020-03-07 23:00:00,14.73,66.27,1.61,357.5,0.0,99.27,8.53
2020-03-08 00:00:00,14.21,68.03,1.52,3.8,0.0,99.25,8.41
2020-03-08 01:00:00,13.85,68.91,1.39,12.4,0.0,99.22,8.27
2020-03-08 02:00:00,13.43,70.39,1.36,18.0,0.0,99.18,8.18
2020-03-08 03:00:00,12.98,72.47,1.38,19.1,0.0,99.15,8.16
2020-03-08 04:00:00,12.6,74.41,1.33,18.8,0.0,99.16,8.2
2020-03-08 05:00:00,12.38,75.96,1.16,13.4,0.0,99.19,8.28
2020-03-08 06:00:00,12.89,76.47,0.94,353.9,0.0,99.24,8.86
2020-03-08 07:00:00,15.33,66.41,1.25,324.1,0.0,99.3,9.13
2020-03-08 08:00:00,19.04,53.04,1.62,307.7,0.0,99.36,9.29
2020-03-08 09:00:00,22.19,43.63,2.04,298.7,0.0,99.39,9.27
2020-03-08 10:00:00,23.95,39.54,2.49,294.7,0.0,99.38,9.4
2020-03-08 11:00:00,25.2,35.93,3.06,294.1,0.0,99.32,9.08
2020-03-08 12:00:00,25.94,33.17,3.6,296.4,0.0,99.23,8.54
2020-03-08 13:00:00,26.23,31.47,4.08,300.7,0.0,99.14,8.03
2020-03-08 14:00:00,26.09,30.44,4.36,306.3,0.0,99.06,7.4
2020-03-08 15:00:00,25.23,31.14,4.48,311.7,0.0,99.03,7.01
2020-03-08 16:00:00,23.48,37.53,3.85,315.0,0.0,99.03,8.17
2020-03-08 17:00:00,19.31,53.33,2.86,315.6,0.0,99.06,9.61
2020-03-08 18:00:00,17.12,57.91,3.16,315.9,0.0,99.11,8.81
2020-03-08 19:00:00,16.22,60.33,3.21,316.0,0.0,99.17,8.55
2020-03-08 20:00:00,15.41,62.66,3.28,315.5,0.0,99.2,8.35
2020-03-08 21:00:00,14.74,64.68,3.38,315.2,0.0,99.22,8.18
2020-03-08 22:00:00,14.12,66.73,3.51,315.8,0.0,99.21,8.06
2020-03-08 23:00:00,13.49,69.09,3.59,317.6,0.0,99.18,7.96
2020-03-09 00:00:00,12.84,71.52,3.62,319.7,0.0,99.13,7.85
2020-03-09 01:00:00,12.2,73.99,3.66,321.7,0.0,99.07,7.74
2020-03-09 02:00:00,11.64,76.26,3.75,322.4,0.0,99.01,7.63
2020-03-09 03:00:00,11.14,78.67,3.85,322.8,0.0,98.95,7.61
2020-03-09 04:00:00,10.65,82.12,3.85,322.1,0.0,98.93,7.76
2020-03-09 05:00:00,10.15,87.07,3.76,319.5,0.0,98.93,8.12
2020-03-09 06:00:00,11.12,84.62,4.57,313.9,0.0,98.96,8.67
2020-03-09 07:00:00,13.88,74.2,4.59,302.8,0.0,99.01,9.4
2020-03-09 08:00:00,18.14,58.44,4.98,299.3,0.0,99.06,9.87
2020-03-09 09:00:00,22.05,40.35,7.46,311.9,0.0,99.07,7.99
2020-03-09 10:00:00,23.93,33.3,7.34,308.9,0.0,99.06,6.83
2020-03-09 11:00:00,25.22,29.73,7.11,305.8,0.0,99.01,6.32
2020-03-09 12:00:00,26.11,27.61,6.93,304.2,0.0,98.91,6.01
2020-03-09 13:00:00,26.49,26.61,6.7,303.2,0.0,98.82,5.79
2020-03-09 14:00:00,26.45,26.15,6.27,304.3,0.0,98.73,5.52
2020-03-09 15:00:00,25.78,26.91,5.69,305.9,0.0,98.69,5.34
2020-03-09 16:00:00,24.01,33.49,4.21,306.2,0.0,98.68,6.96
2020-03-09 17:00:00,19.37,48.75,3.04,306.6,0.0,98.71,8.35
2020-03-09 18:00:00,17.09,52.65,3.27,308.2,0.0,98.76,7.36
2020-03-09 19:00:00,16.15,54.39,3.23,310.6,0.0,98.84,6.97
2020-03-09 20:00:00,15.28,55.91,3.19,310.4,0.0,98.9,6.58
2020-03-09 21:00:00,14.43,57.45,3.22,308.7,0.0,98.94,6.18
2020-03-09 22:00:00,13.61,59.07,3.27,309.3,0.0,98.94,5.79
2020-03-09 23:00:00,12.81,60.73,3.32,313.3,0.0,98.91,5.43
2020-03-10 00:00:00,12.09,62.19,3.35,319.6,0.0,98.88,5.11
2020-03-10 01:00:00,11.46,63.52,3.36,326.4,0.0,98.82,4.8
2020-03-10 02:00:00,10.84,64.95,3.36,333.3,0.0,98.79,4.54
2020-03-10 03:00:00,10.25,66.67,3.31,341.0,0.0,98.78,4.35
2020-03-10 04:00:00,9.78,68.16,3.26,349.0,0.0,98.8,4.23
2020-03-10 05:00:00,9.46,69.68,3.2,356.1,0.0,98.85,4.24
2020-03-10 06:00:00,11.08,66.05,2.78,2.7,0.0,98.93,5.01
2020-03-10 07:00:00,15.22,51.89,3.11,12.8,0.0,99.01,5.43
2020-03-10 08:00:00,18.61,45.19,1.63,35.5,0.0,99.07,6.54
2020-03-10 09:00:00,22.75,30.39,1.83,10.1,0.0,99.08,4.49
2020-03-10 10:00:00,24.47,25.89,1.53,344.9,0.0,99.03,3.69
2020-03-10 11:00:00,25.74,23.94,1.72,323.5,0.0,98.93,3.67
2020-03-10 12:00:00,26.61,23.21,2.03,314.4,0.0,98.82,3.95
2020-03-10 13:00:00,27.0,23.19,1.98,305.8,0.0,98.7,4.27
2020-03-10 14:00:00,27.01,23.77,1.79,295.8,0.0,98.6,4.64
2020-03-10 15:00:00,26.55,24.27,1.33,285.3,0.0,98.57,4.54
2020-03-10 16:00:00,25.47,27.66,0.72,252.3,0.0,98.56,5.48
2020-03-10 17:00:00,22.6,39.69,1.02,187.3,0.0,98.57,8.19
2020-03-10 18:00:00,19.56,46.13,2.16,180.3,0.0,98.62,7.66
2020-03-10 19:00:00,18.04,50.78,2.67,185.4,0.0,98.71,7.67
2020-03-10 20:00:00,16.87,55.62,2.75,190.7,0.0,98.79,7.94
2020-03-10 21:00:00,15.6,62.91,2.55,194.3,0.0,98.82,8.57
2020-03-10 22:00:00,14.83,67.6,2.29,196.2,0.0,98.83,8.89
2020-03-10 23:00:00,14.5,68.83,1.8,190.9,0.0,98.79,8.82
2020-03-11 00:00:00,14.83,67.64,1.17,189.9,0.0,98.75,8.9
2020-03-11 01:00:00,15.0,68.83,1.21,236.8,0.02,98.74,9.31
2020-03-11 02:00:00,14.75,71.99,1.63,261.2,0.02,98.71,9.75
2020-03-11 03:00:00,14.31,75.77,1.7,263.3,0.01,98.66,10.1
2020-03-11 04:00:00,13.99,78.42,1.61,279.6,0.02,98.64,10.31
2020-03-11 05:00:00,13.15,82.21,1.6,321.3,0.03,98.65,10.2
2020-03-11 06:00:00,13.63,82.02,1.41,1.2,0.04,98.68,10.64
2020-03-11 07:00:00,15.52,74.14,1.59,74.7,0.05,98.73,10.95
2020-03-11 08:00:00,18.9,58.59,3.39,123.3,0.01,98.77,10.64
2020-03-11 09:00:00,22.05,47.69,4.95,134.8,0.01,98.75,10.47
2020-03-11 10:00:00,24.36,43.98,5.54,139.0,0.02,98.69,11.33
2020-03-11 11:00:00,26.0,43.39,5.58,143.7,0.03,98.6,12.61
2020-03-11 12:00:00,26.64,44.33,5.44,146.0,0.03,98.46,13.51
2020-03-11 13:00:00,26.78,45.19,5.27,145.1,0.03,98.34,13.95
2020-03-11 14:00:00,26.71,45.47,5.27,141.5,0.03,98.25,13.99
2020-03-11 15:00:00,25.92,47.82,5.04,134.6,0.03,98.24,14.05
2020-03-11 16:00:00,24.82,53.84,3.98,121.1,0.03,98.25,14.86
2020-03-11 17:00:00,22.8,61.67,3.7,108.8,0.03,98.3,15.09
2020-03-11 18:00:00,21.81,64.66,4.78,110.6,0.02,98.38,14.88
2020-03-11 19:00:00,21.18,67.03,5.35,115.1,0.02,98.49,14.85
2020-03-11 20:00:00,20.14,71.19,4.81,119.4,0.01,98.57,14.78
2020-03-11 21:00:00,19.19,75.06,3.81,124.9,0.01,98.62,14.69
2020-03-11 22:00:00,18.78,77.09,3.13,125.4,0.01,98.63,14.7
2020-03-11 23:00:00,17.99,81.3,2.89,119.9,0.02,98.61,14.77
2020-03-12 00:00:00,17.53,84.54,3.44,117.7,0.02,98.61,14.92
2020-03-12 01:00:00,16.96,88.38,3.48,122.5,0.02,98.61,15.06
2020-03-12 02:00:00,16.24,92.6,2.72,123.3,0.02,98.6,15.07
2020-03-12 03:00:00,15.56,96.53,2.14,120.3,0.02,98.6,15.02
2020-03-12 04:00:00,15.01,99.68,1.98,116.0,0.01,98.64,14.99
2020-03-12 05:00:00,14.62,100.0,2.02,113.3,0.01,98.72,14.91
2020-03-12 06:00:00,15.56,96.65,2.52,111.0,0.01,98.8,15.05
2020-03-12 07:00:00,17.96,85.34,2.96,113.5,0.0,98.9,15.5
2020-03-12 08:00:00,21.41,64.2,2.62,132.2,0.22,98.98,14.37
2020-03-12 09:00:00,24.25,48.3,3.03,156.5,0.38,99.0,12.63
2020-03-12 10:00:00,26.04,40.36,3.8,163.7,0.3,98.94,11.52
2020-03-12 11:00:00,27.16,36.05,4.52,164.1,0.23,98.85,10.83
2020-03-12 12:00:00,27.93,33.42,5.13,165.4,0.18,98.74,10.37
2020-03-12 13:00:00,28.24,31.4,5.58,169.0,0.15,98.64,9.72
2020-03-12 14:00:00,28.16,30.0,5.72,171.2,0.12,98.57,8.97
2020-03-12 15:00:00,27.52,30.19,5.44,171.8,0.06,98.55,8.51
2020-03-12 16:00:00,26.0,36.15,4.01,170.2,0.02,98.57,9.83
2020-03-12 17:00:00,22.36,52.14,2.58,161.2,0.02,98.63,12.1
2020-03-12 18:00:00,20.79,54.82,2.61,144.1,0.01,98.7,11.39
2020-03-12 19:00:00,20.11,56.07,2.68,125.1,0.0,98.77,11.11
2020-03-12 20:00:00,19.46,57.16,2.8,120.5,0.0,98.82,10.78
2020-03-12 21:00:00,19.13,58.09,2.78,124.3,0.01,98.86,10.72
2020-03-12 22:00:00,18.39,59.49,2.75,128.2,0.01,98.85,10.39
2020-03-12 23:00:00,17.85,60.69,2.55,135.8,0.01,98.83,10.16
2020-03-13 00:00:00,17.45,61.13,2.21,154.5,0.02,98.82,9.9
2020-03-13 01:00:00,17.21,60.3,1.74,192.6,0.04,98.82,9.46
2020-03-13 02:00:00,16.37,62.24,1.55,253.5,0.09,98.8,9.12
2020-03-13 03:00:00,14.87,68.41,1.94,294.7,0.13,98.77,9.09
2020-03-13 04:00:00,13.81,71.49,2.25,309.2,0.13,98.79,8.73
2020-03-13 05:00:00,13.02,73.19,2.35,314.1,0.08,98.82,8.32
2020-03-13 06:00:00,13.84,71.9,2.11,313.5,0.05,98.86,8.84
2020-03-13 07:00:00,16.39,61.05,2.64,308.4,0.04,98.92,8.82
2020-03-13 08:00:00,19.59,48.64,2.38,302.3,0.1,98.99,8.44
2020-03-13 09:00:00,24.59,25.46,2.45,286.1,0.08,99.04,3.45
2020-03-13 10:00:00,26.57,20.77,2.09,260.6,0.12,99.05,2.26
2020-03-13 11:00:00,27.43,19.74,1.74,233.4,0.29,99.01,2.28
2020-03-13 12:00:00,27.93,19.33,1.89,211.6,0.26,98.94,2.4
2020-03-13 13:00:00,28.05,18.76,2.29,204.5,0.14,98.86,2.1
2020-03-13 14:00:00,27.8,18.56,2.37,205.3,0.09,98.8,1.77
2020-03-13 15:00:00,27.03,19.05,2.16,215.0,0.07,98.78,1.51
2020-03-13 16:00:00,25.48,24.23,1.71,231.7,0.04,98.8,3.51
2020-03-13 17:00:00,22.44,36.94,1.63,252.5,0.03,98.86,6.93
2020-03-13 18:00:00,21.09,32.64,1.76,268.0,0.03,98.94,4.07
2020-03-13 19:00:00,19.97,34.26,1.9,286.5,0.03,99.03,3.77
2020-03-13 20:00:00,17.8,42.13,2.41,299.7,0.02,99.1,4.78
2020-03-13 21:00:00,15.32,51.53,3.04,306.0,0.02,99.13,5.42
2020-03-13 22:00:00,13.85,55.07,3.34,310.1,0.03,99.12,5.0
2020-03-13 23:00:00,12.69,57.56,3.68,315.1,0.06,99.11,4.56
2020-03-14 00:00:00,11.6,61.73,3.73,324.3,0.13,99.12,4.52
2020-03-14 01:00:00,10.67,66.9,3.52,340.6,0.22,99.12,4.79
2020-03-14 02:00:00,9.87,73.57,3.21,357.9,0.26,99.12,5.4
2020-03-14 03:00:00,9.3,81.02,2.83,8.5,0.24,99.11,6.21
2020-03-14 04:00:00,9.04,87.55,2.5,13.6,0.17,99.12,7.1
2020-03-14 05:00:00,9.12,94.06,2.33,21.2,0.2,99.15,8.21
2020-03-14 06:00:00,10.9,96.22,1.81,34.0,0.15,99.16,10.3
2020-03-14 07:00:00,14.16,91.28,1.95,52.1,0.09,99.2,12.76
2020-03-14 08:00:00,17.62,78.19,1.3,73.0,0.93,99.23,13.77
2020-03-14 09:00:00,21.83,50.56,1.03,131.4,0.49,99.23,11.04
2020-03-14 10:00:00,24.2,36.53,1.63,192.8,0.21,99.2,8.36
2020-03-14 11:00:00,25.33,31.28,2.15,209.8,0.17,99.12,7.08
2020-03-14 12:00:00,25.84,28.9,2.43,222.7,0.17,99.03,6.39
2020-03-14 13:00:00,25.82,28.14,2.84,236.5,0.19,98.93,5.99
2020-03-14 14:00:00,25.53,27.89,3.07,246.4,0.23,98.86,5.61
2020-03-14 15:00:00,24.63,28.71,3.05,256.7,0.12,98.85,5.27
2020-03-14 16:00:00,22.98,33.97,2.55,269.3,0.07,98.89,6.26
2020-03-14 17:00:00,19.14,54.56,2.35,289.4,0.02,98.96,9.77
2020-03-14 18:00:00,16.98,58.06,2.8,304.8,0.02,99.04,8.68
2020-03-14 19:00:00,16.06,59.88,2.89,314.6,0.01,99.12,8.28
2020-03-14 20:00:00,15.26,61.6,2.84,319.0,0.0,99.17,7.96
2020-03-14 21:00:00,14.5,63.38,2.79,318.8,0.03,99.2,7.66
2020-03-14 22:00:00,13.8,65.11,2.73,318.6,0.0,99.19,7.4
2020-03-14 23:00:00,13.15,66.55,2.66,321.4,0.01,99.17,7.1
2020-03-15 00:00:00,12.51,68.61,2.58,328.2,0.02,99.13,6.93
2020-03-15 01:00:00,11.88,71.47,2.52,337.1,0.0,99.06,6.91
2020-03-15 02:00:00,11.38,73.85,2.45,343.4,0.0,99.03,6.9
2020-03-15 03:00:00,11.09,75.42,2.34,346.9,0.0,99.04,6.93
2020-03-15 04:00:00,11.02,75.67,2.15,348.2,0.01,99.08,6.91
2020-03-15 05:00:00,11.17,74.72,1.94,346.9,0.28,99.12,6.88
2020-03-15 06:00:00,12.49,73.66,1.52,344.0,0.39,99.19,7.93
2020-03-15 07:00:00,15.26,64.24,1.65,325.2,1.96,99.3,8.57
2020-03-15 08:00:00,18.1,55.43,1.18,311.9,0.05,99.38,9.05
2020-03-15 09:00:00,21.41,39.81,0.31,193.1,0.04,99.41,7.22
2020-03-15 10:00:00,22.93,36.0,0.8,172.1,0.02,99.41,7.1
2020-03-15 11:00:00,24.0,33.8,0.76,172.4,0.01,99.39,7.12
2020-03-15 12:00:00,24.63,32.57,0.4,137.0,0.01,99.31,7.15
2020-03-15 13:00:00,24.93,31.91,0.62,60.1,0.01,99.22,7.09
2020-03-15 14:00:00,24.9,31.59,0.99,43.4,0.0,99.12,6.93
2020-03-15 15:00:00,24.49,32.36,1.25,29.6,0.0,99.08,6.91
2020-03-15 16:00:00,23.51,35.41,1.4,14.4,0.0,99.09,7.36
2020-03-15 17:00:00,20.97,47.71,1.39,356.3,0.0,99.12,9.46
2020-03-15 18:00:00,19.15,50.43,1.79,341.8,0.0,99.16,8.62
2020-03-15 19:00:00,18.07,54.36,2.03,331.2,0.0,99.2,8.74
2020-03-15 20:00:00,16.78,59.02,2.38,324.9,0.0,99.26,8.76
2020-03-15 21:00:00,15.66,62.62,2.7,325.0,0.0,99.31,8.58
2020-03-15 22:00:00,14.88,65.18,2.81,327.0,0.0,99.3,8.44
2020-03-15 23:00:00,14.4,67.4,2.76,334.0,0.0,99.26,8.46
2020-03-16 00:00:00,13.72,70.33,2.84,337.4,0.0,99.25,8.44
2020-03-16 01:00:00,13.15,73.17,2.88,343.3,0.0,99.2,8.48
2020-03-16 02:00:00,12.72,75.42,2.8,352.0,0.0,99.14,8.52
2020-03-16 03:00:00,12.32,77.41,2.67,353.1,0.0,99.12,8.52
2020-03-16 04:00:00,11.83,79.49,2.53,354.3,0.0,99.11,8.43
2020-03-16 05:00:00,11.51,80.65,2.39,349.2,0.0,99.16,8.33
2020-03-16 06:00:00,12.95,74.77,2.15,343.2,0.0,99.21,8.62
2020-03-16 07:00:00,15.57,63.33,2.34,330.6,0.0,99.29,8.66
2020-03-16 08:00:00,18.94,53.01,2.28,315.7,0.0,99.37,9.17
2020-03-16 09:00:00,22.97,39.41,3.25,327.2,0.0,99.39,8.46
2020-03-16 10:00:00,24.97,35.13,2.99,321.0,0.0,99.35,8.55
2020-03-16 11:00:00,26.39,32.64,2.72,317.1,0.0,99.28,8.71
2020-03-16 12:00:00,27.33,30.73,2.38,315.3,0.0,99.18,8.62
2020-03-16 13:00:00,27.75,29.7,2.16,321.4,0.0,99.08,8.48
2020-03-16 14:00:00,27.63,29.68,2.1,322.4,0.0,99.02,8.37
2020-03-16 15:00:00,26.99,30.27,2.16,320.6,0.0,99.01,8.11
2020-03-16 16:00:00,25.81,34.17,1.95,319.4,0.0,99.03,8.86
2020-03-16 17:00:00,22.66,49.31,1.81,321.3,0.0,99.07,11.47
2020-03-16 18:00:00,20.46,51.46,2.22,325.7,0.0,99.12,10.14
2020-03-16 19:00:00,19.2,55.26,2.44,327.9,0.0,99.19,10.03
2020-03-16 20:00:00,18.15,58.74,2.59,329.9,0.0,99.24,9.97
2020-03-16 21:00:00,17.24,61.9,2.71,330.4,0.0,99.26,9.89
2020-03-16 22:00:00,16.44,65.21,2.83,329.9,0.0,99.25,9.92
2020-03-16 23:00:00,15.72,68.71,2.95,328.6,0.0,99.24,10.01
2020-03-17 00:00:00,15.12,71.77,3.05,327.3,0.0,99.23,10.08
2020-03-17 01:00:00,14.61,74.34,3.13,326.6,0.0,99.21,10.13
2020-03-17 02:00:00,14.11,76.75,3.12,326.4,0.0,99.17,10.12
2020-03-17 03:00:00,13.62,78.91,3.1,325.8,0.0,99.14,10.06
2020-03-17 04:00:00,13.12,81.01,3.05,325.7,0.0,99.15,9.97
2020-03-17 05:00:00,12.61,83.03,2.96,325.2,0.0,99.17,9.83
2020-03-17 06:00:00,14.32,75.28,2.97,323.5,0.0,99.22,10.02
2020-03-17 07:00:00,17.46,62.88,3.11,317.6,0.0,99.28,10.34
2020-03-17 08:00:00,21.3,51.4,2.63,312.1,0.0,99.32,10.9
2020-03-17 09:00:00,25.45,36.28,4.76,324.1,0.0,99.34,9.44
2020-03-17 10:00:00,27.13,31.71,4.91,321.8,0.0,99.33,8.92
2020-03-17 11:00:00,28.37,28.5,4.99,320.1,0.0,99.28,8.4
2020-03-17 12:00:00,29.2,26.05,5.08,318.6,0.0,99.21,7.79
2020-03-17 13:00:00,29.54,24.26,5.2,317.3,0.0,99.14,7.04
2020-03-17 14:00:00,29.3,23.42,5.13,315.8,0.0,99.09,6.34
2020-03-17 15:00:00,28.44,23.92,4.79,314.0,0.0,99.08,5.91
2020-03-17 16:00:00,26.69,29.44,3.78,312.9,0.0,99.1,7.41
2020-03-17 17:00:00,22.21,45.89,2.67,313.8,0.0,99.14,10.02
2020-03-17 18:00:00,19.67,49.47,2.91,315.8,0.0,99.21,8.84
2020-03-17 19:00:00,18.77,50.97,2.78,318.8,0.0,99.27,8.44
2020-03-17 20:00:00,18.02,51.92,2.68,322.0,0.0,99.31,8.03
2020-03-17 21:00:00,17.38,52.54,2.61,323.9,0.0,99.31,7.61
2020-03-17 22:00:00,16.81,53.05,2.54,324.6,0.0,99.28,7.21
2020-03-17 23:00:00,16.2,54.18,2.52,324.7,0.0,99.24,6.96
2020-03-18 00:00:00,15.46,56.16,2.59,324.4,0.0,99.2,6.79
2020-03-18 01:00:00,14.69,58.6,2.72,323.4,0.0,99.15,6.69
2020-03-18 02:00:00,14.05,60.75,2.8,322.7,0.0,99.1,6.62
2020-03-18 03:00:00,13.54,62.78,2.9,322.6,0.0,99.07,6.6
2020-03-18 04:00:00,13.12,64.53,2.97,322.0,0.0,99.07,6.62
2020-03-18 05:00:00,12.78,66.32,3.01,320.7,0.0,99.1,6.69
2020-03-18 06:00:00,14.71,62.4,2.9,318.6,0.0,99.16,7.61
2020-03-18 07:00:00,18.15,51.14,3.66,315.3,0.0,99.21,7.91
2020-03-18 08:00:00,21.77,44.88,2.83,308.4,0.0,99.24,9.29
2020-03-18 09:00:00,26.34,35.3,4.82,322.7,0.0,99.22,9.8
2020-03-18 10:00:00,28.44,32.43,5.04,320.2,0.0,99.19,10.38
2020-03-18 11:00:00,29.76,30.85,5.03,314.3,0.0,99.12,10.79
2020-03-18 12:00:00,30.56,29.55,5.04,308.1,0.0,99.03,10.81
2020-03-18 13:00:00,30.83,28.65,5.11,303.3,0.0,98.94,10.59
2020-03-18 14:00:00,30.66,28.44,5.23,301.6,0.0,98.86,10.34
2020-03-18 15:00:00,29.92,29.4,5.26,302.9,0.0,98.82,10.2
2020-03-18 16:00:00,28.32,34.37,4.46,305.8,0.0,98.82,11.12
2020-03-18 17:00:00,24.27,48.94,2.85,311.9,0.0,98.83,12.9
2020-03-18 18:00:00,21.68,54.79,3.06,319.4,0.0,98.87,12.2
2020-03-18 19:00:00,20.68,57.84,3.03,327.4,0.0,98.93,12.1
2020-03-18 20:00:00,19.78,60.76,2.95,335.8,0.0,98.97,12.01
2020-03-18 21:00:00,18.95,63.77,2.87,343.2,0.0,98.98,11.96
2020-03-18 22:00:00,18.18,67.06,2.78,348.6,0.0,98.96,11.99
2020-03-18 23:00:00,17.47,70.19,2.67,352.7,0.0,98.93,12.0
2020-03-19 00:00:00,16.79,73.0,2.52,353.9,0.0,98.89,11.96
2020-03-19 01:00:00,16.27,75.0,2.3,350.3,0.0,98.85,11.86
2020-03-19 02:00:00,16.06,75.54,2.0,341.0,0.0,98.8,11.76
2020-03-19 03:00:00,16.01,75.5,1.71,325.5,0.0,98.77,11.71
2020-03-19 04:00:00,15.82,76.17,1.58,305.5,0.0,98.78,11.66
2020-03-19 05:00:00,15.54,77.22,1.59,287.2,0.0,98.81,11.61
2020-03-19 06:00:00,16.66,74.33,1.49,271.2,0.0,98.85,12.09
2020-03-19 07:00:00,19.49,62.39,1.7,253.3,0.0,98.92,12.13
2020-03-19 08:00:00,23.02,51.6,1.56,240.8,0.0,98.95,12.54
2020-03-19 09:00:00,27.46,36.62,2.46,257.8,0.0,98.97,11.36
2020-03-19 10:00:00,29.32,32.01,3.08,265.2,0.0,98.94,10.96
2020-03-19 11:00:00,30.52,29.21,3.58,269.8,0.0,98.86,10.61
2020-03-19 12:00:00,31.2,27.52,3.85,276.1,0.0,98.76,10.3
2020-03-19 13:00:00,31.45,26.58,3.94,285.2,0.0,98.64,10.01
2020-03-19 14:00:00,31.29,26.32,3.89,294.3,0.0,98.54,9.71
2020-03-19 15:00:00,30.54,27.21,3.76,302.6,0.0,98.5,9.56
2020-03-19 16:00:00,29.05,31.32,3.2,313.5,0.0,98.5,10.39
2020-03-19 17:00:00,24.98,48.59,2.34,336.1,0.0,98.53,13.43
2020-03-19 18:00:00,22.53,52.84,2.73,356.4,0.0,98.58,12.46
2020-03-19 19:00:00,21.53,55.72,2.82,12.1,0.0,98.66,12.35
2020-03-19 20:00:00,20.69,58.38,2.82,22.7,0.0,98.71,12.27
2020-03-19 21:00:00,19.9,60.84,2.76,29.3,0.0,98.74,12.16
2020-03-19 22:00:00,19.13,63.34,2.72,34.0,0.0,98.75,12.04
2020-03-19 23:00:00,18.41,66.11,2.67,37.4,0.0,98.74,12.0
2020-03-20 00:00:00,17.75,68.66,2.61,39.9,0.0,98.72,11.94
2020-03-20 01:00:00,17.2,70.81,2.48,43.9,0.0,98.67,11.89
2020-03-20 02:00:00,16.84,71.99,2.26,51.5,0.0,98.61,11.79
2020-03-20 03:00:00,16.71,71.82,2.02,64.5,0.0,98.58,11.63
2020-03-20 04:00:00,16.7,71.22,1.81,79.8,0.0,98.6,11.5
2020-03-20 05:00:00,16.92,69.78,1.45,99.9,0.0,98.65,11.4
2020-03-20 06:00:00,18.03,68.08,1.04,151.2,0.0,98.74,12.07
2020-03-20 07:00:00,19.83,60.63,1.88,195.4,0.0,98.85,12.03
2020-03-20 08:00:00,22.01,55.26,2.26,178.2,0.0,98.91,12.66
2020-03-20 09:00:00,26.72,39.61,2.64,163.0,0.0,98.91,11.88
2020-03-20 10:00:00,29.54,32.2,1.91,165.5,0.0,98.88,11.23
2020-03-20 11:00:00,30.75,29.88,1.25,187.8,0.0,98.83,11.17
2020-03-20 12:00:00,31.35,28.95,0.87,215.7,0.0,98.73,11.2
2020-03-20 13:00:00,31.38,28.91,0.65,251.0,0.0,98.64,11.21
2020-03-20 14:00:00,31.21,29.17,0.65,284.2,0.0,98.55,11.18
2020-03-20 15:00:00,30.68,30.12,0.61,301.6,0.0,98.5,11.2
2020-03-20 16:00:00,29.65,33.93,0.38,340.1,0.0,98.48,12.11
2020-03-20 17:00:00,27.69,42.57,0.58,51.3,0.0,98.48,13.8
2020-03-20 18:00:00,25.56,45.17,1.17,71.1,0.0,98.5,12.84
2020-03-20 19:00:00,24.13,49.68,1.68,79.0,0.0,98.55,12.99
2020-03-20 20:00:00,23.01,52.55,1.96,85.6,0.0,98.58,12.81
2020-03-20 21:00:00,22.28,53.96,2.02,92.6,0.0,98.6,12.55
2020-03-20 22:00:00,21.8,54.6,1.94,101.9,0.0,98.61,12.28
2020-03-20 23:00:00,21.43,55.24,1.77,114.7,0.0,98.62,12.12
2020-03-21 00:00:00,20.95,56.7,1.65,129.1,0.0,98.62,12.06
2020-03-21 01:00:00,20.15,58.29,1.68,140.1,0.0,98.59,11.73
2020-03-21 02:00:00,19.24,60.18,1.74,145.0,0.0,98.54,11.36
2020-03-21 03:00:00,18.46,62.36,1.83,147.7,0.0,98.53,11.17
2020-03-21 04:00:00,17.8,64.33,1.89,151.5,0.0,98.55,11.01
2020-03-21 05:00:00,17.43,65.18,1.8,158.6,0.0,98.62,10.85
2020-03-21 06:00:00,18.71,64.76,1.39,168.8,0.0,98.68,11.95
2020-03-21 07:00:00,21.15,53.46,1.21,186.2,0.0,98.75,11.37
2020-03-21 08:00:00,24.5,44.17,1.05,202.9,0.0,98.81,11.53
2020-03-21 09:00:00,29.09,29.79,0.96,201.5,0.0,98.83,9.68
2020-03-21 10:00:00,30.81,26.56,0.67,176.6,0.0,98.81,9.42
2020-03-21 11:00:00,31.93,24.67,0.72,165.6,0.0,98.76,9.29
2020-03-21 12:00:00,32.56,23.63,0.74,163.5,0.0,98.68,9.17
2020-03-21 13:00:00,32.75,23.14,0.7,166.8,0.0,98.6,9.02
2020-03-21 14:00:00,32.39,23.4,0.39,201.3,0.0,98.53,8.9
2020-03-21 15:00:00,31.68,24.32,0.51,279.1,0.0,98.51,8.86
2020-03-21 16:00:00,30.52,26.67,0.84,309.2,0.0,98.51,9.25
2020-03-21 17:00:00,27.8,38.38,1.07,335.6,0.0,98.53,12.32
2020-03-21 18:00:00,25.57,40.78,1.58,356.7,0.0,98.58,11.26
2020-03-21 19:00:00,23.83,45.59,2.01,11.8,0.0,98.65,11.4
2020-03-21 20:00:00,22.54,50.13,2.18,24.7,0.0,98.72,11.65
2020-03-21 21:00:00,21.64,53.35,2.19,35.4,0.0,98.78,11.76
2020-03-21 22:00:00,21.08,56.36,2.12,42.3,0.0,98.81,12.07
2020-03-21 23:00:00,20.58,58.2,2.02,50.0,0.0,98.83,12.1
2020-03-22 00:00:00,20.05,58.67,1.91,62.0,0.0,98.83,11.71
2020-03-22 01:00:00,19.6,59.35,1.85,74.6,0.0,98.81,11.5
2020-03-22 02:00:00,19.44,59.36,1.69,77.7,0.0,98.77,11.34
2020-03-22 03:00:00,19.35,58.62,1.44,71.8,0.0,98.74,11.08
2020-03-22 04:00:00,18.86,59.59,1.15,58.1,0.0,98.76,10.85
2020-03-22 05:00:00,18.84,59.27,1.05,28.5,0.0,98.81,10.76
2020-03-22 06:00:00,19.2,62.87,1.08,356.3,0.0,98.88,11.95
2020-03-22 07:00:00,21.55,54.1,1.49,339.1,0.0,98.94,11.9
2020-03-22 08:00:00,25.91,40.78,1.63,315.5,0.0,98.97,11.59
2020-03-22 09:00:00,28.96,32.22,2.31,299.2,0.0,98.97,10.74
2020-03-22 10:00:00,30.42,29.22,2.88,292.0,0.0,98.95,10.53
2020-03-22 11:00:00,31.48,26.85,3.51,290.9,0.0,98.9,10.19
2020-03-22 12:00:00,32.19,24.92,4.12,295.3,0.0,98.81,9.67
2020-03-22 13:00:00,32.39,24.1,4.7,303.6,0.0,98.73,9.32
2020-03-22 14:00:00,32.1,23.83,5.04,311.5,0.0,98.68,8.92
2020-03-22 15:00:00,31.22,24.87,5.03,316.4,0.0,98.65,8.81
2020-03-22 16:00:00,29.59,28.78,4.47,320.5,0.0,98.67,9.6
2020-03-22 17:00:00,25.73,42.24,2.86,329.0,0.0,98.71,11.97
2020-03-22 18:00:00,22.87,48.93,3.03,339.4,0.0,98.76,11.61
2020-03-22 19:00:00,21.8,51.55,3.04,345.7,0.0,98.85,11.41
2020-03-22 20:00:00,20.87,53.78,3.02,349.1,0.0,98.92,11.19
2020-03-22 21:00:00,20.01,55.77,2.98,354.0,0.0,98.92,10.94
2020-03-22 22:00:00,19.24,57.43,2.94,1.6,0.0,98.89,10.65
2020-03-22 23:00:00,18.55,58.9,2.95,7.6,0.0,98.84,10.39
2020-03-23 00:00:00,18.1,60.18,2.92,13.7,0.0,98.8,10.28
2020-03-23 01:00:00,17.54,62.07,2.88,16.1,0.0,98.75,10.22
2020-03-23 02:00:00,16.81,65.16,2.8,15.8,0.0,98.73,10.26
2020-03-23 03:00:00,16.19,68.64,2.61,17.9,0.0,98.73,10.44
2020-03-23 04:00:00,15.76,71.02,2.3,22.0,0.0,98.77,10.55
2020-03-23 05:00:00,15.99,69.85,1.7,28.1,0.0,98.83,10.53
2020-03-23 06:00:00,17.65,65.09,0.79,52.7,0.0,98.9,11.02
2020-03-23 07:00:00,19.88,56.52,0.66,157.7,0.0,98.96,11.01
2020-03-23 08:00:00,24.1,43.81,1.01,171.5,0.0,99.0,11.05
2020-03-23 09:00:00,27.92,32.94,0.31,193.1,0.0,99.01,10.18
2020-03-23 10:00:00,29.74,29.68,0.67,276.8,0.0,98.97,10.19
2020-03-23 11:00:00,30.9,27.85,1.3,269.1,0.0,98.9,10.23
2020-03-23 12:00:00,31.66,26.92,2.21,263.5,0.0,98.82,10.37
2020-03-23 13:00:00,32.45,25.92,3.07,263.5,0.0,98.73,10.46
2020-03-23 14:00:00,32.26,26.14,3.58,264.4,0.0,98.64,10.44
2020-03-23 15:00:00,31.41,27.66,4.18,264.5,0.0,98.6,10.56
2020-03-23 16:00:00,29.59,32.78,4.18,264.5,0.0,98.62,11.54
2020-03-23 17:00:00,26.62,43.16,2.94,266.5,0.0,98.65,13.09
2020-03-23 18:00:00,24.71,48.36,2.84,275.7,0.0,98.69,13.11
2020-03-23 19:00:00,23.83,50.85,2.8,290.1,0.0,98.76,13.09
2020-03-23 20:00:00,23.04,53.24,2.79,307.9,0.0,98.8,13.04
2020-03-23 21:00:00,22.25,55.22,2.79,321.4,0.0,98.81,12.89
2020-03-23 22:00:00,21.58,56.96,2.7,336.0,0.0,98.79,12.73
2020-03-23 23:00:00,20.5,59.34,2.7,352.1,0.0,98.73,12.34
2020-03-24 00:00:00,19.69,60.65,2.62,4.6,0.0,98.68,11.91
2020-03-24 01:00:00,19.14,61.04,2.47,13.8,0.0,98.64,11.49
2020-03-24 02:00:00,18.83,60.7,2.21,19.3,0.0,98.62,11.1
2020-03-24 03:00:00,18.98,58.27,1.86,22.8,0.0,98.61,10.63
2020-03-24 04:00:00,19.44,54.62,1.45,26.2,0.0,98.63,10.09
2020-03-24 05:00:00,19.69,52.42,1.05,48.9,0.0,98.66,9.7
2020-03-24 06:00:00,21.06,51.85,0.73,93.1,0.0,98.72,10.75
2020-03-24 07:00:00,22.84,43.16,1.01,145.5,0.0,98.79,9.69
2020-03-24 08:00:00,24.56,40.51,1.34,166.2,0.0,98.83,10.29
2020-03-24 09:00:00,27.79,35.21,1.91,186.0,0.0,98.86,11.05
2020-03-24 10:00:00,30.17,30.53,2.16,200.9,0.0,98.83,10.98
2020-03-24 11:00:00,32.09,27.84,1.89,225.2,0.0,98.77,11.24
2020-03-24 12:00:00,33.33,25.67,2.15,254.1,0.0,98.68,11.06
2020-03-24 13:00:00,32.0,27.27,2.92,270.6,0.0,98.6,10.86
2020-03-24 14:00:00,30.59,30.93,3.46,284.6,0.0,98.55,11.54
2020-03-24 15:00:00,29.81,33.71,3.58,299.4,0.01,98.51,12.16
2020-03-24 16:00:00,29.23,36.28,3.42,315.8,0.0,98.5,12.77
2020-03-24 17:00:00,26.16,48.9,2.42,333.5,0.02,98.53,14.61
2020-03-24 18:00:00,23.62,55.91,2.84,345.7,0.11,98.58,14.34
2020-03-24 19:00:00,23.15,59.33,2.85,352.8,0.25,98.66,14.82
2020-03-24 20:00:00,22.31,63.34,2.7,0.4,0.08,98.72,15.04
2020-03-24 21:00:00,21.56,66.43,2.54,10.6,0.01,98.72,15.08
2020-03-24 22:00:00,20.87,68.29,2.4,14.7,0.0,98.72,14.84
2020-03-24 23:00:00,20.49,68.79,2.13,14.7,0.0,98.7,14.59
2020-03-25 00:00:00,20.39,68.81,1.91,10.0,0.0,98.68,14.5
2020-03-25 01:00:00,19.65,71.34,2.05,1.1,0.0,98.67,14.36
2020-03-25 02:00:00,18.74,74.34,2.28,352.9,0.0,98.66,14.1
2020-03-25 03:00:00,18.27,75.6,2.33,349.6,0.0,98.67,13.92
2020-03-25 04:00:00,17.93,76.26,2.34,347.4,0.0,98.69,13.72
2020-03-25 05:00:00,17.66,76.51,2.33,345.1,0.0,98.73,13.51
2020-03-25 06:00:00,19.75,70.1,2.11,341.7,0.0,98.79,14.16
2020-03-25 07:00:00,22.69,58.17,2.56,337.7,0.0,98.86,14.09
2020-03-25 08:00:00,27.04,44.15,2.62,330.3,0.0,98.9,13.79
2020-03-25 09:00:00,31.08,29.53,4.05,322.1,0.0,98.91,11.26
2020-03-25 10:00:00,32.37,26.5,4.16,317.1,0.0,98.88,10.74
2020-03-25 11:00:00,33.24,25.25,4.4,310.9,0.0,98.83,10.74
2020-03-25 12:00:00,33.67,24.21,4.85,306.6,0.0,98.74,10.47
2020-03-25 13:00:00,33.69,24.25,5.36,304.3,0.0,98.65,10.5
2020-03-25 14:00:00,33.36,24.53,5.65,303.2,0.0,98.6,10.41
2020-03-25 15:00:00,32.38,26.07,5.61,304.6,0.0,98.57,10.5
2020-03-25 16:00:00,30.74,29.96,4.89,311.4,0.0,98.56,11.18
2020-03-25 17:00:00,27.54,40.77,3.08,324.2,0.0,98.57,13.06
2020-03-25 18:00:00,25.15,46.26,3.2,342.4,0.0,98.57,12.84
2020-03-25 19:00:00,24.02,48.58,3.29,349.5,0.0,98.63,12.55
2020-03-25 20:00:00,22.95,52.0,2.97,339.7,0.0,98.77,12.61
2020-03-25 21:00:00,22.82,51.79,3.01,342.0,0.0,98.75,12.42
2020-03-25 22:00:00,22.23,53.56,2.79,331.0,0.0,98.76,12.39
2020-03-25 23:00:00,21.38,56.91,2.57,308.5,0.0,98.76,12.52
2020-03-26 00:00:00,20.69,60.0,2.55,288.8,0.0,98.74,12.68
2020-03-26 01:00:00,20.33,62.77,2.76,281.1,0.0,98.69,13.02
2020-03-26 02:00:00,19.97,67.05,3.04,280.2,0.0,98.67,13.68
2020-03-26 03:00:00,19.7,71.74,3.34,268.6,0.0,98.68,14.44
2020-03-26 04:00:00,19.6,75.53,4.02,250.1,0.0,98.74,15.15
2020-03-26 05:00:00,19.27,78.15,2.76,258.9,0.0,98.74,15.37
2020-03-26 06:00:00,19.9,75.59,3.28,276.5,0.0,98.78,15.47
2020-03-26 07:00:00,21.11,70.32,3.42,290.0,0.0,98.84,15.52
2020-03-26 08:00:00,23.6,59.08,4.11,298.8,0.05,98.92,15.16
2020-03-26 09:00:00,27.0,44.11,5.39,303.0,0.05,98.98,13.79
2020-03-26 10:00:00,28.64,38.45,5.2,307.1,0.03,99.0,13.14
2020-03-26 11:00:00,28.86,37.63,5.09,310.7,0.03,98.95,13.0
2020-03-26 12:00:00,28.7,37.99,5.18,311.8,0.06,98.87,13.02
2020-03-26 13:00:00,29.03,37.32,5.23,309.1,0.03,98.79,13.02
2020-03-26 14:00:00,29.99,35.03,5.32,308.7,0.0,98.73,12.9
2020-03-26 15:00:00,29.65,35.37,5.19,312.3,0.0,98.71,12.75
2020-03-26 16:00:00,28.32,39.22,4.57,322.7,0.0,98.71,13.16
2020-03-26 17:00:00,25.88,48.08,3.26,334.1,0.0,98.74,14.1
2020-03-26 18:00:00,24.41,51.9,3.68,335.9,0.0,98.79,13.91
2020-03-26 19:00:00,23.85,53.23,4.02,334.8,0.0,98.87,13.79
2020-03-26 20:00:00,23.13,55.35,3.64,333.7,0.0,98.93,13.72
2020-03-26 21:00:00,22.24,58.25,2.92,332.5,0.0,98.93,13.67
2020-03-26 22:00:00,21.28,60.77,2.79,329.7,0.0,98.92,13.44
2020-03-26 23:00:00,20.95,61.36,2.9,330.7,0.0,98.9,13.26
2020-03-27 00:00:00,20.68,62.12,3.05,329.0,0.0,98.87,13.2
2020-03-27 01:00:00,20.28,63.78,3.24,323.4,0.0,98.83,13.23
2020-03-27 02:00:00,19.73,66.8,3.98,309.8,0.01,98.82,13.42
2020-03-27 03:00:00,19.05,71.68,4.86,305.5,0.01,98.82,13.84
2020-03-27 04:00:00,18.35,77.45,4.83,306.2,0.01,98.87,14.35
2020-03-27 05:00:00,17.92,82.44,4.85,310.2,0.02,98.91,14.9
2020-03-27 06:00:00,18.53,82.11,5.09,316.0,0.09,98.97,15.44
2020-03-27 07:00:00,20.77,71.8,5.0,322.0,1.39,99.02,15.52
2020-03-27 08:00:00,23.64,57.63,4.64,328.3,0.06,99.08,14.82
2020-03-27 09:00:00,26.01,48.26,3.74,329.7,0.06,99.09,14.25
2020-03-27 10:00:00,27.95,42.86,2.94,308.0,0.34,99.1,14.19
2020-03-27 11:00:00,27.34,45.25,1.74,245.9,0.68,99.12,14.47
2020-03-27 12:00:00,26.88,47.21,1.99,196.6,0.06,99.06,14.72
2020-03-27 13:00:00,26.93,47.66,2.91,163.4,0.01,99.01,14.91
2020-03-27 14:00:00,26.95,47.31,3.68,135.1,0.05,98.84,14.83
2020-03-27 15:00:00,26.99,47.4,3.42,143.6,0.22,98.8,14.89
2020-03-27 16:00:00,26.03,50.54,3.19,157.0,0.35,98.82,15.0
2020-03-27 17:00:00,24.23,61.39,2.27,155.6,0.21,98.83,16.35
2020-03-27 18:00:00,22.11,69.46,2.38,153.5,0.1,98.88,16.27
2020-03-27 19:00:00,21.37,71.8,2.5,154.5,0.03,98.95,16.1
2020-03-27 20:00:00,20.74,73.21,2.53,156.2,0.01,99.02,15.8
2020-03-27 21:00:00,20.08,74.69,2.51,161.4,0.01,99.06,15.47
2020-03-27 22:00:00,19.49,76.37,2.45,173.0,0.01,99.07,15.25
2020-03-27 23:00:00,18.99,78.37,2.28,192.9,0.01,99.09,15.16
2020-03-28 00:00:00,18.49,81.52,2.19,222.4,0.02,99.08,15.3
2020-03-28 01:00:00,17.92,85.86,2.26,250.4,0.02,99.07,15.54
2020-03-28 02:00:00,17.36,90.75,2.2,272.1,0.01,99.05,15.84
2020-03-28 03:00:00,16.58,96.44,2.21,295.5,0.0,99.05,16.05
2020-03-28 04:00:00,16.01,100.0,2.27,317.3,0.0,99.09,16.11
2020-03-28 05:00:00,15.6,100.0,2.39,332.4,0.0,99.15,16.08
2020-03-28 06:00:00,17.52,93.13,3.42,341.1,0.0,99.21,16.42
2020-03-28 07:00:00,20.5,74.11,3.6,341.2,0.0,99.28,15.75
2020-03-28 08:00:00,23.93,51.84,3.47,330.7,0.0,99.32,13.44
2020-03-28 09:00:00,26.52,39.65,3.5,322.1,0.0,99.31,11.72
2020-03-28 10:00:00,28.45,32.47,3.82,319.7,0.0,99.26,10.41
2020-03-28 11:00:00,29.88,27.96,4.19,318.6,0.0,99.15,9.41
2020-03-28 12:00:00,30.73,25.17,4.61,319.0,0.0,99.02,8.57
2020-03-28 13:00:00,31.09,23.3,5.02,317.0,0.0,98.9,7.74
2020-03-28 14:00:00,30.89,22.84,5.27,313.8,0.0,98.81,7.28
2020-03-28 15:00:00,30.14,23.42,5.33,313.1,0.0,98.75,7.03
2020-03-28 16:00:00,28.76,25.6,5.19,313.3,0.0,98.73,7.15
2020-03-28 17:00:00,25.25,36.55,3.38,313.1,0.0,98.75,9.35
2020-03-28 18:00:00,21.99,44.8,3.38,311.5,0.0,98.81,9.48
2020-03-28 19:00:00,21.09,47.12,3.46,311.7,0.0,98.88,9.42
2020-03-28 20:00:00,20.26,49.82,3.49,312.6,0.0,98.94,9.49
2020-03-28 21:00:00,19.57,52.36,3.58,313.9,0.0,98.97,9.58
2020-03-28 22:00:00,18.94,54.75,3.73,317.5,0.0,98.97,9.67
2020-03-28 23:00:00,18.32,57.28,3.87,321.8,0.0,98.97,9.77
2020-03-29 00:00:00,17.72,59.7,3.99,327.3,0.0,98.94,9.81
2020-03-29 01:00:00,17.22,61.51,4.17,333.2,0.0,98.9,9.79
2020-03-29 02:00:00,16.79,63.25,4.25,336.9,0.0,98.83,9.8
2020-03-29 03:00:00,16.31,65.53,4.04,337.8,0.0,98.79,9.87
2020-03-29 04:00:00,15.82,68.13,3.72,335.2,0.0,98.78,9.99
2020-03-29 05:00:00,15.31,71.13,3.39,328.5,0.0,98.8,10.14
2020-03-29 06:00:00,17.33,63.85,4.58,318.4,0.0,98.86,10.46
2020-03-29 07:00:00,20.29,55.01,4.2,303.2,0.0,98.92,10.99
2020-03-29 08:00:00,25.05,40.43,5.63,308.2,0.0,98.95,10.7
2020-03-29 09:00:00,28.21,30.98,7.12,311.8,0.0,98.96,9.5
2020-03-29 10:00:00,29.76,27.37,6.9,306.9,0.0,98.93,8.99
2020-03-29 11:00:00,30.87,24.96,6.76,303.3,0.0,98.86,8.58
2020-03-29 12:00:00,31.53,23.41,6.73,301.8,0.0,98.78,8.18
2020-03-29 13:00:00,31.74,22.54,6.8,302.6,0.0,98.69,7.81
2020-03-29 14:00:00,31.54,22.31,6.83,303.8,0.0,98.63,7.48
2020-03-29 15:00:00,30.9,22.61,6.7,304.9,0.0,98.61,7.14
2020-03-29 16:00:00,29.61,24.57,6.1,306.1,0.0,98.63,7.28
2020-03-29 17:00:00,26.11,34.75,3.66,307.7,0.0,98.67,9.36
2020-03-29 18:00:00,22.71,43.3,3.45,309.5,0.0,98.73,9.63
2020-03-29 19:00:00,21.68,46.2,3.43,312.5,0.0,98.8,9.66
2020-03-29 20:00:00,20.73,49.13,3.39,316.1,0.0,98.86,9.71
2020-03-29 21:00:00,19.82,51.85,3.39,320.6,0.0,98.89,9.68
2020-03-29 22:00:00,19.03,54.4,3.51,325.8,0.0,98.9,9.65
2020-03-29 23:00:00,18.25,57.21,3.61,330.1,0.0,98.92,9.68
2020-03-30 00:00:00,17.44,60.51,3.58,335.1,0.0,98.91,9.75
2020-03-30 01:00:00,16.63,64.25,3.42,342.1,0.0,98.86,9.87
2020-03-30 02:00:00,15.89,68.37,3.18,344.9,0.0,98.82,10.1
2020-03-30 03:00:00,15.34,72.17,2.98,340.8,0.0,98.81,10.38
2020-03-30 04:00:00,14.87,75.79,2.82,333.9,0.0,98.82,10.66
2020-03-30 05:00:00,14.65,77.94,2.76,326.8,0.0,98.85,10.87
2020-03-30 06:00:00,17.15,67.57,3.53,321.1,0.0,98.89,11.13
2020-03-30 07:00:00,19.83,58.31,3.44,311.5,0.0,98.93,11.45
2020-03-30 08:00:00,24.16,43.07,3.86,301.8,0.0,98.98,10.83
2020-03-30 09:00:00,28.0,29.95,5.55,296.5,0.0,98.99,8.82
2020-03-30 10:00:00,29.64,26.66,6.25,294.0,0.0,98.98,8.52
2020-03-30 11:00:00,30.82,24.31,6.73,294.6,0.0,98.93,8.15
2020-03-30 12:00:00,31.68,22.55,7.03,297.2,0.0,98.85,7.76
2020-03-30 13:00:00,32.16,21.11,7.25,301.1,0.0,98.77,7.2
2020-03-30 14:00:00,32.0,20.69,7.11,304.4,0.0,98.7,6.77
2020-03-30 15:00:00,31.08,21.38,6.72,308.1,0.0,98.67,6.47
2020-03-30 16:00:00,29.06,24.75,5.9,314.4,0.0,98.67,6.92
2020-03-30 17:00:00,25.8,33.65,4.14,323.4,0.0,98.7,8.63
2020-03-30 18:00:00,23.6,39.69,4.26,330.2,0.0,98.75,9.12
2020-03-30 19:00:00,22.03,45.46,3.66,335.3,0.0,98.81,9.74
2020-03-30 20:00:00,20.8,50.26,3.09,337.8,0.0,98.85,10.1
2020-03-30 21:00:00,19.76,53.32,2.85,337.3,0.0,98.85,10.03
2020-03-30 22:00:00,18.62,55.99,2.77,335.9,0.0,98.82,9.7
2020-03-30 23:00:00,17.68,57.74,2.83,334.4,0.0,98.78,9.28
2020-03-31 00:00:00,16.96,58.86,2.9,334.1,0.0,98.74,8.89
2020-03-31 01:00:00,16.39,59.82,2.94,334.8,0.0,98.69,8.59
2020-03-31 02:00:00,15.89,60.95,2.99,334.5,0.0,98.66,8.4
2020-03-31 03:00:00,15.44,62.55,2.99,331.0,0.0,98.65,8.35
2020-03-31 04:00:00,15.0,64.74,2.93,325.0,0.0,98.68,8.44
2020-03-31 05:00:00,14.64,67.22,2.86,319.4,0.0,98.72,8.66
2020-03-31 06:00:00,17.27,59.4,3.44,313.8,0.0,98.76,9.3
2020-03-31 07:00:00,20.42,51.05,3.11,300.5,0.0,98.82,9.99
2020-03-31 08:00:00,25.29,39.62,3.19,299.5,0.0,98.85,10.62
2020-03-31 09:00:00,29.6,29.2,3.93,304.5,0.0,98.85,9.82
2020-03-31 10:00:00,31.8,24.87,3.76,288.3,0.0,98.81,9.31
2020-03-31 11:00:00,33.33,22.09,4.09,275.2,0.0,98.73,8.83
2020-03-31 12:00:00,33.85,21.17,4.73,272.1,0.0,98.64,8.62
2020-03-31 13:00:00,32.37,22.92,5.18,276.0,0.0,98.57,8.58
2020-03-31 14:00:00,31.6,24.71,5.49,284.2,0.0,98.52,9.04
2020-03-31 15:00:00,31.06,26.63,5.86,296.8,0.0,98.53,9.68
2020-03-31 16:00:00,29.66,31.5,5.67,316.5,0.0,98.56,11.0
2020-03-31 17:00:00,27.27,39.57,5.65,337.6,0.0,98.6,12.36
2020-03-31 18:00:00,24.99,47.63,5.79,351.4,0.0,98.65,13.13
2020-03-31 19:00:00,23.53,53.8,5.35,358.9,0.0,98.71,13.65
2020-03-31 20:00:00,22.28,59.28,4.7,2.7,0.0,98.75,13.99
2020-03-31 21:00:00,21.07,64.96,3.76,7.6,0.0,98.74,14.26
2020-03-31 22:00:00,19.88,70.9,2.79,14.3,0.0,98.71,14.48
2020-03-31 23:00:00,19.02,75.71,2.33,22.2,0.0,98.69,14.66
2020-04-01 00:00:00,18.53,78.92,2.15,28.6,0.22,98.67,14.84
2020-04-01 01:00:00,18.11,81.91,2.0,33.0,0.22,98.63,15.0
2020-04-01 02:00:00,18.03,81.84,1.76,36.9,0.22,98.61,14.9
2020-04-01 03:00:00,18.17,80.06,1.55,37.7,0.0,98.58,14.69
2020-04-01 04:00:00,18.28,78.24,1.36,35.4,0.0,98.58,14.45
2020-04-01 05:00:00,18.29,77.24,1.23,27.2,0.0,98.6,14.27
2020-04-01 06:00:00,19.56,74.62,1.09,7.9,0.0,98.65,14.96
2020-04-01 07:00:00,21.65,66.43,1.24,336.7,0.0,98.72,15.13
2020-04-01 08:00:00,25.98,49.27,1.2,311.6,0.0,98.78,14.47
2020-04-01 09:00:00,31.35,27.26,1.4,279.9,0.0,98.79,10.29
2020-04-01 10:00:00,33.09,24.54,2.32,274.2,0.0,98.75,10.19
2020-04-01 11:00:00,34.17,23.15,2.94,275.3,0.0,98.68,10.22
2020-04-01 12:00:00,34.73,22.47,3.4,278.5,0.0,98.58,10.25
2020-04-01 13:00:00,34.86,22.54,3.69,283.5,0.0,98.47,10.39
2020-04-01 14:00:00,34.64,22.71,4.0,289.4,0.0,98.38,10.32
2020-04-01 15:00:00,33.94,23.37,4.22,295.1,0.0,98.36,10.17
2020-04-01 16:00:00,32.57,25.68,4.23,302.3,0.0,98.37,10.44
2020-04-01 17:00:00,29.0,36.88,2.97,312.4,0.0,98.4,12.8
2020-04-01 18:00:00,25.92,42.92,3.41,321.8,0.0,98.45,12.39
2020-04-01 19:00:00,25.05,44.1,3.73,327.6,0.0,98.51,12.02
2020-04-01 20:00:00,24.2,46.12,3.98,330.5,0.0,98.58,11.92
2020-04-01 21:00:00,23.27,48.84,4.12,331.3,0.0,98.61,11.95
2020-04-01 22:00:00,22.32,52.02,4.25,331.1,0.0,98.6,12.02
2020-04-01 23:00:00,21.42,55.01,4.42,330.6,0.0,98.58,12.05
2020-04-02 00:00:00,20.58,57.91,4.59,331.1,0.0,98.56,12.05
2020-04-02 01:00:00,19.65,61.54,4.42,331.3,0.0,98.54,12.08
2020-04-02 02:00:00,18.63,65.92,3.84,330.5,0.0,98.51,12.17
2020-04-02 03:00:00,17.75,70.12,3.37,327.3,0.0,98.5,12.26
2020-04-02 04:00:00,17.02,74.17,3.13,320.6,0.0,98.5,12.42
2020-04-02 05:00:00,16.45,77.93,3.08,311.3,0.0,98.54,12.62
2020-04-02 06:00:00,18.11,71.26,4.37,299.6,0.0,98.59,12.85
2020-04-02 07:00:00,21.04,61.01,3.67,282.9,0.0,98.67,13.26
2020-04-02 08:00:00,26.28,41.35,4.31,297.3,0.0,98.71,12.11
2020-04-02 09:00:00,29.32,30.67,4.95,302.6,0.0,98.73,10.31
2020-04-02 10:00:00,30.9,26.96,4.95,301.3,0.0,98.71,9.74
2020-04-02 11:00:00,32.11,24.26,5.11,299.9,0.0,98.64,9.2
2020-04-02 12:00:00,32.82,22.79,5.6,298.7,0.0,98.56,8.86
2020-04-02 13:00:00,32.91,22.25,6.29,299.3,0.0,98.48,8.58
2020-04-02 14:00:00,32.5,22.18,6.85,301.3,0.0,98.42,8.19
2020-04-02 15:00:00,31.54,23.21,7.12,303.9,0.0,98.43,8.06
2020-04-02 16:00:00,30.01,25.71,7.02,306.8,0.0,98.48,8.3
2020-04-02 17:00:00,27.41,32.1,5.19,311.1,0.0,98.54,9.34
2020-04-02 18:00:00,24.09,41.68,3.89,318.0,0.0,98.61,10.29
2020-04-02 19:00:00,23.02,45.11,3.86,324.7,0.0,98.7,10.51
2020-04-02 20:00:00,22.02,48.39,3.7,330.4,0.0,98.78,10.66
2020-04-02 21:00:00,21.04,51.34,3.59,333.9,0.0,98.82,10.66
2020-04-02 22:00:00,20.12,53.94,3.54,335.8,0.0,98.82,10.54
2020-04-02 23:00:00,19.26,56.06,3.56,336.0,0.0,98.84,10.32
2020-04-03 00:00:00,18.5,57.67,3.65,335.4,0.0,98.83,10.04
2020-04-03 01:00:00,17.82,59.03,3.77,333.9,0.0,98.82,9.75
2020-04-03 02:00:00,17.16,60.64,3.7,332.7,0.0,98.8,9.52
2020-04-03 03:00:00,16.46,62.88,3.4,331.8,0.0,98.79,9.39
2020-04-03 04:00:00,15.79,65.46,3.13,329.3,0.0,98.79,9.36
2020-04-03 05:00:00,15.24,68.1,2.95,325.3,0.0,98.82,9.43
2020-04-03 06:00:00,17.51,59.99,4.05,319.9,0.0,98.87,9.68
2020-04-03 07:00:00,20.56,51.11,3.34,309.2,0.0,98.92,10.14
2020-04-03 08:00:00,25.28,34.55,5.68,306.6,0.0,98.96,8.56
2020-04-03 09:00:00,27.54,27.24,6.21,303.2,0.0,98.97,7.03
2020-04-03 10:00:00,29.29,22.9,6.26,300.1,0.0,98.93,6.01
2020-04-03 11:00:00,30.69,20.08,6.34,298.3,0.0,98.87,5.25
2020-04-03 12:00:00,31.71,17.99,6.5,298.2,0.0,98.77,4.52
2020-04-03 13:00:00,32.29,16.77,6.69,299.7,0.0,98.68,3.99
2020-04-03 14:00:00,32.2,16.55,6.83,301.2,0.0,98.62,3.73
2020-04-03 15:00:00,31.45,17.37,6.75,304.4,0.0,98.59,3.8
2020-04-03 16:00:00,30.04,19.34,6.21,307.8,0.0,98.6,4.21
2020-04-03 17:00:00,26.42,29.0,3.65,309.9,0.0,98.64,6.94
2020-04-03 18:00:00,22.45,39.06,3.33,310.7,0.0,98.69,7.87
2020-04-03 19:00:00,21.26,41.97,3.3,310.2,0.0,98.76,7.86
2020-04-03 20:00:00,20.26,44.53,3.25,310.3,0.0,98.82,7.83
2020-04-03 21:00:00,19.37,46.72,3.21,311.6,0.0,98.85,7.72
2020-04-03 22:00:00,18.57,48.53,3.2,314.6,0.0,98.86,7.55
2020-04-03 23:00:00,17.82,50.4,3.18,318.7,0.0,98.85,7.4
2020-04-04 00:00:00,17.1,52.4,3.16,324.7,0.0,98.82,7.32
2020-04-04 01:00:00,16.42,54.78,3.12,331.7,0.0,98.78,7.33
2020-04-04 02:00:00,15.77,57.53,3.06,335.1,0.0,98.75,7.43
2020-04-04 03:00:00,15.21,60.08,2.99,334.5,0.0,98.74,7.56
2020-04-04 04:00:00,14.72,62.85,2.9,330.7,0.0,98.74,7.73
2020-04-04 05:00:00,14.41,65.2,2.79,322.4,0.0,98.78,7.99
2020-04-04 06:00:00,17.56,56.01,2.91,310.0,0.0,98.84,8.72
2020-04-04 07:00:00,20.78,46.82,2.99,293.2,0.0,98.91,9.03
2020-04-04 08:00:00,25.68,34.31,3.58,291.8,0.0,98.96,8.8
2020-04-04 09:00:00,29.72,23.63,5.3,300.1,0.0,98.98,6.82
2020-04-04 10:00:00,31.63,20.55,5.78,298.0,0.0,98.97,6.36
2020-04-04 11:00:00,32.89,19.0,6.06,297.3,0.0,98.92,6.25
2020-04-04 12:00:00,33.61,17.99,6.14,297.4,0.0,98.82,6.07
2020-04-04 13:00:00,33.84,17.44,6.09,297.8,0.0,98.72,5.81
2020-04-04 14:00:00,33.63,17.33,6.07,297.4,0.0,98.64,5.54
2020-04-04 15:00:00,32.92,17.74,5.96,298.1,0.0,98.59,5.31
2020-04-04 16:00:00,31.63,19.39,5.5,300.5,0.0,98.59,5.52
2020-04-04 17:00:00,27.77,30.32,3.27,306.7,0.0,98.62,8.77
2020-04-04 18:00:00,24.02,38.83,3.38,314.8,0.0,98.67,9.19
2020-04-04 19:00:00,22.92,41.41,3.4,322.1,0.0,98.73,9.15
2020-04-04 20:00:00,21.98,43.87,3.36,328.8,0.0,98.8,9.17
2020-04-04 21:00:00,21.1,46.06,3.29,334.2,0.0,98.82,9.09
2020-04-04 22:00:00,20.29,47.94,3.21,338.2,0.0,98.81,8.94
2020-04-04 23:00:00,19.54,49.59,3.11,341.3,0.0,98.78,8.75
2020-04-05 00:00:00,18.85,51.11,3.03,342.9,0.0,98.77,8.56
2020-04-05 01:00:00,18.22,52.48,2.98,346.0,0.0,98.75,8.37
2020-04-05 02:00:00,17.64,53.87,2.92,351.5,0.0,98.72,8.22
2020-04-05 03:00:00,17.15,55.24,2.85,358.0,0.0,98.72,8.13
2020-04-05 04:00:00,16.77,56.52,2.72,2.7,0.0,98.74,8.11
2020-04-05 05:00:00,16.72,57.06,2.48,5.3,0.0,98.79,8.21
2020-04-05 06:00:00,19.73,51.31,1.89,5.5,0.0,98.87,9.39
2020-04-05 07:00:00,22.91,40.61,1.05,0.5,0.0,98.93,8.86
2020-04-05 08:00:00,27.19,32.31,0.23,270.0,0.0,98.97,9.23
2020-04-05 09:00:00,31.62,22.66,1.97,293.0,0.0,98.98,7.77
2020-04-05 10:00:00,33.21,21.4,2.86,291.5,0.0,98.98,8.26
2020-04-05 11:00:00,34.26,21.07,3.17,290.9,0.0,98.92,8.91
2020-04-05 12:00:00,34.92,20.87,3.47,293.1,0.0,98.85,9.29
2020-04-05 13:00:00,35.11,21.02,3.55,296.4,0.0,98.76,9.57
2020-04-05 14:00:00,34.94,21.42,3.34,297.6,0.0,98.68,9.7
2020-04-05 15:00:00,34.34,21.79,2.96,303.2,0.0,98.64,9.45
2020-04-05 16:00:00,33.13,23.49,2.33,316.6,0.0,98.62,9.57
2020-04-05 17:00:00,30.13,37.85,1.52,357.0,0.0,98.61,14.06
2020-04-05 18:00:00,26.79,42.01,2.36,33.1,0.0,98.63,12.82
2020-04-05 19:00:00,25.14,45.02,2.93,46.1,0.0,98.68,12.4
2020-04-05 20:00:00,24.12,46.05,3.1,50.5,0.0,98.74,11.81
2020-04-05 21:00:00,23.14,47.15,3.06,50.6,0.0,98.78,11.27
2020-04-05 22:00:00,22.15,48.25,2.96,50.5,0.0,98.79,10.71
2020-04-05 23:00:00,21.32,48.39,2.91,47.6,0.0,98.77,10.01
2020-04-06 00:00:00,20.56,48.42,2.88,42.6,0.0,98.73,9.34
2020-04-06 01:00:00,19.89,48.61,2.87,37.1,0.0,98.68,8.78
2020-04-06 02:00:00,19.32,49.07,2.87,30.8,0.0,98.63,8.4
2020-04-06 03:00:00,18.89,49.6,2.83,22.9,0.0,98.61,8.17
2020-04-06 04:00:00,18.56,50.36,2.66,6.7,0.0,98.64,8.09
2020-04-06 05:00:00,18.34,51.03,2.54,345.2,0.0,98.72,8.07
2020-04-06 06:00:00,21.1,44.41,2.6,326.6,0.0,98.8,8.53
2020-04-06 07:00:00,24.13,34.36,3.04,310.3,0.0,98.87,7.48
2020-04-06 08:00:00,28.7,27.49,2.59,297.2,0.0,98.91,8.16
2020-04-06 09:00:00,32.37,22.68,2.85,284.6,0.0,98.92,8.42
2020-04-06 10:00:00,33.92,20.93,3.59,282.6,0.0,98.89,8.52
2020-04-06 11:00:00,35.0,19.34,4.21,285.9,0.0,98.82,8.24
2020-04-06 12:00:00,35.64,18.22,4.77,291.7,0.0,98.73,7.89
2020-04-06 13:00:00,35.84,17.49,5.32,297.4,0.0,98.63,7.44
2020-04-06 14:00:00,35.55,17.27,5.75,301.9,0.0,98.54,7.04
2020-04-06 15:00:00,34.78,17.65,5.95,305.8,0.0,98.5,6.72
2020-04-06 16:00:00,33.41,19.04,5.83,309.5,0.0,98.48,6.71
2020-04-06 17:00:00,29.87,27.15,3.85,313.8,0.0,98.5,8.95
2020-04-06 18:00:00,26.23,34.69,3.82,319.9,0.0,98.55,9.47
2020-04-06 19:00:00,25.3,36.39,4.18,325.9,0.0,98.63,9.35
2020-04-06 20:00:00,24.43,38.61,4.46,331.3,0.0,98.69,9.46
2020-04-06 21:00:00,23.45,41.51,4.44,334.6,0.0,98.71,9.67
2020-04-06 22:00:00,22.34,45.08,4.08,335.4,0.0,98.69,9.89
2020-04-06 23:00:00,21.37,48.31,3.74,333.3,0.0,98.66,10.04
2020-04-07 00:00:00,20.58,50.95,3.53,329.4,0.0,98.6,10.12
2020-04-07 01:00:00,19.97,53.01,3.49,326.8,0.0,98.54,10.13
2020-04-07 02:00:00,19.41,54.86,3.37,325.3,0.0,98.51,10.14
2020-04-07 03:00:00,18.86,56.62,3.24,324.1,0.0,98.49,10.11
2020-04-07 04:00:00,18.42,57.98,3.16,322.8,0.0,98.49,10.04
2020-04-07 05:00:00,18.18,58.74,3.13,322.8,0.0,98.53,10.0
2020-04-07 06:00:00,21.0,50.4,3.88,322.3,0.0,98.59,10.34
2020-04-07 07:00:00,24.19,42.11,3.48,318.4,0.0,98.63,10.55
2020-04-07 08:00:00,28.84,31.24,3.19,308.4,0.0,98.66,10.12
2020-04-07 09:00:00,33.04,19.57,4.99,301.4,0.0,98.68,6.82
2020-04-07 10:00:00,34.5,17.75,5.67,305.6,0.0,98.67,6.59
2020-04-07 11:00:00,35.48,17.08,6.03,313.5,0.0,98.61,6.8
2020-04-07 12:00:00,36.02,16.91,6.01,322.2,0.0,98.52,7.09
2020-04-07 13:00:00,36.1,17.24,5.8,329.9,0.0,98.42,7.44
2020-04-07 14:00:00,35.81,17.98,5.48,332.7,0.0,98.33,7.83
2020-04-07 15:00:00,34.94,19.41,5.1,334.1,0.0,98.28,8.24
2020-04-07 16:00:00,33.46,21.86,4.62,338.8,0.0,98.28,8.78
2020-04-07 17:00:00,30.01,32.07,2.98,349.2,0.0,98.29,11.55
2020-04-07 18:00:00,26.54,39.99,3.23,2.1,0.0,98.34,11.88
2020-04-07 19:00:00,25.49,42.0,3.44,10.7,0.0,98.41,11.68
2020-04-07 20:00:00,24.5,44.42,3.5,16.3,0.0,98.46,11.63
2020-04-07 21:00:00,23.59,46.77,3.49,17.5,0.0,98.48,11.58
2020-04-07 22:00:00,22.71,49.38,3.39,16.3,0.0,98.48,11.6
2020-04-07 23:00:00,21.86,52.11,3.18,14.7,0.0,98.46,11.63
2020-04-08 00:00:00,21.06,54.82,2.96,12.9,0.0,98.41,11.66
2020-04-08 01:00:00,20.38,57.21,2.8,9.5,0.0,98.37,11.67
2020-04-08 02:00:00,19.93,58.83,2.76,0.8,0.0,98.37,11.68
2020-04-08 03:00:00,19.67,59.93,2.93,348.8,0.0,98.39,11.72
2020-04-08 04:00:00,19.23,61.62,3.2,337.8,0.0,98.43,11.71
2020-04-08 05:00:00,18.8,63.26,3.44,330.4,0.0,98.48,11.7
2020-04-08 06:00:00,20.39,57.41,4.66,326.1,0.0,98.55,11.74
2020-04-08 07:00:00,23.16,49.01,3.88,321.4,0.0,98.62,11.89
2020-04-08 08:00:00,28.06,33.97,4.04,323.9,0.0,98.67,10.74
2020-04-08 09:00:00,30.93,27.44,3.53,315.1,0.0,98.71,10.04
2020-04-08 10:00:00,32.52,24.98,3.55,296.6,0.0,98.72,9.98
2020-04-08 11:00:00,33.67,23.11,4.02,286.5,0.0,98.69,9.78
2020-04-08 12:00:00,34.36,22.05,4.44,286.9,0.0,98.63,9.66
2020-04-08 13:00:00,34.58,21.88,4.81,293.2,0.0,98.55,9.72
2020-04-08 14:00:00,34.34,22.07,5.19,299.4,0.0,98.47,9.65
2020-04-08 15:00:00,33.46,22.9,5.35,304.9,0.0,98.42,9.46
2020-04-08 16:00:00,32.04,24.57,5.26,310.7,0.0,98.41,9.32
2020-04-08 17:00:00,29.29,30.67,3.83,316.0,0.0,98.43,10.27
2020-04-08 18:00:00,25.75,38.7,3.51,322.4,0.0,98.5,10.66
2020-04-08 19:00:00,24.6,39.14,3.86,327.1,0.0,98.57,9.82
2020-04-08 20:00:00,23.42,40.53,4.04,330.5,0.0,98.66,9.27
2020-04-08 21:00:00,22.26,42.85,4.06,332.4,0.0,98.69,9.06
2020-04-08 22:00:00,21.11,45.9,3.71,333.6,0.0,98.68,9.04
2020-04-08 23:00:00,20.05,48.85,3.39,333.4,0.0,98.65,9.01
2020-04-09 00:00:00,19.26,51.02,3.35,330.9,0.0,98.64,8.91
2020-04-09 01:00:00,18.71,52.57,3.5,328.7,0.0,98.62,8.86
2020-04-09 02:00:00,18.3,54.46,3.46,328.2,0.0,98.61,9.0
2020-04-09 03:00:00,17.76,57.26,3.17,329.2,0.0,98.6,9.24
2020-04-09 04:00:00,17.24,59.89,2.84,329.1,0.0,98.59,9.42
2020-04-09 05:00:00,16.86,61.7,2.63,323.8,0.0,98.63,9.5
2020-04-09 06:00:00,19.31,54.05,3.56,312.4,0.0,98.69,9.82
2020-04-09 07:00:00,22.42,45.76,3.19,295.8,0.0,98.75,10.19
2020-04-09 08:00:00,27.24,32.25,4.11,297.4,0.0,98.78,9.24
2020-04-09 09:00:00,29.68,25.61,4.78,299.9,0.0,98.81,7.96
2020-04-09 10:00:00,31.33,22.61,4.8,300.1,0.0,98.79,7.51
2020-04-09 11:00:00,32.69,20.42,4.79,300.7,0.0,98.73,7.13
2020-04-09 12:00:00,33.71,19.05,4.74,301.0,0.0,98.63,6.96
2020-04-09 13:00:00,34.27,18.3,4.42,301.2,0.0,98.51,6.86
2020-04-09 14:00:00,34.22,18.22,4.22,299.5,0.0,98.43,6.72
2020-04-09 15:00:00,33.12,19.15,4.36,299.3,0.0,98.39,6.57
2020-04-09 16:00:00,31.62,21.92,4.15,299.3,0.0,98.41,7.27
2020-04-09 17:00:00,28.33,32.76,2.85,300.1,0.0,98.46,10.42
2020-04-09 18:00:00,26.08,37.5,3.24,302.7,0.0,98.54,10.49
2020-04-09 19:00:00,25.31,39.09,3.48,304.9,0.0,98.62,10.43
2020-04-09 20:00:00,24.46,41.66,3.43,307.1,0.0,98.67,10.62
2020-04-09 21:00:00,23.83,43.16,3.38,308.3,0.0,98.69,10.59
2020-04-09 22:00:00,23.36,43.69,3.41,310.2,0.0,98.68,10.34
2020-04-09 23:00:00,23.06,43.19,3.59,314.1,0.0,98.65,9.91
2020-04-10 00:00:00,22.76,42.95,3.71,319.1,0.0,98.61,9.54
2020-04-10 01:00:00,22.21,44.1,3.6,324.9,0.0,98.58,9.44
2020-04-10 02:00:00,21.45,46.93,3.31,330.3,0.0,98.56,9.68
2020-04-10 03:00:00,20.63,50.96,2.96,335.9,0.0,98.56,10.15
2020-04-10 04:00:00,19.73,55.26,2.77,338.8,0.0,98.59,10.54
2020-04-10 05:00:00,19.65,57.21,2.47,338.6,0.0,98.64,10.97
2020-04-10 06:00:00,22.32,51.44,1.94,328.7,0.0,98.72,11.85
2020-04-10 07:00:00,25.04,42.91,1.67,299.8,0.0,98.79,11.6
2020-04-10 08:00:00,29.69,31.38,2.46,296.6,0.0,98.84,10.94
2020-04-10 09:00:00,33.43,21.82,4.34,310.0,0.0,98.87,8.73
2020-04-10 10:00:00,34.8,20.04,4.8,311.3,0.0,98.86,8.59
2020-04-10 11:00:00,35.26,19.64,5.14,313.3,0.0,98.83,8.69
2020-04-10 12:00:00,35.01,19.57,5.42,316.1,0.0,98.78,8.41
2020-04-10 13:00:00,35.15,18.88,5.42,318.7,0.0,98.73,8.0
2020-04-10 14:00:00,35.45,17.91,4.91,318.6,0.0,98.66,7.47
2020-04-10 15:00:00,34.97,18.07,4.26,315.8,0.0,98.6,7.22
2020-04-10 16:00:00,34.1,19.37,3.54,313.4,0.0,98.57,7.52
2020-04-10 17:00:00,30.79,33.62,2.03,317.6,0.0,98.58,12.85
2020-04-10 18:00:00,28.21,36.32,2.19,325.6,0.0,98.62,11.89
2020-04-10 19:00:00,27.36,36.26,2.23,333.3,0.0,98.69,11.07
2020-04-10 20:00:00,26.53,37.96,2.3,340.5,0.0,98.76,11.07
2020-04-10 21:00:00,25.66,39.46,2.41,346.8,0.0,98.81,10.88
2020-04-10 22:00:00,24.84,41.44,2.49,349.8,0.0,98.83,10.88
2020-04-10 23:00:00,24.29,43.65,2.42,349.8,0.0,98.83,11.16
2020-04-11 00:00:00,23.96,45.78,2.24,347.1,0.0,98.79,11.58
2020-04-11 01:00:00,23.33,48.52,2.15,343.0,0.0,98.77,11.9
2020-04-11 02:00:00,22.43,52.05,2.2,345.8,0.0,98.77,12.14
2020-04-11 03:00:00,21.59,55.29,2.19,356.3,0.0,98.79,12.29
2020-04-11 04:00:00,21.03,57.38,2.05,6.4,0.0,98.85,12.33
2020-04-11 05:00:00,20.95,56.74,1.71,16.3,0.0,98.9,12.07
2020-04-11 06:00:00,23.02,52.62,1.18,25.7,0.0,98.97,12.84
2020-04-11 07:00:00,25.5,44.18,0.45,32.3,0.0,99.04,12.45
2020-04-11 08:00:00,30.71,30.78,0.6,225.7,0.0,99.1,11.53
2020-04-11 09:00:00,34.76,21.62,1.71,233.3,0.0,99.12,9.67
2020-04-11 10:00:00,36.41,19.37,2.06,249.5,0.0,99.09,9.4
2020-04-11 11:00:00,37.62,17.98,2.51,263.1,0.0,99.02,9.28
2020-04-11 12:00:00,38.25,17.24,3.02,273.0,0.0,98.91,9.16
2020-04-11 13:00:00,38.01,17.2,3.66,283.8,0.0,98.78,8.95
2020-04-11 14:00:00,37.38,17.64,4.5,295.3,0.0,98.7,8.81
2020-04-11 15:00:00,36.74,18.31,5.35,302.4,0.0,98.66,8.84
2020-04-11 16:00:00,35.47,19.96,5.78,308.9,0.0,98.65,9.08
2020-04-11 17:00:00,32.26,27.25,3.89,314.4,0.0,98.66,11.04
2020-04-11 18:00:00,29.13,34.65,3.67,319.4,0.0,98.68,12.0
2020-04-11 19:00:00,28.2,36.46,4.16,324.1,0.0,98.71,11.95
2020-04-11 20:00:00,27.21,38.78,4.35,326.8,0.0,98.75,12.0
2020-04-11 21:00:00,26.12,41.35,4.27,327.1,0.0,98.75,12.01
2020-04-11 22:00:00,25.12,43.72,4.23,325.9,0.0,98.75,11.95
2020-04-11 23:00:00,24.26,46.07,4.25,326.8,0.0,98.73,11.96
2020-04-12 00:00:00,23.48,48.59,4.16,327.3,0.0,98.7,12.06
2020-04-12 01:00:00,22.77,51.21,3.99,324.3,0.0,98.66,12.2
2020-04-12 02:00:00,22.09,53.77,3.6,321.1,0.0,98.62,12.31
2020-04-12 03:00:00,21.45,56.09,3.22,319.0,0.0,98.61,12.36
2020-04-12 04:00:00,20.96,57.88,3.01,316.5,0.0,98.64,12.39
2020-04-12 05:00:00,20.66,59.31,2.74,313.1,0.0,98.69,12.47
2020-04-12 06:00:00,23.1,51.97,3.54,307.6,0.0,98.75,12.73
2020-04-12 07:00:00,25.6,45.81,2.91,293.9,0.0,98.79,13.09
2020-04-12 08:00:00,29.89,35.67,3.57,299.5,0.0,98.82,13.09
2020-04-12 09:00:00,33.2,27.68,5.4,304.1,0.0,98.83,12.09
2020-04-12 10:00:00,34.93,24.4,5.69,300.5,0.0,98.79,11.65
2020-04-12 11:00:00,36.43,21.47,5.69,300.2,0.0,98.71,10.95
2020-04-12 12:00:00,37.57,19.16,5.52,300.8,0.0,98.6,10.19
2020-04-12 13:00:00,38.17,17.66,5.37,301.9,0.0,98.47,9.45
2020-04-12 14:00:00,38.27,16.82,5.5,303.7,0.0,98.37,8.83
2020-04-12 15:00:00,37.63,17.05,5.64,305.7,0.0,98.32,8.5
2020-04-12 16:00:00,36.22,18.25,5.59,307.6,0.0,98.32,8.38
2020-04-12 17:00:00,32.66,25.61,3.7,308.6,0.0,98.36,10.44
2020-04-12 18:00:00,29.12,32.18,3.71,310.1,0.0,98.43,10.86
2020-04-12 19:00:00,28.15,33.12,3.98,310.0,0.0,98.51,10.46
2020-04-12 20:00:00,27.26,34.87,4.03,308.5,0.0,98.57,10.44
2020-04-12 21:00:00,26.29,37.88,3.91,306.4,0.0,98.58,10.82
2020-04-12 22:00:00,25.04,42.67,3.76,306.1,0.0,98.58,11.51
2020-04-12 23:00:00,24.1,47.47,3.53,307.9,0.0,98.54,12.27
2020-04-13 00:00:00,23.37,51.7,3.29,309.4,0.0,98.49,12.89
2020-04-13 01:00:00,22.78,55.08,3.1,309.5,0.0,98.45,13.34
2020-04-13 02:00:00,22.2,58.15,2.8,307.6,0.0,98.42,13.63
2020-04-13 03:00:00,21.64,60.95,2.6,303.4,0.0,98.4,13.81
2020-04-13 04:00:00,21.23,63.2,2.55,297.9,0.0,98.44,13.98
2020-04-13 05:00:00,21.11,64.32,2.47,293.1,0.0,98.49,14.14
2020-04-13 06:00:00,23.9,55.33,3.24,290.2,0.0,98.55,14.43
2020-04-13 07:00:00,26.8,47.7,2.38,284.9,0.0,98.6,14.81
2020-04-13 08:00:00,32.37,33.2,2.99,303.7,0.0,98.62,14.17
2020-04-13 09:00:00,35.43,27.5,3.42,310.5,0.0,98.62,13.89
2020-04-13 10:00:00,37.13,24.7,3.56,309.2,0.0,98.57,13.67
2020-04-13 11:00:00,38.4,22.28,3.95,306.1,0.0,98.49,13.15
2020-04-13 12:00:00,39.26,20.68,4.45,304.9,0.0,98.39,12.71
2020-04-13 13:00:00,39.64,19.72,4.94,304.9,0.0,98.28,12.31
2020-04-13 14:00:00,39.37,19.55,5.55,305.7,0.0,98.19,11.94
2020-04-13 15:00:00,38.44,20.24,6.09,307.7,0.0,98.14,11.72
2020-04-13 16:00:00,37.41,21.57,6.4,309.9,0.0,98.14,11.83
2020-04-13 17:00:00,34.88,26.84,4.82,312.1,0.0,98.19,13.04
2020-04-13 18:00:00,31.2,35.72,3.8,314.5,0.0,98.25,14.28
2020-04-13 19:00:00,30.04,39.18,3.69,319.0,0.0,98.3,14.68
2020-04-13 20:00:00,29.13,42.15,3.67,325.9,0.0,98.34,15.0
2020-04-13 21:00:00,28.31,44.91,3.63,332.6,0.0,98.37,15.25
2020-04-13 22:00:00,27.33,48.46,3.27,339.6,0.0,98.39,15.54
2020-04-13 23:00:00,26.52,51.58,2.88,346.7,0.0,98.38,15.76
2020-04-14 00:00:00,26.14,53.15,2.55,354.6,0.0,98.36,15.89
2020-04-14 01:00:00,26.32,52.72,2.08,3.6,0.0,98.35,15.92
2020-04-14 02:00:00,26.75,52.02,1.63,15.7,0.0,98.35,16.08
2020-04-14 03:00:00,27.0,51.26,1.25,27.2,0.0,98.35,16.08
2020-04-14 04:00:00,26.9,51.54,0.92,26.6,0.0,98.39,16.08
2020-04-14 05:00:00,26.53,53.61,0.79,359.3,0.0,98.45,16.34
2020-04-14 06:00:00,26.85,53.75,1.0,336.5,0.0,98.53,16.67
2020-04-14 07:00:00,27.52,49.21,1.33,332.3,0.0,98.59,15.95
2020-04-14 08:00:00,29.93,43.0,0.94,323.3,0.0,98.63,16.01
2020-04-14 09:00:00,35.28,29.33,1.05,292.9,0.0,98.66,14.76
2020-04-14 10:00:00,37.7,24.49,1.55,290.0,0.0,98.62,14.0
2020-04-14 11:00:00,39.02,22.12,1.59,282.4,0.0,98.55,13.54
2020-04-14 12:00:00,39.9,20.46,1.76,279.5,0.0,98.46,13.08
2020-04-14 13:00:00,40.26,19.55,1.75,277.6,0.0,98.34,12.68
2020-04-14 14:00:00,40.23,19.1,1.85,273.1,0.0,98.26,12.31
2020-04-14 15:00:00,39.66,19.17,2.06,263.9,0.0,98.22,11.89
2020-04-14 16:00:00,38.57,20.09,2.1,251.4,0.0,98.2,11.72
2020-04-14 17:00:00,35.67,33.14,1.32,240.5,0.0,98.23,16.79
2020-04-14 18:00:00,33.58,33.08,1.33,232.4,0.0,98.29,15.07
2020-04-14 19:00:00,32.61,32.74,1.23,232.6,0.0,98.37,14.13
2020-04-14 20:00:00,31.68,32.12,1.21,247.1,0.0,98.44,12.97
2020-04-14 21:00:00,30.5,32.9,1.33,272.2,0.0,98.5,12.3
2020-04-14 22:00:00,29.07,37.06,1.56,293.8,0.0,98.54,12.92
2020-04-14 23:00:00,28.57,38.23,1.41,318.2,0.0,98.56,12.95
